ymd,jyo,racenum,age,joken,track,kyori,baba,tosu,tan,fuk1,fuk2,fuk3,umaren,umatan,3renpuku,3rentan,wide1,wide2,wide3,y1,y2,y3,y4,y5,y6,y7,y8,y9,y10,y11,y12,y13,y14,y15,y16,y17,y18,winrate,topodds
20250105,7,3,1,703,23,1900,1,16,150,110,180,390,500,690,3120,6480,270,720,1710,6,1,16,3,9,5,12,2,14,8,13,10,7,11,4,15,0,0,0.246,4.5,
20250105,7,12,2,5,11,1600,1,16,1120,280,150,280,2170,5320,8070,49830,830,1870,800,2,5,1,11,8,12,3,7,9,4,13,10,15,6,14,16,0,0,0.208,3.4,
20250105,7,11,2,999,11,1600,1,16,1200,370,240,210,4870,12060,8980,69740,1670,1100,860,6,3,14,11,13,4,10,4,1,2,12,15,9,7,16,8,0,0,0.243,3.9,
20250105,7,10,2,16,23,1200,1,16,470,210,340,1120,2520,4530,53640,195400,1080,4180,6500,1,10,5,11,7,9,13,8,2,6,16,14,4,12,3,15,0,0,0.250,4.7,
20250105,7,8,2,10,23,1200,1,16,4880,990,380,290,25580,55490,46350,441710,6010,3890,1640,16,7,5,2,8,15,14,4,13,1,6,3,12,10,9,11,0,0,0.275,6.3,
20250105,7,7,1,5,11,2000,1,9,570,150,150,110,1960,3830,1050,11520,490,290,270,3,6,5,1,8,4,7,2,9,0,0,0,0,0,0,0,0,0,0.287,1.9,
20250105,7,6,2,5,23,1800,1,16,170,110,150,160,490,770,1200,3020,230,260,570,1,2,4,7,16,3,8,15,5,13,9,6,11,12,14,10,0,0,0.361,1.7,
20250105,7,2,1,703,23,1400,1,16,490,170,180,400,1140,2270,6290,25870,470,1570,1300,6,9,15,1,2,7,16,13,14,4,5,12,8,3,11,10,0,0,0.217,4.7,
20250105,6,12,2,10,24,1200,1,16,730,220,180,210,1240,3080,1930,13670,510,570,540,4,3,1,2,9,8,13,5,10,7,12,11,16,14,6,15,0,0,0.215,3.2,
20250105,6,11,2,999,17,2000,1,18,840,300,310,430,3660,6990,20630,93740,1320,2700,2310,4,7,15,1,12,9,2,8,3,6,14,10,17,5,13,11,18,16,0.248,4.4,
20250105,6,10,1,999,18,1600,1,15,180,120,180,600,600,890,6220,14510,310,1470,2470,1,2,15,10,6,3,8,5,4,11,7,9,12,13,14,0,0,0,0.313,1.8,
20250105,6,9,2,16,24,1800,1,16,1380,460,1730,790,42080,68500,183380,1218070,9040,3000,19440,11,7,5,1,9,12,6,8,16,4,13,3,15,2,14,10,0,0,0.214,4.3,
20250105,7,9,2,10,11,2200,1,11,320,140,280,110,2770,3970,1430,9720,760,220,570,3,7,1,4,2,9,5,10,6,0,8,0,0,0,0,0,0,0,0.359,1.9,
20250105,6,8,2,10,18,1200,1,16,420,190,310,260,2930,4960,6230,29480,940,710,1190,7,4,1,15,8,2,3,10,5,14,11,9,16,13,12,6,0,0,0.276,2.9,
20250105,6,7,2,5,24,1800,1,16,3080,810,290,1170,11820,27400,109310,627320,3270,14690,3930,7,5,9,12,14,4,13,16,2,6,8,15,11,1,3,10,0,0,0.122,12.5,
20250105,6,5,1,703,18,1600,1,16,720,320,180,270,2430,4180,9070,44520,950,1640,990,9,5,4,11,3,1,16,2,10,14,6,8,7,12,15,13,0,0,0.286,2.2,
20250105,6,4,2,5,24,2400,1,16,570,260,410,710,4740,8460,32890,142530,1470,3310,2870,8,12,1,2,11,16,13,10,5,7,9,4,3,6,14,15,0,0,0.249,1.8,
20250105,6,2,1,703,24,1800,1,16,730,210,230,230,2300,4210,4280,24430,660,660,810,5,1,10,3,2,4,13,16,8,6,14,15,12,7,11,9,0,0,0.203,2.3,
20250105,6,1,1,703,24,1200,1,16,250,120,280,1980,1510,2330,50260,126370,530,4260,11210,1,4,5,3,2,8,15,10,11,9,6,12,14,7,13,16,0,0,0.203,2.5,
20250106,7,2,1,703,23,1200,1,16,280,130,180,230,1040,1800,2490,8070,420,450,830,1,2,3,4,13,5,7,15,9,16,8,11,14,6,10,12,0,0,0.182,2.8,
20250106,7,4,1,5,23,1800,1,12,5570,2040,1510,1300,21280,63020,72310,732860,3660,3580,2690,7,3,9,2,4,8,11,5,6,12,10,1,0,0,0,0,0,0,0.296,1.1,
20250106,7,5,1,703,11,2000,1,18,460,230,740,640,7070,9650,33440,169940,2440,1800,5540,7,5,10,6,1,14,3,15,4,8,11,12,2,13,18,9,17,16,0.236,2.9,
20250106,7,6,1,703,11,1400,1,18,740,220,140,760,1020,2640,10600,53040,420,2970,1900,2,15,12,8,11,10,9,3,1,7,18,16,13,6,14,4,5,17,0.242,2.4,
20250106,7,7,2,5,23,1800,1,16,1410,290,590,110,31590,77730,15570,239740,6360,440,2020,3,1,10,4,5,9,16,7,6,8,15,11,13,2,14,12,0,0,0.286,1.8,
20250106,7,8,2,5,23,1400,1,16,510,160,170,120,2080,3790,1380,11380,650,300,310,3,1,4,2,8,12,14,5,11,10,13,7,15,6,16,9,0,0,0.266,2.1,
20250106,7,9,2,10,23,1800,1,16,510,200,740,210,13220,19030,16550,128700,3360,710,2150,9,1,15,3,5,10,7,12,4,14,11,2,13,6,16,8,0,0,0.206,3.3,
20250106,6,1,1,703,24,1200,1,16,470,190,560,310,3570,6030,8850,37560,1150,590,2280,5,1,10,14,4,2,6,13,7,3,8,16,12,15,9,11,0,0,0.278,2.6,
20250106,6,2,1,703,24,1800,1,16,230,120,140,140,930,1520,670,3580,300,200,380,1,7,2,3,14,13,4,11,6,9,5,12,15,10,8,16,0,0,0.330,2.3,
20250106,6,12,2,5,24,1800,1,16,7910,1570,780,770,51710,136530,253780,1680960,12250,14160,7980,11,13,4,6,9,15,8,1,5,14,3,2,10,0,12,7,0,0,0.211,2.7,
20250106,7,1,1,703,23,1800,1,16,300,160,640,350,4750,6800,18500,75170,1490,770,5010,1,13,4,10,2,3,5,9,11,8,7,16,14,15,12,6,0,0,0.145,3.0,
20250106,6,3,1,703,24,1800,1,16,950,180,110,120,860,2460,670,7860,310,350,170,2,3,1,14,7,12,0,5,11,4,9,6,13,8,15,10,0,0,0.425,1.6,
20250106,6,4,2,5,24,1200,1,16,21190,3200,240,190,46110,152580,91390,1418350,12740,18830,740,3,5,2,12,6,11,8,4,13,10,7,15,9,14,16,1,0,0,0.112,4.3,
20250106,6,6,1,703,17,2000,1,18,4890,850,300,460,21760,71990,84620,852820,6420,5830,2320,7,4,2,10,8,5,12,9,6,3,1,13,17,15,11,16,14,18,0.242,2.0,
20250106,6,7,1,5,17,2000,1,12,3650,470,110,230,1510,9300,4760,72240,920,2970,410,6,2,4,3,5,7,10,12,8,1,9,11,0,0,0,0,0,0,0.267,5.1,
20250106,6,9,2,10,24,1800,1,16,760,230,110,230,910,2500,2950,19550,320,1140,400,2,1,3,7,8,6,9,10,12,13,4,5,0,15,11,14,0,0,0.440,1.9,
20250106,6,10,2,10,17,2000,1,15,410,170,230,180,2200,3440,3140,17680,770,510,630,5,8,1,3,15,2,4,6,9,13,14,11,7,12,10,0,0,0,0.201,3.8,
20250106,6,11,2,16,18,1200,1,16,250,140,370,250,2250,3500,4760,20670,930,430,1860,1,2,15,3,16,10,9,8,6,4,5,11,14,7,13,12,0,0,0.219,2.5,
20250106,7,11,2,999,11,3000,2,17,340,160,180,950,610,1190,14670,52080,350,3430,4890,1,2,9,7,14,17,6,12,8,15,5,4,11,10,3,16,13,0,0.283,3.4,
20250106,7,10,2,16,11,2000,2,18,1660,360,170,170,3940,8000,4790,40600,1080,1560,440,2,3,1,8,13,17,6,4,16,9,7,12,18,10,5,14,15,11,0.159,4.5,
20250106,7,12,2,10,11,1600,3,16,560,210,240,570,2530,4860,13560,61060,690,1810,1890,8,15,1,2,4,3,5,10,7,16,14,6,12,11,9,13,0,0,0.412,1.8,
20250111,6,3,1,703,24,1800,2,16,250,130,300,220,1310,1980,3470,11010,460,480,1750,1,4,3,5,9,6,14,15,11,7,10,13,8,16,2,12,0,0,0.144,2.5,
20250111,6,1,1,703,24,1200,2,16,390,180,200,2110,1270,2070,45990,131250,580,6840,9390,1,4,2,14,5,13,3,6,8,7,11,10,12,15,16,9,0,0,0.307,3.9,
20250111,6,6,2,5,24,1800,2,13,230,130,220,280,1160,1720,3100,10400,440,590,1280,3,4,1,5,2,10,6,11,13,7,9,8,12,0,0,0,0,0,0.221,14.8,
20250111,6,7,1,703,18,1600,1,16,3530,670,3240,250,152360,281980,374990,4511240,30590,2840,13090,4,10,11,7,6,8,16,3,1,2,13,9,14,5,12,15,0,0,0.203,17.9,
20250111,6,8,2,5,24,1200,2,16,420,170,150,210,910,1650,1310,6300,380,510,390,6,1,5,2,4,8,12,3,15,7,14,10,9,11,13,16,0,0,0.158,12.0,
20250111,6,9,1,5,24,1800,2,14,280,150,170,310,810,1210,3730,10700,320,1070,810,1,6,2,7,4,3,13,14,5,9,12,10,8,11,0,0,0,0,0.217,2.8,
20250111,6,10,2,10,24,1800,2,16,600,210,160,1070,970,2280,17320,49470,460,3990,3280,10,2,7,5,1,8,12,11,9,16,13,3,15,14,6,4,0,0,0.236,5.5,
20250111,6,11,2,16,18,2200,1,13,380,170,230,140,1940,3160,2210,11740,750,390,550,1,6,7,5,11,3,4,12,2,13,10,9,8,0,0,0,0,0,0.308,3.8,
20250111,6,12,2,10,18,1600,1,10,450,140,130,130,830,2000,730,4820,310,260,260,4,2,8,10,1,7,3,6,5,9,0,0,0,0,0,0,0,0,0.190,6.8,
20250111,7,1,1,703,23,1800,1,16,990,240,290,250,2710,5390,6290,36620,820,820,910,1,12,2,4,11,8,5,7,6,9,3,10,13,16,15,14,0,0,0.162,9.9,
20250111,7,2,1,703,23,1200,1,16,330,170,710,1730,3980,5840,54540,176340,1450,2600,17620,15,8,1,2,6,10,11,14,3,16,4,9,7,13,12,5,0,0,0.184,4.6,
20250111,7,4,2,5,23,1400,1,16,420,170,980,190,12910,19760,23130,167480,3920,550,4150,9,8,1,4,6,7,14,13,3,2,15,16,5,11,10,12,0,0,0.245,10.1,
20250111,7,5,1,703,11,2200,1,18,690,240,2020,210,38180,46000,42090,288400,8670,810,5430,5,3,6,8,4,11,15,14,17,9,12,1,7,10,2,13,18,16,0.224,7.3,
20250111,7,6,1,5,11,1200,1,7,390,220,270,0,880,1650,1180,6900,340,410,530,2,1,6,4,7,5,3,0,0,0,0,0,0,0,0,0,0,0,0.407,5.5,
20250111,7,7,2,5,23,1800,1,16,1900,360,210,170,5030,11790,8020,81330,1420,1250,640,6,7,3,4,2,9,1,10,11,12,15,8,5,13,14,16,0,0,0.223,6.3,
20250111,7,9,2,10,11,2000,1,13,1050,290,180,250,2880,5960,7250,38080,1130,1460,780,8,4,2,11,10,1,3,5,12,6,7,13,9,0,0,0,0,0,0.185,13.4,
20250111,7,10,2,10,23,1800,1,16,130,110,280,170,1230,1240,1940,6400,500,260,1040,1,4,3,5,10,9,2,15,14,11,7,13,12,6,8,16,0,0,0.428,1.3,
20250111,7,11,2,999,23,1400,1,16,320,160,140,290,880,1560,3320,12490,430,820,930,2,5,7,1,11,3,6,16,8,4,10,14,9,13,12,15,0,0,0.210,3.7,
20250111,7,12,1,703,11,1600,1,16,640,230,650,160,13410,21110,9840,71110,3610,470,1570,15,3,7,1,14,12,8,2,4,5,9,11,10,6,13,16,0,0,0.211,8.2,
20250112,6,12,2,10,24,1200,1,16,270,130,170,180,850,1520,1470,4870,400,310,600,2,1,8,3,7,4,12,16,14,10,15,5,9,13,5,11,0,0,0.241,5.4,
20250112,6,1,1,703,24,1200,1,16,200,130,110,260,300,480,1040,3370,170,590,630,1,2,15,12,6,11,10,8,3,9,5,7,4,13,14,16,0,0,0.167,2.0,
20250112,6,2,1,703,24,1800,1,16,120,100,200,120,960,1130,720,2930,320,140,560,1,3,10,12,4,7,7,2,11,14,9,5,16,15,6,13,0,0,0.432,1.2,
20250112,6,3,1,703,24,1200,1,16,3250,770,360,320,12790,35320,47180,380400,3160,3800,1470,8,6,2,9,3,5,1,15,11,7,13,12,14,4,10,16,0,0,0.262,3.2,
20250112,6,5,1,703,17,2000,1,18,810,200,310,140,3760,6970,3410,25140,1280,380,750,2,3,8,11,1,10,4,5,6,18,16,12,7,9,13,15,14,17,0.194,12.5,
20250112,6,6,2,5,24,1200,1,16,1230,320,250,210,4250,8170,9110,54980,1400,1260,1190,9,4,2,5,12,3,1,15,7,14,13,8,6,10,16,11,0,0,0.243,7.8,
20250112,6,7,2,5,18,2200,1,18,200,120,190,240,850,1250,3090,9040,360,510,1280,1,4,2,3,7,13,12,9,18,5,6,11,10,8,15,17,14,16,0.230,2.0,
20250112,6,8,2,5,24,1800,1,16,240,140,180,530,740,1130,8140,20360,380,1150,2930,1,9,2,4,8,5,15,3,13,7,16,10,11,6,14,12,0,0,0.189,2.4,
20250112,6,9,2,10,18,2200,1,14,350,160,180,820,820,1500,9180,28340,320,2300,2440,2,6,1,4,9,14,12,5,11,7,3,8,10,13,0,0,0,0,0.169,5.6,
20250112,6,10,2,999,24,1800,1,16,490,180,160,780,920,2050,10030,46630,380,1970,2840,0,2,10,1,6,5,11,7,3,13,8,12,9,4,14,15,0,0,0.213,11.3,
20250112,6,11,1,999,18,1600,1,16,590,260,240,620,2700,5470,24750,105960,1080,3400,2880,4,2,14,9,10,11,16,12,3,7,1,13,15,8,6,5,0,0,0.213,6.6,
20250112,7,1,1,703,23,1800,1,16,120,100,170,380,510,540,3710,7870,240,780,2220,1,4,2,3,16,11,15,7,13,8,12,10,6,14,5,9,0,0,0.314,1.2,
20250112,7,2,1,703,23,1400,1,16,790,340,2170,1360,54010,67970,616330,3364960,11980,4130,46760,14,12,1,9,6,4,8,13,15,16,10,2,5,3,11,7,0,0,0.177,5.5,
20250112,7,3,1,703,23,1200,1,16,2420,450,140,180,2910,8870,3650,37060,1040,1330,380,3,6,2,4,1,8,16,10,15,7,5,11,14,9,12,13,0,0,0.213,6.8,
20250112,7,6,1,703,11,2000,1,18,5890,1510,550,1390,47280,89820,485380,2145400,12600,19770,7310,0,6,14,5,2,17,10,13,1,9,8,3,4,15,7,12,16,11,0.206,2.9,
20250112,7,7,1,5,23,1400,1,16,3600,610,380,130,16640,43210,16230,197450,4430,950,790,4,3,9,1,5,2,13,14,15,12,11,8,16,7,6,10,0,0,0.265,2.6,
20250112,7,8,2,5,23,1200,1,16,330,160,250,250,1370,2250,5070,19810,520,720,1490,1,12,11,2,6,16,9,7,13,4,5,8,3,10,14,15,0,0,0.242,3.3,
20250112,7,9,2,10,23,1900,1,16,140,110,130,560,310,360,2700,5290,170,840,1980,1,2,6,5,10,7,9,12,14,4,8,16,3,11,15,13,0,0,0.293,1.4,
20250112,7,10,2,16,11,1600,1,16,5010,690,120,210,4720,20770,7500,124770,1460,4060,290,2,3,5,13,12,10,6,4,9,8,7,1,14,16,11,15,0,0,0.295,1.7,
20250112,7,11,2,999,11,1200,1,18,180,120,170,380,490,770,2770,7830,270,740,1400,1,2,7,3,13,10,6,9,5,18,17,12,14,4,15,16,11,8,0.242,1.8,
20250112,7,12,2,5,11,1400,1,18,500,180,140,300,560,1480,2830,12940,290,1100,710,2,5,1,3,7,8,15,4,9,10,12,12,18,11,16,14,6,17,0.281,2.5,
20250113,7,12,2,10,11,1200,1,14,2320,580,200,660,4340,11570,39150,196330,1790,7160,1980,11,9,7,12,3,2,4,13,1,5,8,10,6,14,0,0,0,0,0.195,5.5,
20250113,6,1,1,703,24,1200,1,16,110,100,140,170,290,370,540,1410,170,260,540,1,8,2,10,15,13,4,6,5,11,7,3,16,9,14,12,0,0,0.390,1.1,
20250113,6,2,1,703,24,1800,1,16,400,140,720,160,7800,14030,9700,81280,1550,250,2470,9,1,3,5,7,10,4,12,11,14,13,6,2,8,16,15,0,0,0.243,6.3,
20250113,7,11,1,999,11,1600,1,15,470,210,160,890,950,1790,22830,75000,490,5240,3780,14,4,2,1,15,10,6,11,13,7,5,9,8,12,3,0,0,0,0.196,73.1,
20250113,6,3,1,703,24,1800,1,16,710,240,910,270,11980,16390,29780,169770,2780,1080,4620,4,1,8,10,7,3,6,14,11,12,2,13,9,15,16,5,0,0,0.190,3.9,
20250113,6,6,1,703,18,2200,1,17,380,150,150,200,850,1620,1900,8020,330,460,530,3,9,1,6,4,17,2,13,10,15,8,7,5,12,11,14,16,0,0.181,7.0,
20250113,6,7,1,5,18,1200,1,11,440,140,120,160,500,930,790,3770,210,350,270,3,2,7,5,1,4,11,6,8,9,10,0,0,0,0,0,0,0,0.296,5.2,
20250113,6,8,2,5,24,1800,1,14,340,150,160,990,530,1030,6230,22200,290,1980,2310,1,9,2,10,8,4,11,5,7,12,13,6,3,14,0,0,0,0,0.313,3.4,
20250113,6,9,2,10,24,2400,1,16,480,160,200,260,1250,2250,2790,14580,420,830,780,9,2,1,4,5,3,14,16,7,6,12,8,13,15,11,10,0,0,0.167,4.4,
20250113,6,10,2,16,24,1200,1,16,500,220,1440,680,13560,22200,75180,278930,4020,2110,13590,1,13,14,6,5,15,4,16,10,7,3,11,2,9,12,8,0,0,0.204,5.0,
20250113,7,10,2,16,23,1800,1,16,230,150,260,630,1110,1680,8250,23170,570,1220,2650,1,2,6,4,10,13,8,7,3,5,9,11,0,14,12,15,0,0,0.251,2.3,
20250113,6,11,2,999,18,1600,1,16,250,140,240,250,1290,1920,3200,11720,510,550,1010,4,11,3,1,2,5,12,9,15,8,7,13,14,16,6,10,0,0,0.222,4.4,
20250113,6,12,2,5,18,1600,1,16,580,210,260,160,2720,4050,4220,24650,910,530,800,1,2,7,13,16,4,3,5,10,15,8,12,9,6,14,11,0,0,0.218,5.8,
20250113,7,1,1,703,23,1800,1,16,2700,870,3390,1480,111670,212830,944220,7098460,26110,16180,38830,5,8,4,9,14,7,15,6,11,1,3,12,13,2,10,16,0,0,0.092,7.6,
20250113,7,2,1,703,23,1400,1,16,140,110,370,250,2010,2200,5350,18160,730,440,3070,1,3,4,6,13,10,9,7,12,2,15,11,5,8,16,14,0,0,0.380,1.4,
20250113,7,3,1,703,23,1900,1,16,1060,290,180,360,2330,5550,11860,63090,890,2180,1110,5,4,7,2,13,11,15,16,3,14,1,9,12,6,10,8,0,0,0.229,6.8,
20250113,7,6,2,5,23,1400,1,16,400,160,200,180,1520,2260,3220,19000,580,460,770,1,2,9,11,7,8,5,13,3,4,10,6,12,14,16,15,0,0,0.237,4.0,
20250113,7,7,2,5,11,2200,1,18,1370,360,210,270,3860,8320,12470,61680,1300,1400,1060,5,4,2,1,6,3,11,9,13,15,7,16,18,12,8,10,17,14,0.243,2.3,
20250113,7,8,2,5,23,1900,1,16,390,230,360,810,3880,6030,29900,113950,1730,2440,4590,13,11,15,1,6,14,5,3,4,2,7,12,8,9,10,16,0,0,0.302,4.7,
20250113,7,9,2,10,23,1400,1,16,900,240,180,200,1920,4840,4520,36180,700,990,540,3,2,8,7,1,4,6,10,5,11,16,15,9,14,13,12,0,0,0.162,7.1,
20250118,6,11,2,999,18,1200,1,16,4120,720,180,360,7300,22210,26530,220840,2180,5950,940,12,7,4,5,6,2,1,3,13,10,14,15,16,8,9,11,0,0,0.187,4.0,
20250118,7,12,2,10,11,1600,1,13,370,150,140,350,520,950,3160,13870,240,1000,940,9,1,2,7,6,10,3,4,12,5,13,8,11,0,0,0,0,0,0.539,6.8,
20250118,7,11,2,16,23,1400,1,16,770,210,130,830,900,2460,13290,67260,420,4540,2100,2,1,8,4,16,5,6,13,7,11,12,10,9,3,14,15,0,0,0.394,2.0,
20250118,7,10,1,999,11,1400,1,12,340,150,610,210,5800,9270,9560,57560,1820,390,2640,7,12,6,11,1,3,4,9,8,5,2,10,0,0,0,0,0,0,0.171,20.8,
20250118,7,9,2,10,23,1800,1,16,300,160,1980,500,20360,29190,87140,414430,6510,1200,14370,4,1,11,10,3,5,9,13,7,14,8,15,6,2,12,16,0,0,0.231,3.9,
20250118,7,8,2,5,23,1200,1,16,380,170,240,180,2050,3930,2980,20480,790,400,1090,3,8,1,2,16,14,6,7,5,10,12,11,9,4,13,15,0,0,0.272,4.3,
20250118,7,7,2,5,23,1900,1,12,230,120,200,120,780,1220,740,3940,320,170,480,1,3,5,7,6,10,2,12,4,9,8,11,0,0,0,0,0,0,0.267,2.3,
20250118,7,5,1,703,11,2000,1,18,530,200,450,320,5710,9340,12360,81790,1760,1010,2200,16,4,2,10,12,6,1,9,14,13,7,3,8,18,11,15,17,5,0.190,4.1,
20250118,7,4,1,5,23,1800,1,16,1110,400,390,1130,4970,9380,72290,387310,1820,7120,7220,9,16,6,8,1,15,13,5,3,2,11,7,12,10,4,14,0,0,0.298,4.4,
20250118,7,1,1,703,23,1200,1,16,310,130,150,600,670,1360,6550,23680,320,1300,2310,2,1,5,6,7,4,9,10,14,16,12,11,3,8,15,13,0,0,0.204,3.8,
20250118,6,12,2,5,17,2000,1,16,290,120,180,110,910,1510,440,3730,310,170,290,3,1,16,2,6,4,7,11,13,7,10,5,12,9,15,14,0,0,0.287,2.0,
20250118,6,10,2,16,24,1800,1,16,470,190,160,640,920,2140,9440,32740,410,1880,1920,1,4,2,14,8,9,16,6,5,3,11,7,15,10,13,12,0,0,0.367,4.7,
20250118,6,9,1,5,18,1600,1,16,1210,220,380,110,14780,33130,4370,73880,2760,330,630,6,3,5,11,1,15,4,7,12,2,14,16,10,8,13,9,0,0,0.240,7.2,
20250118,6,8,2,10,24,1200,1,16,1360,410,1370,1670,36430,75870,578870,2925170,9190,9650,34420,12,4,5,14,9,15,8,10,1,16,2,6,11,3,7,13,0,0,0.360,6.2,
20250118,6,7,2,10,24,1800,1,13,1560,410,190,470,2670,7050,9910,49560,780,2590,1010,10,7,6,4,2,12,1,8,11,5,3,13,9,0,0,0,0,0,0.386,3.1,
20250118,6,6,2,5,24,1200,1,16,750,200,190,260,1610,3760,7320,41830,610,1060,1000,1,8,3,4,2,13,7,6,9,11,5,15,12,10,14,16,0,0,0.171,7.5,
20250118,6,5,1,703,17,2000,1,18,3080,600,230,110,13000,30350,6340,104540,2980,1060,390,1,3,8,6,14,5,4,18,2,15,10,11,9,16,13,7,12,17,0.264,30.8,
20250118,6,2,1,703,24,1800,1,16,360,130,210,140,1080,2250,1440,8030,380,270,500,9,1,5,3,13,10,2,6,4,16,7,8,12,14,11,15,0,0,0.195,3.4,
20250118,6,1,1,703,24,1200,1,16,160,110,240,130,1090,1770,1470,5180,470,180,890,1,5,6,9,13,16,2,4,7,12,3,8,10,15,14,11,0,0,0.322,1.6,
20250119,7,1,1,703,23,1200,1,16,390,180,350,300,3230,5010,9550,49290,1200,810,2570,1,4,2,3,10,8,5,6,16,14,9,13,12,15,7,11,0,0,0.157,3.9,
20250119,6,3,1,703,24,1800,1,16,380,170,170,680,980,1990,9320,40980,410,2330,2170,1,7,15,16,5,6,4,2,8,11,9,12,14,10,13,3,0,0,0.272,3.8,
20250119,6,6,1,5,24,1200,1,16,380,200,560,220,3620,5920,5080,28940,1070,390,1590,5,8,3,7,4,1,6,14,13,2,9,11,16,10,12,15,0,0,0.221,2.1,
20250119,6,7,2,5,24,1800,1,13,130,110,300,320,900,1050,3120,9060,390,490,2300,1,11,5,4,6,2,13,7,8,12,3,10,9,0,0,0,0,0,0.687,1.3,
20250119,6,8,2,10,17,1800,1,14,740,270,190,250,3130,5310,7460,37990,890,1090,800,1,7,3,8,11,4,5,2,6,9,14,12,13,10,0,0,0,0,0.259,7.4,
20250119,6,9,2,16,18,1600,1,12,420,160,1090,280,12190,18650,24450,140330,3130,730,4790,3,8,5,1,7,6,4,12,11,10,2,9,0,0,0,0,0,0,0.281,8.1,
20250119,6,10,2,999,24,1200,1,16,19510,2030,130,240,24150,80760,52280,644590,6540,15160,530,8,3,7,2,4,16,5,13,9,6,14,11,15,12,10,1,0,0,0.232,3.3,
20250119,6,11,1,999,17,2000,1,14,4940,960,490,980,35970,77110,209730,1727970,7430,9500,5490,4,6,13,3,5,10,2,1,12,8,11,14,7,9,0,0,0,0,0.141,3.1,
20250119,6,12,1,703,18,1600,1,16,430,180,1090,220,14790,23840,32420,233250,4240,720,5730,11,12,1,6,9,4,10,7,16,13,14,5,2,3,15,8,0,0,0.392,4.1,
20250119,6,1,1,703,24,1200,1,16,190,110,760,150,7550,9840,6450,33540,1820,220,3040,1,3,14,4,15,10,9,5,8,2,7,11,16,13,6,12,0,0,0.293,1.9,
20250119,7,2,1,703,23,1800,1,13,520,180,330,250,3290,5360,7650,44360,530,640,1550,1,4,5,11,3,8,10,6,7,13,2,12,9,0,0,0,0,0,0.384,5.2,
20250119,7,3,1,703,23,1400,1,16,500,160,260,140,2970,5520,3140,23450,830,410,710,1,9,2,3,15,12,14,4,11,8,7,5,13,10,6,16,0,0,0.164,5.0,
20250119,7,4,1,703,23,1900,1,10,250,110,110,170,170,440,670,2310,110,350,410,2,1,10,8,6,4,9,3,5,7,0,0,0,0,0,0,0,0,0.449,1.6,
20250119,7,6,1,5,23,1200,1,10,940,270,620,290,10140,17480,27880,190570,3140,1150,2710,10,2,7,6,3,5,9,1,4,8,0,0,0,0,0,0,0,0,0.206,6.6,
20250119,7,7,2,5,23,1800,1,10,530,140,110,120,580,1440,810,4680,210,380,200,2,8,3,1,4,7,9,6,5,10,0,0,0,0,0,0,0,0,0.318,2.0,
20250119,7,8,2,5,23,1400,1,16,260,150,1020,580,6220,9620,37310,137420,1820,1160,11970,1,4,9,14,6,3,7,5,10,7,16,11,2,13,15,12,0,0,0.260,2.6,
20250119,7,9,2,10,11,2000,1,11,310,150,190,220,1310,1820,2260,8170,430,520,590,2,5,8,6,1,4,3,7,9,10,11,0,0,0,0,0,0,0,0.194,7.8,
20250119,7,10,2,10,23,1200,1,16,180,120,480,220,1560,2070,4530,14070,760,380,2210,10,1,4,8,16,2,5,9,7,13,6,11,15,3,14,12,0,0,0.169,12.7,
20250119,7,11,2,999,11,2200,1,16,720,280,190,350,2170,4690,9140,44500,850,1390,1170,14,1,4,13,8,6,15,16,11,2,10,9,3,5,7,12,0,0,0.239,8.2,
20250119,7,12,2,5,11,1600,1,16,1200,330,700,210,16650,31200,16150,145280,3410,680,1820,4,8,7,3,5,11,1,14,6,2,9,15,10,12,16,13,0,0,0.307,2.7,
20250119,6,2,1,703,24,1800,1,16,130,100,140,160,350,490,470,1590,180,220,410,1,2,16,11,15,14,13,7,3,12,4,10,8,9,6,5,0,0,0.362,1.3,
20250125,10,7,2,5,17,2600,1,16,440,200,370,1260,3670,5130,31710,145880,1320,3330,6250,5,4,1,7,14,8,11,2,9,3,10,12,13,6,16,15,0,0,0.144,6.9,
20250125,10,8,2,5,24,1700,1,16,810,270,220,780,3290,6180,26560,132190,1080,3370,2680,6,2,11,7,1,12,5,16,9,13,3,8,10,15,4,14,0,0,0.216,3.3,
20250125,6,1,1,703,24,1200,1,16,460,150,140,110,1270,2430,850,6380,430,270,240,4,7,2,3,8,14,5,6,16,13,12,1,11,15,9,10,0,0,0.191,72.8,
20250125,6,2,1,703,24,1800,1,16,290,120,110,120,370,710,390,1910,170,230,190,1,2,3,12,0,7,4,5,15,9,10,14,11,13,6,8,0,0,0.472,2.9,
20250125,6,3,1,703,24,1200,1,16,3660,600,170,200,5990,15670,6240,77600,1620,2080,450,3,4,12,5,2,11,13,16,1,8,6,10,14,7,15,9,0,0,0.169,4.6,
20250125,6,7,2,5,24,1200,1,16,660,210,160,180,1450,3940,3180,19680,520,710,530,2,1,7,4,3,12,15,6,9,5,13,11,10,8,16,14,0,0,0.191,3.9,
20250125,6,8,2,5,24,1800,1,16,180,120,330,270,1650,2540,5530,18410,640,470,2420,1,8,3,7,4,9,6,2,5,11,14,16,13,15,12,10,0,0,0.262,1.8,
20250125,6,9,2,10,18,1600,1,10,240,130,420,180,5610,7210,6890,43420,1340,300,2400,7,1,6,3,5,10,9,2,4,8,0,0,0,0,0,0,0,0,0.242,6.2,
20250125,6,10,2,10,24,1800,1,13,330,140,480,110,5260,7340,2480,23070,1280,210,880,1,3,6,10,4,5,2,13,8,9,7,12,11,0,0,0,0,0,0.557,3.3,
20250125,6,11,2,16,17,2000,1,17,340,170,880,530,7820,11380,49100,208300,2910,1470,8780,12,11,1,13,7,16,8,14,5,3,10,2,15,9,4,6,17,0,0.265,2.7,
20250125,10,11,2,999,17,2000,1,18,680,390,300,380,4810,5960,16680,61330,1450,2180,1670,1,4,7,16,3,14,9,10,13,11,6,15,1,12,8,17,5,18,0.157,7.8,
20250125,10,12,2,5,17,1800,1,16,260,150,290,130,2330,2460,2270,7740,950,280,740,1,6,3,12,4,5,2,7,10,7,15,13,11,14,9,16,0,0,0.204,2.6,
20250125,10,9,1,5,17,1200,1,12,1440,310,120,390,960,2980,4420,28410,440,2190,760,10,1,5,6,2,8,11,3,4,9,7,12,0,0,0,0,0,0,0.226,13.8,
20250125,6,12,1,703,18,1600,1,16,1350,290,130,170,1400,4510,2040,22870,630,970,290,2,4,3,10,6,16,14,1,13,15,11,12,8,7,9,5,0,0,0.286,2.1,
20250125,7,1,1,703,23,1200,1,16,120,110,200,260,540,640,2370,5980,280,380,2010,1,3,6,15,8,10,2,7,11,5,4,9,12,13,0,14,0,0,0.439,1.2,
20250125,7,2,1,703,23,1800,1,16,440,370,420,1300,900,2020,4960,24770,290,1160,1130,13,2,9,14,12,5,15,8,1,7,0,3,11,10,4,6,0,0,0.360,1.5,
20250125,7,5,1,703,11,1400,1,18,260,120,140,240,580,1190,2260,8000,260,530,640,1,5,6,2,3,10,11,12,4,9,15,18,8,16,13,14,17,7,0.357,2.6,
20250125,7,6,1,703,11,1600,1,16,430,190,170,260,1350,2200,4780,19650,710,750,980,2,14,7,4,12,9,16,3,15,10,1,5,13,6,11,8,0,0,0.171,4.9,
20250125,7,7,2,5,23,1800,1,15,340,140,120,130,400,960,720,3510,230,290,250,2,3,6,1,5,15,14,9,10,8,7,13,4,11,12,0,0,0,0.280,2.3,
20250125,7,8,2,10,23,1400,1,16,330,150,210,210,890,1630,2040,8800,370,460,820,4,2,1,11,16,3,10,5,9,6,13,15,7,14,12,8,0,0,0.190,3.7,
20250125,7,9,1,999,11,2000,1,10,230,120,130,180,440,580,980,3180,210,340,430,8,1,2,6,3,10,5,7,4,9,0,0,0,0,0,0,0,0,0.265,6.5,
20250125,10,10,2,10,24,1700,1,16,3120,410,130,200,2000,6490,4330,37850,800,2150,400,13,9,11,14,5,3,2,16,8,6,7,1,10,15,12,4,0,0,0.186,14.8,
20250125,7,10,2,10,23,1800,1,13,190,120,800,190,3470,5820,8360,39810,1450,380,3930,1,7,4,11,2,3,13,6,8,10,12,9,5,0,0,0,0,0,0.502,1.9,
20250125,7,11,2,16,23,1900,1,14,210,120,150,180,580,860,1550,3950,270,430,550,5,2,9,1,12,8,3,7,14,10,6,4,11,13,0,0,0,0,0.251,5.3,
20250125,7,12,2,5,11,2000,1,12,170,110,220,230,960,1410,2790,7230,370,420,1460,1,3,4,6,7,2,5,8,9,10,11,12,0,0,0,0,0,0,0.394,1.7,
20250125,10,2,1,703,17,1200,1,17,1130,360,420,1340,3780,8960,28720,116650,1060,3010,4690,5,1,9,15,12,8,11,14,4,2,7,13,6,16,3,10,17,0,0.413,1.8,
20250126,10,7,1,703,17,1800,1,14,690,250,640,330,13560,15210,39600,155870,3620,1540,3020,1,9,14,7,4,12,3,10,5,2,11,8,13,6,0,0,0,0,0.320,6.9,
20250126,6,1,1,703,24,1200,1,16,140,110,410,990,1420,1720,15080,35320,730,1500,7560,1,5,11,6,10,13,14,9,3,2,4,8,15,12,7,16,0,0,0.298,1.4,
20250126,7,2,1,703,23,1400,1,16,220,120,180,960,780,1070,13530,35720,300,3010,4980,2,1,4,12,13,3,7,11,6,9,16,10,5,8,14,15,0,0,0.204,8.6,
20250126,6,3,1,703,24,1800,1,15,140,110,910,120,3490,4410,3880,14140,1350,150,3360,1,3,4,12,6,10,13,7,11,15,2,8,5,9,14,0,0,0,0.233,1.4,
20250126,6,5,1,703,18,2200,1,18,160,110,130,110,400,610,320,1290,170,140,290,1,3,5,2,6,4,7,10,11,8,17,9,15,14,13,18,16,12,0.522,1.6,
20250126,6,6,2,5,24,1800,1,16,410,190,160,330,950,1990,4630,17700,460,1330,840,2,1,15,7,6,8,13,10,3,5,0,4,9,12,14,11,0,0,0.191,3.9,
20250126,6,7,2,10,17,1800,1,11,260,140,220,300,1250,2010,6040,20930,520,790,2400,5,1,2,10,4,9,7,0,3,6,8,0,0,0,0,0,0,0,0.172,11.5,
20250126,6,8,2,10,24,1200,1,14,300,140,160,600,540,1140,6990,22180,300,2210,2510,1,2,5,14,10,3,4,12,6,7,9,8,13,11,0,0,0,0,0.252,3.0,
20250126,7,10,2,16,11,1400,1,14,1240,310,210,130,6310,13430,4020,43670,1860,740,370,2,3,4,7,13,6,10,1,5,9,8,14,11,12,0,0,0,0,0.225,7.6,
20250126,7,11,2,999,23,1800,1,16,970,250,130,160,1080,3160,1240,10680,440,600,270,3,2,7,5,13,8,6,12,1,16,14,4,10,15,11,9,0,0,0.286,4.7,
20250126,7,12,2,10,11,1400,1,13,640,200,150,250,1380,3230,3730,21500,520,1220,580,1,2,7,13,8,5,11,6,10,9,4,3,12,0,0,0,0,0,0.242,6.4,
20250126,10,1,1,703,24,1700,1,13,190,110,200,880,810,1230,12000,29440,380,1800,4770,1,6,7,9,13,10,2,8,5,3,12,11,4,0,0,0,0,0,0.296,1.9,
20250126,10,2,1,703,17,1200,1,17,220,110,170,110,1360,1710,880,4430,360,140,390,1,3,2,10,15,14,17,12,7,8,11,16,5,4,6,9,13,0,0.274,2.2,
20250126,10,3,2,5,24,1000,1,14,570,220,150,220,1340,2700,3010,18480,580,920,550,3,6,2,12,1,4,7,13,8,9,10,5,11,14,0,0,0,0,0.135,5.8,
20250126,10,12,2,5,24,1700,1,11,590,210,540,170,5870,9600,8500,49410,1690,620,1710,6,5,1,3,2,10,9,4,11,7,8,0,0,0,0,0,0,0,0.314,2.3,
20250126,10,11,2,16,17,1800,1,12,350,180,200,960,1260,2060,24720,82530,500,3980,3680,1,4,9,2,7,5,6,10,3,11,8,12,0,0,0,0,0,0,0.312,3.5,
20250126,10,10,2,10,17,2600,1,16,700,240,3340,180,42400,80910,72370,459780,10810,630,8750,8,3,9,1,4,2,6,15,7,12,10,14,16,11,13,5,0,0,0.130,2.1,
20250126,10,9,2,5,17,1200,1,18,270,150,520,390,3550,7080,19600,79470,1130,800,7460,1,8,17,9,6,18,5,15,14,7,10,16,12,3,4,2,11,13,0.287,2.7,
20250126,10,8,2,5,24,2400,1,13,990,410,800,930,21090,26460,123970,445870,5440,8180,7280,9,7,12,8,6,10,5,13,4,2,3,1,11,0,0,0,0,0,0.166,4.2,
20250126,10,6,1,703,17,2000,1,17,530,200,250,690,1870,3650,9760,49520,680,1720,2180,4,7,1,17,14,16,3,13,6,2,11,12,8,9,10,5,15,0,0.243,20.7,
20250126,6,9,1,5,17,1800,1,11,300,110,120,160,550,1080,1080,4420,210,330,420,2,1,4,3,7,5,8,6,10,9,11,0,0,0,0,0,0,0,0.421,2.8,
20250126,6,10,2,16,24,1200,1,15,1810,400,180,450,4390,11530,13690,98480,1170,3170,1130,10,13,2,15,14,4,1,3,6,7,11,9,5,12,8,0,0,0,0.221,2.2,
20250126,6,11,2,999,18,2200,1,18,260,140,390,230,2910,3770,5660,24660,900,450,1680,12,1,10,3,7,16,6,13,15,4,5,9,18,2,14,17,8,11,0.291,2.9,
20250126,6,12,2,5,18,1600,1,14,350,140,130,120,700,1340,590,3460,270,250,230,3,1,2,5,12,14,9,11,6,4,13,7,10,8,0,0,0,0,0.504,2.6,
20250126,7,1,1,703,23,1800,1,11,470,240,310,1870,1430,2820,16050,55030,520,2380,2740,8,5,1,2,6,4,3,0,7,10,9,0,0,0,0,0,0,0,0.405,1.7,
20250126,7,4,1,5,23,1800,1,8,2190,250,130,120,3670,9050,2070,27700,780,710,180,5,2,3,6,1,4,0,7,0,0,0,0,0,0,0,0,0,0,0.239,4.7,
20250126,7,6,1,703,11,2200,1,16,500,160,130,170,1120,2440,2250,10850,390,780,310,1,2,3,12,11,6,16,4,8,7,15,5,10,14,13,9,0,0,0.172,5.0,
20250126,7,7,2,5,23,1200,1,16,380,160,170,880,1150,2290,13530,48990,390,2050,3850,4,2,13,1,6,3,7,10,11,14,16,5,12,8,9,15,0,0,0.307,2.1,
20250126,7,8,2,5,23,1800,1,13,150,110,130,200,300,430,980,2180,150,320,610,1,12,2,13,6,3,10,5,4,7,9,11,8,0,0,0,0,0,0.487,1.5,
20250126,7,9,2,10,11,2000,1,9,250,110,120,110,470,840,360,1770,170,160,200,1,3,2,4,5,7,8,9,6,0,0,0,0,0,0,0,0,0,0.260,2.5,
20250201,10,8,2,5,17,1800,2,16,1330,290,290,220,5680,10310,9900,74760,1760,1040,1040,9,3,15,5,1,2,7,16,8,4,14,6,10,13,11,12,0,0,0.308,4.7,
20250201,8,11,2,16,24,1800,1,12,160,110,140,170,490,610,980,2170,220,320,550,1,3,6,2,7,10,9,11,5,8,4,12,0,0,0,0,0,0,0.279,1.6,
20250201,10,12,2,5,17,1200,3,18,1360,440,940,230,28430,48690,59150,492910,7940,1740,3240,3,11,14,13,8,6,15,1,9,4,16,5,17,10,7,2,18,12,0.179,4.7,
20250201,8,7,1,5,24,1200,1,8,200,120,420,500,1590,2050,6780,16570,620,620,2070,6,1,7,4,2,5,8,3,0,0,0,0,0,0,0,0,0,0,0.390,2.8,
20250201,10,11,2,16,17,1200,3,18,610,210,1380,550,24460,42090,171800,947740,7150,2460,15320,17,1,13,4,3,12,10,18,15,7,6,5,14,16,9,2,8,11,0.226,6.3,
20250201,10,6,1,703,17,1200,2,18,9200,1300,170,3250,13490,38430,343010,1473060,3730,72620,9180,6,2,8,11,5,12,13,14,15,9,10,4,3,1,16,7,18,17,0.123,14.1,
20250201,8,8,2,5,24,1400,1,16,210,140,770,230,4810,6410,8320,33970,1550,400,4450,3,0,1,7,4,9,11,15,13,6,5,10,8,2,12,14,0,0,0.139,7.8,
20250201,8,10,2,10,18,2400,1,10,430,160,140,380,750,1660,4160,22100,350,1390,750,6,2,1,4,7,8,5,3,9,10,0,0,0,0,0,0,0,0,0.289,4.2,
20250201,5,10,1,999,11,1400,1,7,450,180,160,0,420,990,290,2610,150,180,130,1,2,3,6,4,5,7,0,0,0,0,0,0,0,0,0,0,0,0.332,4.5,
20250201,5,9,2,16,23,1600,1,16,810,240,160,210,1560,3890,3890,27460,600,920,610,15,1,3,14,2,4,6,11,5,12,8,13,10,7,9,16,0,0,0.168,16.0,
20250201,5,12,2,5,11,1800,1,16,5240,530,110,150,3830,13570,5070,75540,1050,2160,220,2,3,9,7,5,4,10,14,8,16,6,11,1,15,12,13,0,0,0.485,1.8,
20250201,5,8,2,10,23,2100,1,11,690,410,470,690,1980,4830,7450,36080,720,1020,1370,8,4,7,5,3,1,6,2,11,9,10,0,0,0,0,0,0,0,0.256,1.9,
20250201,5,11,2,999,11,2000,1,13,550,280,210,330,2470,4000,11060,45020,1070,1840,1180,11,3,2,8,6,4,12,1,7,10,5,13,9,0,0,0,0,0,0.178,7.8,
20250201,5,7,2,5,23,1400,1,16,350,160,180,220,950,1640,2150,9530,420,650,610,13,2,3,9,12,1,7,10,4,6,15,5,8,14,11,16,0,0,0.224,4.6,
20250201,5,3,1,703,23,1600,1,16,1080,420,390,4390,8030,14840,256170,1470370,2330,30200,11410,14,13,7,6,2,4,1,5,10,8,11,9,12,3,15,16,0,0,0.205,3.2,
20250201,5,4,1,5,23,1600,1,13,170,110,180,400,740,930,4580,8340,310,860,1620,4,1,12,2,5,6,8,11,9,10,7,3,13,0,0,0,0,0,0.261,3.8,
20250201,5,6,1,703,11,1800,1,16,1210,320,170,410,2940,8210,14840,113850,940,2760,1190,5,6,8,1,2,4,11,16,3,13,10,12,15,7,14,9,0,0,0.175,3.3,
20250201,8,6,1,703,18,1800,1,10,510,170,110,300,500,1480,2360,12730,250,980,630,4,1,9,2,3,10,5,7,8,6,0,0,0,0,0,0,0,0,0.260,3.3,
20250201,10,1,1,703,24,1000,1,14,700,240,170,200,1890,4320,3740,19560,660,660,720,1,3,13,7,2,12,5,6,10,4,11,14,9,8,0,0,0,0,0.210,7.0,
20250201,10,2,1,703,17,2000,1,15,410,140,150,260,840,1920,2820,14420,290,790,650,2,1,5,6,14,9,3,11,4,12,7,15,8,10,13,0,0,0,0.152,3.5,
20250201,10,7,1,703,17,2000,2,12,200,120,170,180,840,1210,2030,7360,350,310,860,1,4,6,5,12,11,7,3,2,8,9,10,0,0,0,0,0,0,0.279,2.0,
20250201,5,2,1,703,23,2100,1,14,650,190,170,190,1220,2640,2130,15500,480,790,330,3,13,6,11,12,5,2,14,9,1,4,7,8,10,0,0,0,0,0.124,5.9,
20250201,10,3,2,5,24,1700,1,16,500,200,310,320,2820,4840,8210,37060,840,930,1700,3,10,4,1,2,16,6,7,13,5,12,8,15,9,14,11,0,0,0.169,16.1,
20250201,10,10,2,10,24,1000,3,14,140,110,360,240,1460,2070,6060,20370,610,450,3930,1,9,4,3,12,5,10,14,7,8,6,2,11,13,0,0,0,0,0.417,1.4,
20250201,10,9,2,10,24,1700,2,16,580,190,230,180,1320,2340,4900,12370,890,580,950,5,11,2,1,4,15,16,7,10,6,8,12,2,9,13,14,0,0,0.154,3.5,
20250201,8,2,1,703,24,1800,1,9,1040,220,190,140,3000,6750,3040,31430,910,510,380,4,3,2,7,5,8,9,1,6,0,0,0,0,0,0,0,0,0,0.191,5.2,
20250201,8,9,1,5,17,1600,1,8,350,130,130,210,500,1120,1280,5010,180,350,460,1,4,2,3,7,6,8,5,0,0,0,0,0,0,0,0,0,0,0.342,3.5,
20250201,8,12,2,10,18,1600,1,8,320,170,260,310,1110,1950,1480,6800,290,350,390,4,2,1,3,7,5,6,8,0,0,0,0,0,0,0,0,0,0,0.258,2.0,
20250202,8,2,1,703,24,1200,2,12,260,110,140,130,550,960,580,3220,220,210,290,1,4,2,3,5,12,10,9,7,11,6,8,0,0,0,0,0,0,0.262,2.6,
20250202,8,7,2,5,24,1800,2,13,7610,1230,280,130,23050,56120,14420,202360,5140,2520,460,3,6,13,5,2,9,8,7,1,11,12,4,10,0,0,0,0,0,0.319,2.3,
20250202,8,4,1,5,24,1400,2,7,160,110,150,0,380,540,610,1780,170,210,360,1,7,2,3,4,5,6,0,0,0,0,0,0,0,0,0,0,0,0.375,1.6,
20250202,8,10,2,16,18,2200,2,7,470,160,110,0,270,760,720,3710,160,440,240,2,4,1,3,5,6,7,0,0,0,0,0,0,0,0,0,0,0,0.399,1.5,
20250202,8,12,2,5,18,1400,2,18,1590,430,290,150,6760,15050,8740,76500,2210,1180,670,3,2,7,4,0,15,17,1,16,6,10,11,5,13,8,12,14,9,0.226,2.7,
20250202,10,2,1,703,17,1200,3,16,440,170,230,170,2000,3190,3160,14580,660,490,710,6,1,2,3,9,4,8,10,11,7,13,5,15,14,16,12,0,0,0.157,10.1,
20250202,10,8,1,5,24,1700,3,8,1870,320,180,140,4610,9530,2820,34230,1240,480,350,4,2,5,8,6,3,1,7,0,0,0,0,0,0,0,0,0,0,0.468,2.6,
20250202,10,10,2,10,17,1200,2,18,880,300,180,510,2390,5750,20950,107050,950,3610,2120,5,6,1,4,8,2,7,12,17,10,3,16,9,13,11,15,14,18,0.150,4.6,
20250202,10,3,2,5,24,1000,4,14,3220,730,200,370,4500,11060,24340,165820,1390,5100,900,2,9,14,13,4,5,7,10,3,11,12,1,6,8,0,0,0,0,0.246,3.9,
20250202,10,9,2,5,17,2000,2,16,7320,1560,450,300,46060,116510,92970,934430,11910,6510,1560,4,3,9,6,2,8,5,13,16,14,11,1,12,7,15,10,0,0,0.239,4.3,
20250202,8,3,1,703,24,1800,2,10,690,160,1260,110,20450,40830,9150,118610,3720,250,2610,3,9,5,1,2,4,0,7,6,8,0,0,0,0,0,0,0,0,0.315,1.9,
20250202,5,6,1,703,11,1600,1,16,340,170,410,930,2490,2990,22730,53170,900,2970,6310,5,11,6,1,16,3,2,4,13,15,10,8,7,12,9,14,0,0,0.207,3.7,
20250202,8,8,2,10,24,1400,2,12,580,220,170,210,1520,2700,2710,12970,590,750,490,5,3,2,1,6,10,9,4,8,12,11,7,0,0,0,0,0,0,0.392,2.4,
20250202,8,9,2,10,24,1800,2,10,720,230,190,410,1480,3220,8020,31960,510,1660,1330,7,10,2,3,5,1,8,4,9,6,0,0,0,0,0,0,0,0,0.224,2.1,
20250202,5,7,2,5,23,1600,2,16,310,130,130,300,460,1010,2020,6970,240,740,710,4,1,2,13,7,16,3,10,6,5,11,9,8,12,14,15,0,0,0.210,13.5,
20250202,8,11,2,999,17,1200,2,17,2740,690,820,310,23090,47190,40080,325810,6270,2340,2840,4,3,13,0,15,16,14,9,8,2,10,7,1,5,11,6,12,0,0.209,4.1,
20250202,10,7,2,5,17,2000,3,18,870,380,390,320,3830,7530,14300,74030,1520,1780,1960,5,16,6,10,9,18,14,15,3,2,1,12,11,8,13,7,17,4,0.142,4.0,
20250202,8,6,1,703,17,1600,2,12,2560,490,150,230,4160,11020,6910,60650,1230,2060,510,0,8,3,2,9,7,4,5,1,10,6,11,0,0,0,0,0,0,0.197,0.0,
20250202,5,10,2,16,11,1400,1,11,350,170,280,310,2250,3330,5740,25170,750,700,1450,3,1,7,8,6,4,9,5,2,11,10,0,0,0,0,0,0,0,0.269,10.4,
20250202,10,6,1,703,17,1800,3,13,570,220,200,1310,1050,2390,18070,51770,510,4120,3530,7,1,10,2,9,4,8,13,12,11,5,6,3,0,0,0,0,0,0.205,2.9,
20250202,5,1,1,703,23,1400,2,16,1330,180,110,120,1650,5140,1100,13430,420,520,150,3,2,4,7,12,6,11,14,15,9,10,5,1,13,8,16,0,0,0.237,3.6,
20250202,5,8,2,10,23,1400,2,16,280,130,250,140,2710,4100,2320,14190,620,250,620,1,5,9,13,3,11,12,2,7,15,16,4,10,14,8,6,0,0,0.278,2.8,
20250202,10,11,2,999,24,1700,3,16,9430,1400,210,170,30160,78770,42010,459680,7670,4770,520,2,3,12,4,16,13,5,7,9,8,10,11,14,6,1,15,0,0,0.235,6.0,
20250202,10,1,1,703,24,1700,4,15,1270,370,140,250,3670,8160,5790,39240,1120,1420,750,3,0,4,14,12,9,7,2,8,1,5,11,10,6,13,0,0,0,0.366,7.4,
20250202,5,11,2,999,23,1400,2,16,460,190,220,460,1470,2550,8070,31220,600,1590,1570,2,1,13,6,9,4,10,7,15,3,8,5,0,11,14,12,0,0,0.179,6.6,
20250202,5,12,2,10,11,2000,1,10,320,130,120,120,460,880,380,1810,210,200,210,3,5,1,10,2,6,8,7,4,9,0,0,0,0,0,0,0,0,0.215,3.4,
20250202,5,2,2,5,23,2100,2,14,330,130,200,150,1470,2720,2310,10820,540,340,750,4,1,3,7,8,5,11,6,2,9,12,13,14,10,0,0,0,0,0.201,6.2,
20250202,5,3,1,703,23,1600,2,16,540,210,170,390,1450,2660,5300,26130,600,1090,1200,2,4,3,1,6,14,10,13,15,16,11,9,8,5,12,7,0,0,0.295,4.1,
20250202,5,9,1,5,11,1800,1,13,300,140,150,290,760,1350,3870,12510,310,790,940,1,11,12,6,2,4,9,7,3,5,10,8,13,0,0,0,0,0,0.235,3.0,
20250202,10,12,2,5,17,1200,2,18,600,250,200,660,1570,2990,17050,62260,700,2370,3070,2,18,5,1,15,7,9,17,14,8,5,3,12,10,4,16,13,11,0.196,5.0,
20250208,10,8,2,5,24,1700,2,15,1070,370,190,260,2170,4270,5920,31470,1000,1680,640,2,5,3,15,6,11,7,4,10,9,13,12,8,1,14,0,0,0,0.370,3.7,
20250208,10,10,2,10,17,2000,2,16,2150,720,1090,550,50100,93780,221470,1774880,11160,6580,9140,4,5,11,7,9,14,13,8,10,2,1,3,6,15,16,12,0,0,0.163,4.4,
20250208,5,4,2,5,23,1600,1,16,450,150,140,170,830,1900,1710,8450,380,570,370,1,2,4,6,3,5,7,10,14,8,11,13,16,9,15,12,0,0,0.241,4.5,
20250208,5,1,1,703,23,1400,1,16,180,110,130,2100,360,560,12360,32890,190,4130,5590,1,11,5,2,12,14,3,16,7,8,9,15,6,13,10,4,0,0,0.182,1.8,
20250208,10,6,1,703,17,1200,2,18,280,120,310,160,2050,3190,3060,15060,690,290,1330,1,3,5,9,12,2,18,13,4,10,11,8,14,7,16,15,17,6,0.197,2.8,
20250208,10,7,1,703,17,2000,2,13,1150,360,280,320,4610,9260,17080,72070,1420,1410,1790,7,13,2,12,5,11,9,1,6,8,3,4,10,0,0,0,0,0,0.376,2.2,
20250208,5,10,2,10,11,1400,1,13,5090,1630,440,770,22030,43310,82340,558880,5740,7570,3180,5,12,3,8,7,1,13,4,6,2,10,11,9,0,0,0,0,0,0.406,1.8,
20250208,5,9,1,5,11,1400,1,16,1180,280,140,200,2350,5990,3810,34850,780,950,430,2,7,4,11,1,3,6,5,15,9,8,12,10,16,13,14,0,0,0.247,3.3,
20250208,5,7,1,5,23,1400,1,14,440,170,240,230,1640,3140,2630,14560,590,540,610,4,12,3,2,11,9,6,13,10,1,5,8,7,14,0,0,0,0,0.203,4.9,
20250208,5,8,2,10,23,1600,1,15,210,110,120,570,270,500,2850,7900,170,1160,1720,1,2,12,4,15,3,7,9,5,8,11,14,6,13,10,0,0,0,0.309,2.1,
20250208,10,11,2,16,24,1700,2,15,890,230,200,170,2040,4670,4500,35400,700,780,550,3,13,11,2,1,6,5,9,15,4,12,7,10,8,14,0,0,0,0.213,5.2,
20250208,10,9,2,5,17,2600,2,14,340,160,140,190,620,1330,1430,5770,280,560,450,13,1,10,6,3,2,14,5,9,8,11,4,7,12,0,0,0,0,0.192,15.0,
20250208,5,12,2,5,23,1300,1,16,370,160,260,560,2050,3350,14980,54710,780,2030,2630,2,1,6,4,9,14,13,8,10,3,12,5,15,16,11,7,0,0,0.276,8.1,
20250208,5,11,2,16,11,2400,1,14,6580,1390,280,250,24720,61690,42350,480250,5470,5450,890,12,4,6,5,2,7,3,9,1,8,10,13,11,14,0,0,0,0,0.191,4.7,
20250208,10,12,2,5,17,1200,2,18,890,340,210,540,2150,5050,18680,84830,1030,3690,1590,4,7,2,6,14,3,5,10,1,18,15,8,9,16,11,13,12,17,0.247,2.7,
20250208,5,2,1,703,23,1300,1,16,1220,480,250,1060,3910,7070,57880,341900,1310,6680,2890,16,2,6,1,4,12,9,8,5,14,3,15,10,13,11,7,0,0,0.250,6.0,
20250208,5,3,1,703,23,1600,1,16,110,100,150,1090,210,260,3540,5740,170,1430,3810,1,4,11,0,15,13,5,2,3,6,9,8,12,7,10,14,0,0,0.491,1.1,
20250208,10,2,1,703,17,1800,2,16,350,150,130,190,510,1120,860,4700,260,480,370,2,1,8,3,4,6,10,12,5,11,13,7,16,15,14,9,0,0,0.204,3.0,
20250208,10,1,1,703,24,1700,2,16,370,190,500,1340,3030,2380,45880,175650,900,3250,14330,4,1,10,15,7,0,3,8,5,2,6,14,13,9,11,12,0,0,0.223,3.9,
20250208,10,3,2,5,24,1000,2,14,970,330,380,190,8090,13870,8630,47640,2340,720,1010,6,3,5,4,1,7,11,2,12,8,13,10,9,14,0,0,0,0,0.293,4.3,
20250208,5,6,1,703,11,2400,1,18,240,110,130,110,600,910,530,2130,260,190,270,2,1,5,3,13,10,4,9,6,8,16,18,7,12,15,14,11,17,0.400,4.1,
20250209,5,8,2,10,23,1300,1,16,400,160,120,210,750,1490,1920,8530,340,560,540,2,7,3,9,1,4,8,12,16,5,6,10,11,15,13,14,0,0,0.440,3.0,
20250209,10,8,2,5,17,2000,2,16,370,170,210,190,830,1710,3330,12610,370,630,920,1,7,9,2,11,3,16,5,4,8,6,12,15,10,13,14,0,0,0.206,3.7,
20250209,10,7,2,5,24,1700,2,13,540,200,550,170,8440,12710,9650,69940,2490,410,1650,3,6,1,4,7,5,10,2,11,9,8,12,13,0,0,0,0,0,0.267,3.5,
20250209,10,3,1,703,24,1000,2,14,1420,960,790,470,13800,32390,22220,138390,2730,1820,1100,4,13,5,10,6,8,1,11,14,2,11,7,3,9,0,0,0,0,0.263,1.7,
20250209,10,2,1,703,17,1800,2,16,920,290,170,490,1660,4310,6390,39580,610,2060,1160,1,7,8,2,5,4,16,15,14,3,11,10,9,13,12,6,0,0,0.148,9.2,
20250209,8,10,2,999,24,1200,2,16,650,190,130,400,700,2110,3710,24490,390,1710,980,2,8,11,1,6,5,16,13,10,3,4,7,9,14,12,15,0,0,0.246,2.5,
20250209,10,11,2,999,17,2000,2,11,480,180,200,570,1450,2740,12300,53900,630,2450,2070,4,5,9,11,10,2,3,1,6,7,8,0,0,0,0,0,0,0,0.209,3.6,
20250209,5,12,2,5,23,1600,1,16,350,170,150,340,640,1210,2730,10300,320,810,1010,13,2,1,16,12,15,7,3,6,4,9,5,10,11,8,14,0,0,0.248,5.9,
20250209,5,1,1,703,23,1400,1,16,300,120,130,150,720,1330,960,4960,270,290,390,3,1,15,16,12,13,14,7,2,4,11,9,5,8,10,6,0,0,0.297,5.1,
20250209,10,12,2,5,17,1200,2,18,910,250,290,210,3510,6690,4240,33020,1070,600,660,9,5,6,1,3,7,2,16,14,13,8,4,0,17,15,10,11,12,0.100,9.5,
20250209,10,10,2,10,24,1700,2,16,320,170,170,740,910,1420,8850,27330,410,2560,2240,6,1,5,4,2,7,15,8,3,10,16,14,9,11,13,12,0,0,0.297,3.9,
20250209,10,6,1,703,17,1200,2,17,1220,370,640,710,13220,28930,106000,406240,3410,4690,10490,4,1,5,15,9,7,12,2,3,13,11,10,16,6,14,17,8,0,0.224,2.2,
20250209,8,7,2,5,24,1800,2,11,180,110,840,290,5530,7820,22980,76970,1860,540,10590,6,1,7,4,3,8,0,5,9,10,2,0,0,0,0,0,0,0,0.312,3.7,
20250209,8,6,1,703,18,2200,2,13,360,160,260,530,2060,3050,12600,41340,720,1920,2080,1,6,4,8,3,11,2,5,12,9,10,7,13,0,0,0,0,0,0.256,3.6,
20250209,8,2,1,703,24,1800,2,14,540,220,190,520,1270,2550,13250,53370,510,2280,1600,1,2,7,14,5,12,11,13,6,8,9,10,4,3,0,0,0,0,0.193,5.4,
20250209,8,1,1,703,24,1200,2,13,450,140,130,110,1240,2510,1340,9360,430,350,260,6,1,3,8,12,10,13,2,9,4,7,5,11,0,0,0,0,0,0.246,9.5,
20250209,5,7,2,10,11,1800,1,11,1910,380,220,1120,6500,17700,52330,275860,1570,4310,4040,11,2,9,6,1,8,4,7,5,3,10,0,0,0,0,0,0,0,0.362,2.2,
20250209,8,8,2,10,17,1200,2,13,370,150,220,230,1600,2820,2940,16540,600,550,690,1,12,3,9,7,11,4,6,2,8,5,10,13,0,0,0,0,0,0.226,3.7,
20250209,5,3,1,703,23,1600,1,16,490,170,180,210,1210,2680,2460,14980,470,420,640,10,1,3,12,4,6,5,14,2,11,7,16,9,15,8,13,0,0,0.195,9.2,
20250209,8,9,2,16,18,1600,2,14,260,130,350,180,2630,3890,4360,21900,740,320,1610,1,10,5,4,3,2,6,13,7,9,12,11,8,14,0,0,0,0,0.193,2.6,
20250209,8,11,1,999,18,1800,2,10,270,120,200,180,940,1550,1990,6300,380,340,710,3,9,4,8,1,7,6,10,2,5,0,0,0,0,0,0,0,0,0.210,6.9,
20250209,10,9,1,5,17,1200,2,16,1610,410,200,230,5190,10380,7040,45750,1420,1500,660,2,7,15,3,1,6,10,9,4,12,5,11,8,14,16,13,0,0,0.229,5.7,
20250209,5,2,1,703,23,2100,1,16,420,150,140,200,760,1580,2070,9470,310,620,430,2,1,7,15,13,5,3,11,9,14,16,4,6,8,10,12,0,0,0.338,3.1,
20250209,8,12,2,10,24,1200,2,16,7880,1510,320,370,23670,46530,82350,804310,7840,12060,1370,4,11,13,9,8,3,2,7,16,14,5,12,15,10,6,1,0,0,0.151,2.7,
20250209,8,4,1,5,24,1800,2,10,140,110,240,960,1090,1280,11770,21740,350,1510,4420,1,5,0,8,4,9,6,7,3,2,0,0,0,0,0,0,0,0,0.233,1.4,
20250209,8,3,1,703,24,1400,2,16,470,170,1600,140,18470,30180,26380,144430,3460,450,5230,6,11,8,3,1,7,4,15,16,10,14,5,2,12,9,13,0,0,0.257,5.4,
20250209,5,11,2,999,11,1600,1,16,740,230,180,3570,1540,3540,174760,816870,620,28850,19700,4,10,11,9,8,5,6,15,2,12,1,7,12,3,16,14,0,0,0.444,2.6,
20250209,5,10,2,16,11,1800,1,16,900,210,120,280,1020,3050,2880,20430,390,1130,450,2,3,9,12,4,1,7,10,6,8,16,14,5,15,11,13,0,0,0.287,2.3,
20250209,5,9,1,5,11,2400,1,11,540,150,120,490,650,1640,3720,16210,260,1780,990,1,4,5,6,2,10,8,7,9,3,11,0,0,0,0,0,0,0,0.275,5.4,
20250209,5,6,1,703,11,1600,1,16,550,200,240,340,1750,3160,7220,31110,630,1100,1540,4,1,6,2,8,7,10,9,16,12,14,11,13,3,15,5,0,0,0.369,2.0,
20250210,8,11,2,999,24,1900,1,16,830,210,130,140,1520,3990,2110,16310,630,560,320,2,7,3,8,5,14,11,1,15,9,13,4,16,6,10,12,0,0,0.252,3.4,
20250210,8,10,1,999,18,1600,1,10,1170,200,150,530,1650,4980,7610,58210,470,1820,890,2,5,6,0,4,8,9,3,7,1,0,0,0,0,0,0,0,0,0.187,3.2,
20250210,8,8,2,10,18,1800,1,8,630,180,140,250,1200,2610,4880,25640,430,1140,750,5,2,7,6,3,1,8,4,0,0,0,0,0,0,0,0,0,0,0.194,4.4,
20250210,8,7,2,5,24,1400,1,15,470,170,200,770,1160,2340,11610,43470,510,1950,2930,2,1,10,13,5,8,9,4,7,3,6,11,12,0,14,0,0,0,0.196,4.7,
20250210,8,9,2,16,24,1200,1,13,410,180,190,200,940,1930,1680,8740,420,450,520,1,10,3,11,8,2,13,8,4,6,12,5,7,0,0,0,0,0,0.199,4.1,
20250210,8,12,2,5,24,1200,1,16,590,230,230,390,2460,4340,9910,40880,980,1250,1640,14,2,13,8,7,9,11,6,4,1,3,15,16,10,12,5,0,0,0.207,5.5,
20250210,8,2,1,703,24,1900,1,11,160,110,350,160,1400,2090,2700,9780,570,240,1540,1,0,3,6,10,2,9,4,7,5,8,0,0,0,0,0,0,0,0.342,1.6,
20250210,8,1,1,703,24,1800,1,12,170,110,110,110,310,430,270,1010,140,170,200,1,3,2,12,10,5,6,7,11,4,8,9,0,0,0,0,0,0,0.339,1.7,
20250210,8,6,2,5,18,1800,1,11,610,130,110,110,470,1570,440,4160,210,270,150,2,1,5,3,6,4,10,8,7,9,11,0,0,0,0,0,0,0,0.460,1.6,
20250210,8,3,1,703,24,1400,1,12,210,120,1130,250,9920,10950,15430,71220,2720,460,5190,5,1,3,6,4,7,8,11,9,12,10,2,0,0,0,0,0,0,0.273,3.7,
20250210,8,5,1,703,17,1600,1,18,430,170,260,870,2360,3610,35260,143170,820,3300,5830,1,5,2,15,7,8,10,12,4,18,14,6,9,11,16,3,13,17,0.182,4.3,
20250215,8,11,2,999,18,1600,1,16,530,220,410,210,5750,10210,8960,62160,1820,730,1220,1,0,3,6,5,13,11,14,7,9,2,12,8,4,10,15,0,0,0.162,5.3,
20250215,5,7,1,5,11,1400,1,12,300,140,320,210,2180,3320,4040,19810,840,450,1420,9,3,2,6,1,4,10,8,5,12,7,11,0,0,0,0,0,0,0.204,6.8,
20250215,5,8,2,10,23,1600,1,16,440,160,170,290,550,1330,2480,10200,320,980,830,9,2,1,11,16,15,4,6,3,5,8,12,7,14,13,10,0,0,0.274,2.5,
20250215,5,6,1,703,11,1800,1,16,880,350,160,220,2110,4050,4850,25250,800,1250,590,2,9,8,11,4,10,5,13,6,14,1,7,12,3,15,16,0,0,0.254,3.7,
20250215,5,4,2,5,23,2100,1,16,220,130,330,590,1250,2390,15410,25250,670,1380,7920,1,11,10,7,14,9,2,3,15,16,8,4,6,13,5,12,0,0,0.164,2.2,
20250215,8,1,1,703,24,1200,1,16,1400,250,110,240,1120,3250,2440,24250,460,1230,360,2,7,1,3,15,9,16,4,11,6,5,10,13,8,14,12,0,0,0.184,1.8,
20250215,8,2,1,703,24,1800,1,12,490,150,120,130,650,1310,560,3780,290,280,230,10,3,5,1,2,4,7,6,12,11,9,8,0,0,0,0,0,0,0.175,10.8,
20250215,8,3,1,703,24,1400,1,16,740,310,570,140,14660,19220,10150,76560,3680,620,1070,14,9,3,5,7,15,12,4,8,16,1,10,2,11,6,13,0,0,0.160,11.6,
20250215,10,7,2,5,24,1700,1,11,310,170,180,550,800,1590,6210,22160,370,800,1670,4,1,7,2,10,6,9,8,5,3,11,0,0,0,0,0,0,0,0.230,3.4,
20250215,10,9,1,5,17,2000,1,9,430,190,360,400,2570,3530,6580,34680,800,820,2050,7,6,8,1,4,2,9,3,5,0,0,0,0,0,0,0,0,0,0.254,4.5,
20250215,10,10,2,10,17,2000,1,15,330,140,470,130,3290,3930,3330,20370,1090,240,1200,1,3,5,6,4,2,9,10,8,7,13,12,15,14,11,0,0,0,0.262,3.3,
20250215,8,12,2,10,24,1900,1,13,500,200,150,710,990,2130,17020,58520,480,5370,1980,2,5,9,13,6,1,11,10,8,3,12,7,4,0,0,0,0,0,0.197,2.8,
20250215,8,10,2,16,17,2000,1,9,610,150,140,110,1580,3200,1340,8950,550,310,250,3,4,8,1,9,7,2,5,6,0,0,0,0,0,0,0,0,0,0.387,2.6,
20250215,8,8,2,5,24,1900,1,12,700,160,110,160,610,1500,1130,5720,280,670,270,6,2,3,1,7,10,8,4,5,11,9,12,0,0,0,0,0,0,0.317,3.3,
20250215,8,9,1,5,17,1600,1,7,230,150,190,0,720,1070,370,2150,200,150,200,1,2,4,0,3,5,6,0,0,0,0,0,0,0,0,0,0,0,0.230,2.3,
20250215,8,6,1,703,17,2000,1,14,380,160,160,230,760,1540,2170,9080,340,640,600,5,1,2,11,4,9,3,6,14,8,10,12,13,7,0,0,0,0,0.197,34.8,
20250215,5,11,1,999,11,1600,1,14,490,220,520,350,5650,8720,23170,103960,1730,1460,2810,9,1,4,6,8,3,7,10,2,5,12,11,14,13,0,0,0,0,0.203,4.8,
20250215,5,12,2,5,11,1600,1,16,760,310,2470,180,48430,66350,67410,569850,11700,970,7680,11,3,12,5,7,8,10,6,4,14,1,2,9,15,16,13,0,0,0.196,15.0,
20250215,5,10,2,16,23,1400,1,16,170,110,380,160,1910,2770,2910,11360,760,230,1670,1,4,3,12,5,2,10,15,6,7,9,8,11,13,14,16,0,0,0.414,1.7,
20250215,5,9,2,10,11,2400,1,11,270,130,120,130,490,760,560,2210,220,290,220,2,1,3,4,7,5,8,11,10,9,6,0,0,0,0,0,0,0,0.290,3.3,
20250215,10,3,1,703,24,1000,1,14,480,140,130,150,730,1710,1000,5880,290,350,280,3,8,2,1,4,12,9,10,6,14,11,5,13,7,0,0,0,0,0.336,4.6,
20250215,10,2,1,703,17,1200,1,18,3260,690,170,170,4460,8260,5720,62150,1550,2090,400,10,2,1,5,7,6,4,11,3,9,14,17,18,13,12,15,8,16,0.163,6.7,
20250215,8,7,2,5,24,1400,1,16,2850,840,720,610,19250,36770,90990,458560,5690,5480,3800,6,5,9,3,4,2,8,10,7,13,11,1,12,15,14,0,0,0,0.281,2.9,
20250215,5,1,1,703,23,1400,1,16,2890,490,140,620,2820,7410,14700,160730,930,5970,1340,5,2,12,11,9,7,6,13,15,14,1,4,3,8,10,16,0,0,0.180,7.8,
20250215,5,5,1,703,11,1400,1,16,740,230,200,1000,1900,4160,20930,76590,740,3830,3160,5,8,11,1,4,2,7,6,9,16,14,12,3,10,13,15,0,0,0.152,2.8,
20250215,10,5,1,703,17,1800,1,16,320,140,170,280,520,870,2240,9150,270,620,520,1,2,4,9,14,5,7,12,11,8,15,3,6,10,13,16,0,0,0.272,3.2,
20250215,10,12,2,5,24,1700,1,12,370,160,240,440,1380,3190,10660,46680,550,1080,2920,11,5,1,2,12,4,10,6,8,3,7,9,0,0,0,0,0,0,0.259,2.9,
20250215,10,11,2,16,17,1200,1,18,430,170,370,410,3900,6620,15920,71930,1220,1130,2970,1,11,5,2,10,13,7,17,3,15,6,14,9,12,4,18,8,16,0.210,4.3,
20250215,10,6,2,5,17,1200,1,18,290,180,210,660,1950,2950,16900,53270,810,1940,4130,1,8,5,3,2,13,16,6,7,4,9,17,10,11,15,14,12,18,0.267,2.9,
20250216,5,4,1,5,23,1600,1,11,560,200,220,570,1790,3410,14420,72760,560,2140,3080,8,5,4,7,1,2,9,3,6,10,11,0,0,0,0,0,0,0,0.299,2.6,
20250216,5,1,1,703,23,1300,1,16,360,150,620,160,5270,8440,9230,45840,1610,370,2760,8,1,7,3,6,14,2,13,4,10,12,16,15,9,5,11,0,0,0.210,5.2,
20250216,10,11,2,999,17,1200,1,15,500,170,140,490,580,1450,4500,21420,300,1820,1240,2,4,14,9,1,7,3,8,11,10,15,6,13,5,12,0,0,0,0.239,2.2,
20250216,10,10,2,10,24,1000,1,14,1830,480,230,260,7010,15300,18200,158810,1960,2470,900,2,4,8,3,7,12,5,9,14,10,6,1,11,13,0,0,0,0,0.282,7.0,
20250216,8,11,2,999,18,2200,2,12,950,350,610,750,8740,18250,30700,188230,2040,2140,3650,9,5,3,6,1,2,8,12,7,4,10,11,0,0,0,0,0,0,0.255,1.8,
20250216,10,9,2,10,17,1200,1,18,800,240,180,530,1690,3590,12360,51260,700,2280,2180,8,2,7,9,15,13,17,16,14,6,1,4,5,3,11,12,10,18,0.184,3.2,
20250216,10,12,2,5,17,1800,1,15,280,130,150,430,520,1000,4410,15500,260,1200,1570,1,2,8,13,4,11,6,10,5,3,9,7,15,12,14,0,0,0,0.270,2.8,
20250216,8,9,2,10,17,2000,2,9,230,120,130,350,400,680,2300,6720,190,940,860,7,1,2,3,4,5,9,8,6,0,0,0,0,0,0,0,0,0,0.447,3.8,
20250216,8,8,2,5,18,1600,2,18,360,150,120,180,550,960,1410,5620,240,670,320,2,3,10,9,1,16,6,17,4,5,11,13,15,8,14,18,7,12,0.170,2.5,
20250216,8,1,1,703,24,1900,2,10,2340,190,110,110,2530,6170,690,14760,410,330,120,3,4,2,7,6,8,1,5,9,10,0,0,0,0,0,0,0,0,0.497,1.6,
20250216,8,7,2,5,24,1800,2,13,210,150,450,740,1760,2530,25110,62760,760,1400,9620,1,4,9,2,6,10,11,8,12,3,7,5,13,0,0,0,0,0,0.256,2.1,
20250216,10,7,2,5,17,2600,1,16,380,170,180,360,1110,2380,6190,24270,540,1340,1530,2,5,1,13,4,3,9,12,14,10,6,16,8,11,15,7,0,0,0.188,4.4,
20250216,10,2,1,703,17,1200,1,18,370,160,180,190,850,1340,2260,7790,360,610,770,7,1,2,5,6,11,10,3,17,4,14,16,9,13,12,8,15,18,0.185,8.5,
20250216,5,5,1,703,11,1800,1,16,390,150,140,160,900,1920,1330,7520,350,310,400,3,1,5,2,7,14,15,9,8,4,16,10,13,11,6,12,0,0,0.247,4.0,
20250216,5,6,2,5,11,2400,1,16,890,290,200,250,2880,6820,8090,52350,970,1270,960,9,4,13,8,3,1,2,7,15,5,16,12,11,10,14,6,0,0,0.186,3.4,
20250216,10,6,2,5,17,1800,1,16,480,180,170,180,1280,2900,2950,16300,450,640,550,3,1,8,13,10,2,9,4,6,12,11,5,14,16,7,15,0,0,0.201,5.6,
20250216,10,5,1,703,17,2000,1,14,920,330,610,160,8840,13870,9060,71220,2380,690,1130,14,3,4,1,9,11,7,13,8,5,6,2,10,12,0,0,0,0,0.236,3.6,
20250216,10,3,2,5,24,1000,1,14,820,290,410,270,6450,11830,24130,113260,1950,2050,2100,2,11,6,4,5,3,14,1,8,12,10,7,9,13,0,0,0,0,0.240,13.4,
20250216,10,1,1,703,24,1700,1,16,5600,770,220,540,11500,22530,47700,493780,3180,9230,1870,4,6,12,5,2,15,3,11,9,13,16,1,7,14,10,8,0,0,0.256,2.3,
20250216,8,12,2,10,24,1200,2,16,300,150,170,410,720,1180,4360,14700,370,920,1470,15,2,1,16,9,4,12,10,7,11,3,6,13,14,5,8,0,0,0.205,6.3,
20250216,8,10,2,16,24,1800,2,13,3870,530,190,110,12770,20160,6310,117800,2710,1240,370,3,10,5,6,8,9,4,1,7,2,11,12,13,0,0,0,0,0,0.458,1.9,
20250216,8,6,1,703,17,1600,2,14,300,160,280,240,2460,3910,5850,24120,980,570,1510,11,4,1,3,6,2,8,10,14,9,5,7,12,13,0,0,0,0,0.150,4.8,
20250216,8,5,1,703,17,2000,2,14,15630,1070,110,250,5340,14930,13030,283440,1650,9390,400,2,7,10,13,4,14,8,3,1,5,12,11,9,6,0,0,0,0,0.484,1.3,
20250216,8,4,1,5,24,1400,2,11,200,110,150,260,470,780,1950,5250,250,440,870,11,1,3,6,2,7,8,5,10,9,4,0,0,0,0,0,0,0,0.342,5.0,
20250216,5,12,2,10,23,1400,1,15,180,120,300,280,1810,2410,4550,15020,610,500,1890,1,14,7,8,6,3,5,11,10,2,9,4,13,12,15,0,0,0,0.435,1.8,
20250216,5,11,1,999,11,1800,1,9,380,150,270,170,2730,4150,4160,21280,750,430,910,4,1,9,3,6,8,2,5,7,0,0,0,0,0,0,0,0,0,0.165,5.7,
20250216,5,10,2,999,23,1400,1,16,3490,630,120,300,2990,9500,9440,102760,1150,4180,590,4,2,5,10,1,7,3,9,13,15,6,12,11,14,16,8,0,0,0.160,17.6,
20250216,5,9,2,16,11,1600,1,16,2630,740,220,1360,6780,16180,106630,615480,2120,14860,4620,2,14,7,4,16,9,6,1,5,8,13,12,3,11,15,10,0,0,0.169,4.9,
20250216,5,8,2,10,11,1600,1,13,910,200,110,210,730,2160,3120,18260,350,1510,430,2,9,6,13,8,3,4,5,1,10,12,7,11,0,0,0,0,0,0.251,1.4,
20250216,5,7,2,5,23,1400,1,16,1530,550,310,630,5780,11050,29500,134720,2020,4170,2750,12,7,2,6,10,5,1,4,8,15,11,3,9,14,13,16,0,0,0.210,4.2,
20250216,5,2,1,703,23,2100,1,16,180,110,230,300,970,1360,4150,13200,430,630,2660,1,6,5,3,7,15,12,8,2,14,9,11,10,4,13,16,0,0,0.128,1.8,
20250216,10,8,2,5,24,1700,1,14,160,110,200,1900,460,620,17380,37450,280,3840,12560,1,2,11,13,4,12,10,8,5,6,14,7,9,3,0,0,0,0,0.335,1.6,
20250222,10,6,1,703,17,2000,1,15,500,170,130,1120,520,1350,9000,40110,300,5260,2690,2,12,8,1,15,4,5,11,9,14,7,3,6,13,10,0,0,0,0.250,2.3,
20250222,5,7,2,5,23,1400,1,16,390,190,400,1090,3530,5110,29310,87240,1130,2610,6870,1,8,9,16,5,2,4,14,15,6,3,13,11,7,12,10,0,0,0.352,3.9,
20250222,10,1,1,703,24,1700,1,16,950,370,510,180,8820,15040,10030,58200,2730,880,1140,3,8,14,7,11,9,1,16,6,5,4,2,13,10,12,15,0,0,0.169,4.1,
20250222,10,2,1,703,17,1800,1,16,250,130,250,130,2040,3060,1480,8000,610,180,610,1,9,3,2,4,7,5,11,8,13,10,16,12,15,14,6,0,0,0.245,2.5,
20250222,10,3,2,5,24,1000,1,14,320,140,150,260,780,1380,2480,10070,270,590,790,8,9,1,10,0,3,2,4,11,6,5,12,7,13,0,0,0,0,0.174,4.8,
20250222,10,7,1,703,17,1200,1,18,1990,430,220,190,3670,9350,5820,54490,740,1490,650,9,16,13,7,2,3,10,11,17,12,8,5,18,6,1,14,15,4,0.168,14.3,
20250222,10,8,2,5,24,1700,1,16,220,130,300,150,1880,2910,2040,9200,710,260,880,1,13,3,16,4,9,12,2,15,11,8,5,7,6,14,10,0,0,0.267,2.2,
20250222,10,9,2,5,17,1200,1,18,720,310,340,190,4500,9960,7700,46580,1660,760,1190,3,4,5,14,17,9,6,1,7,13,11,18,15,8,16,2,10,12,0.192,4.8,
20250222,10,10,2,10,17,2600,1,13,480,180,170,280,1170,2360,6490,24730,550,1580,1070,5,1,6,2,3,10,13,4,8,9,7,11,12,0,0,0,0,0,0.270,2.8,
20250222,10,11,2,16,24,1700,1,9,1570,340,170,150,3920,8850,4490,46300,960,790,430,2,4,6,3,9,1,5,7,8,0,0,0,0,0,0,0,0,0,0.251,5.7,
20250222,10,12,2,5,17,2000,1,16,280,120,140,140,430,850,790,3130,200,280,410,1,3,2,4,15,10,5,11,12,16,9,8,7,6,13,14,0,0,0.239,2.8,
20250222,8,12,2,10,24,1800,1,14,460,220,180,300,2080,3390,5620,22580,800,780,1030,6,4,2,3,10,1,9,5,11,12,7,8,14,13,0,0,0,0,0.200,4.2,
20250222,5,9,1,5,11,2000,1,9,1130,360,220,300,1560,3840,2480,16030,490,680,350,3,8,2,4,5,1,7,9,6,0,0,0,0,0,0,0,0,0,0.178,7.4,
20250222,8,11,2,999,18,1400,1,18,1860,430,200,180,4420,11640,10740,98470,1290,1650,710,5,2,3,7,4,10,12,11,8,18,6,16,9,1,15,17,14,13,0.247,3.4,
20250222,5,8,2,10,11,1800,1,11,690,240,430,170,7060,12220,8300,62550,1880,390,980,5,2,1,3,4,8,7,9,11,6,10,0,0,0,0,0,0,0,0.592,2.2,
20250222,5,1,1,703,23,1400,1,16,220,110,110,170,240,520,570,1880,140,340,350,1,7,2,4,3,15,11,6,10,12,8,13,16,14,9,5,0,0,0.349,2.2,
20250222,5,2,1,5,23,1400,1,16,140,110,270,480,1240,1460,10500,22190,460,890,4550,6,1,8,9,4,3,13,7,5,15,14,11,2,12,16,10,0,0,0.251,4.8,
20250222,5,3,1,703,23,1600,1,16,730,210,280,330,2550,5320,8150,43770,790,960,1490,4,14,5,8,15,6,2,3,16,1,7,10,13,12,11,9,0,0,0.241,2.2,
20250222,5,5,1,703,11,2400,1,18,180,110,140,160,410,570,880,2610,200,280,550,1,2,11,6,3,17,4,9,7,8,13,5,16,14,12,15,10,18,0.448,1.8,
20250222,5,10,2,16,23,2100,1,12,390,160,270,110,3950,5440,1430,14490,950,220,370,3,1,4,7,6,10,2,9,8,5,12,11,0,0,0,0,0,0,0.258,2.1,
20250222,5,11,2,999,11,3400,1,16,190,130,1100,600,11420,14470,55370,209810,3050,1160,16030,4,1,5,15,7,6,9,11,14,3,12,10,2,13,16,8,0,0,0.279,4.6,
20250222,5,12,2,5,23,1600,1,16,280,160,390,430,2180,3210,9080,30380,730,910,2480,1,6,14,4,12,5,10,3,7,8,2,16,9,11,13,15,0,0,0.300,2.8,
20250222,8,1,1,703,24,1800,1,11,1210,300,200,140,3170,7040,2130,21540,790,480,280,3,8,2,1,5,6,4,7,10,9,11,0,0,0,0,0,0,0,0.259,2.6,
20250222,8,2,1,703,24,1200,1,15,310,130,240,140,1990,3350,1850,10980,700,270,450,1,12,5,8,11,4,7,3,10,9,2,15,6,13,14,0,0,0,0.312,3.1,
20250222,8,3,1,703,24,1900,1,12,470,130,110,130,430,1220,810,5250,180,400,190,1,2,3,4,7,10,6,8,12,9,5,11,0,0,0,0,0,0,0.285,4.7,
20250222,8,5,1,703,18,2400,1,15,190,110,150,380,340,570,1690,5190,230,810,880,6,5,1,2,13,7,3,10,8,9,11,12,15,4,14,0,0,0,0.204,11.4,
20250222,8,6,2,5,24,1800,1,11,460,150,160,250,900,1880,3440,13870,390,750,810,4,2,6,3,7,9,1,5,8,10,11,0,0,0,0,0,0,0,0.298,2.6,
20250222,8,7,2,5,24,1200,1,16,2660,420,150,700,3440,10450,17030,159650,1050,4420,1630,2,10,8,7,3,4,1,9,6,5,14,16,11,13,15,12,0,0,0.376,2.8,
20250222,8,8,2,10,18,1600,1,9,530,240,270,270,1360,3400,2030,12910,410,370,440,5,7,2,3,6,1,4,9,8,0,0,0,0,0,0,0,0,0,0.326,1.8,
20250222,8,9,1,5,18,1800,1,8,200,120,290,170,1290,2020,1930,7340,410,260,1100,1,3,4,5,7,6,2,8,0,0,0,0,0,0,0,0,0,0,0.249,2.0,
20250222,8,10,2,16,24,1400,1,16,410,210,200,470,1370,2710,8280,30410,620,1250,2220,1,6,13,9,2,7,12,5,3,10,14,4,16,8,11,15,0,0,0.176,4.1,
20250222,5,6,1,703,11,1600,1,16,640,200,190,160,1710,3040,2330,14750,550,520,530,10,3,1,6,7,4,2,12,16,11,5,9,8,13,15,14,0,0,0.240,2.8,
20250223,8,6,1,5,24,1900,1,10,310,160,150,610,700,1270,7940,19780,320,1480,2490,9,1,6,7,2,4,5,8,3,10,0,0,0,0,0,0,0,0,0.213,4.0,
20250223,5,1,1,703,23,1400,1,16,470,200,390,310,2990,5170,8760,36450,1050,770,2520,7,8,1,12,11,2,3,5,9,6,4,13,16,15,14,10,0,0,0.220,2.6,
20250223,8,3,1,703,24,1400,1,16,1070,260,140,150,1440,4500,2330,17850,560,610,390,2,3,1,8,5,12,15,4,11,10,6,9,7,14,13,16,0,0,0.223,2.9,
20250223,8,5,1,703,18,1800,1,16,350,140,130,150,730,1530,1190,5670,310,380,280,2,3,4,12,1,5,7,6,14,8,15,10,16,9,13,11,0,0,0.168,3.1,
20250223,8,8,2,5,24,1800,1,12,490,180,260,190,2170,4050,5200,21520,790,790,1120,1,4,5,3,12,10,2,9,6,8,7,11,0,0,0,0,0,0,0.198,4.9,
20250223,5,4,1,703,11,1800,1,16,490,160,590,120,8890,14520,4760,43200,2190,240,1310,5,3,12,6,4,11,1,0,9,8,7,13,10,2,15,14,0,0,0.166,5.2,
20250223,5,5,1,5,11,1600,1,13,500,130,110,110,1100,2220,360,4390,270,200,150,1,2,3,4,5,6,8,7,11,9,10,13,12,0,0,0,0,0,0.232,5.0,
20250223,5,6,2,5,11,1800,1,16,350,140,170,150,950,1710,1350,6220,340,350,470,3,1,2,6,4,11,14,5,8,13,7,9,12,0,10,15,0,0,0.304,3.5,
20250223,5,7,2,10,23,2100,1,14,220,120,420,250,2250,3230,5780,23960,830,430,1850,1,13,12,5,7,3,10,4,14,2,9,6,11,8,0,0,0,0,0.216,2.2,
20250223,5,8,2,10,11,1400,1,12,3920,700,150,260,2710,8690,10660,107250,940,4760,720,2,9,7,12,5,1,10,3,4,6,8,11,0,0,0,0,0,0,0.332,2.6,
20250223,5,9,1,999,23,1600,1,10,180,110,190,440,660,840,5060,13920,300,900,2730,5,6,7,2,1,8,9,4,10,3,0,0,0,0,0,0,0,0,0.230,8.6,
20250223,5,10,2,16,11,2000,1,12,370,150,400,170,4600,6410,7130,41350,1470,450,2010,1,6,9,3,5,11,2,8,12,4,7,10,0,0,0,0,0,0,0.247,3.7,
20250223,5,11,2,999,23,1600,1,16,430,170,210,150,1830,2970,2140,13510,720,420,440,1,2,11,10,5,3,6,14,4,9,7,15,13,16,8,11,0,0,0.215,4.3,
20250223,8,12,2,10,24,1400,1,12,340,150,150,180,770,1260,1310,5060,350,420,490,5,3,2,1,10,11,8,7,9,6,4,12,0,0,0,0,0,0,0.316,3.1,
20250223,8,11,2,999,24,1200,1,16,370,190,350,250,2880,5110,7560,36270,1050,760,1700,4,1,12,8,3,15,5,16,6,14,9,2,7,13,10,11,0,0,0.202,2.3,
20250223,8,10,1,999,17,1200,1,8,950,230,370,600,5320,9970,25280,160310,1400,2110,3360,1,4,5,0,2,7,6,3,0,0,0,0,0,0,0,0,0,0,0.221,9.5,
20250223,5,12,2,10,23,1400,1,14,330,170,820,840,5720,7620,52380,176540,1770,1910,12360,5,10,4,1,8,7,3,2,12,14,6,13,11,9,0,0,0,0,0.409,7.3,
20250223,8,1,1,703,24,1200,1,14,280,110,440,120,3550,5980,2850,16760,1070,200,1230,10,3,1,9,12,8,14,7,11,13,5,6,2,4,0,0,0,0,0.239,14.1,
20250223,8,2,1,703,24,1800,1,16,1190,210,150,110,2710,7370,1370,18630,730,400,260,3,15,2,12,6,11,1,16,5,8,4,9,7,14,13,10,0,0,0.268,1.6,
20250223,8,7,2,5,18,2400,1,10,1440,270,140,180,1180,2910,2620,22980,380,1070,380,2,3,5,6,1,7,10,4,8,9,0,0,0,0,0,0,0,0,0.292,2.3,
20250223,8,9,2,16,18,1400,1,9,1580,420,240,270,6700,13590,14990,123460,2100,1600,1340,9,4,8,2,5,6,1,6,3,0,0,0,0,0,0,0,0,0,0.202,6.8,
20250223,10,12,2,5,17,1200,1,18,320,150,270,180,2100,3320,2960,15560,810,380,800,1,11,8,14,7,4,3,17,12,6,5,18,9,2,10,13,16,15,0.196,3.2,
20250223,10,11,2,999,17,1800,1,14,660,220,380,670,3990,7920,31050,160400,1220,2630,4510,7,8,2,13,9,10,1,5,4,12,11,3,6,0,0,0,0,0,0.151,17.6,
20250223,10,10,2,10,24,1700,1,14,1000,280,190,320,2000,4830,6950,40790,710,1690,920,2,3,4,1,8,5,11,10,14,7,6,13,9,12,0,0,0,0,0.180,4.0,
20250223,10,9,2,5,17,1800,1,14,650,170,190,120,2620,5510,2400,17170,820,340,480,8,3,2,12,10,4,9,1,7,6,14,5,11,13,0,0,0,0,0.281,3.5,
20250223,10,8,2,5,24,2400,1,14,230,120,170,150,720,1220,1320,4740,280,310,590,1,2,3,4,14,6,13,7,10,5,11,8,12,9,0,0,0,0,0.281,2.3,
20250223,10,7,2,5,17,2000,1,12,270,130,140,150,670,1300,1100,4280,300,390,340,5,1,2,3,7,6,9,4,11,8,10,12,0,0,0,0,0,0,0.191,6.2,
20250223,10,6,1,703,24,1700,1,12,190,110,210,150,990,1480,1490,5530,380,250,710,1,3,8,12,9,2,5,4,7,11,10,6,0,0,0,0,0,0,0.271,1.9,
20250223,10,5,1,703,17,2000,1,13,360,180,300,880,2620,4980,20110,99810,930,2440,3480,5,7,8,1,2,11,9,4,6,3,12,13,10,0,0,0,0,0,0.213,8.9,
20250223,10,3,1,703,24,1000,1,14,240,120,200,490,740,1390,3540,10410,250,870,720,1,14,7,3,9,2,13,5,6,8,11,3,12,10,0,0,0,0,0.178,2.4,
20250223,10,2,1,703,17,1200,1,18,270,150,1330,350,10980,15550,35350,214220,3360,740,8820,1,7,5,4,15,12,8,3,13,9,14,6,16,2,11,10,18,17,0.233,2.7,
20250223,10,1,1,703,24,1700,1,10,430,150,170,120,1360,2620,1110,8390,440,280,300,2,1,3,5,8,4,7,6,10,9,0,0,0,0,0,0,0,0,0.276,5.9,
20250223,5,2,1,703,23,2100,1,16,250,130,440,170,3180,4910,3410,18160,1050,280,1550,3,5,1,7,15,10,12,2,13,9,16,14,4,6,11,8,0,0,0.244,4.9,
20250301,10,10,2,10,17,1200,1,18,590,190,130,300,1060,2290,4580,25560,460,1710,710,2,5,14,6,15,10,1,4,7,11,9,12,13,3,18,16,8,17,0.204,2.4,
20250301,6,2,1,703,24,1200,1,16,540,150,110,140,630,1450,610,3840,270,350,240,2,3,1,5,13,16,15,9,4,8,12,14,6,7,10,11,0,0,0.340,2.5,
20250301,6,3,1,703,24,1800,1,16,570,180,210,140,1920,3890,1940,12870,720,370,400,5,3,8,1,4,11,16,15,13,14,7,2,12,9,10,6,0,0,0.190,3.2,
20250301,6,4,2,5,24,1800,1,13,1350,220,170,250,1430,4660,3170,25600,460,960,450,4,2,11,8,10,1,3,5,9,6,12,13,7,0,0,0,0,0,0.309,2.3,
20250301,6,5,1,703,17,2000,1,18,3900,1090,550,220,37210,79430,54630,307470,9380,3130,1730,14,4,10,2,7,18,5,3,1,12,15,11,16,13,17,9,6,8,0.208,4.2,
20250301,6,6,1,703,17,1800,1,16,2630,570,110,900,1940,6210,21890,141420,980,14300,1390,2,14,7,4,6,3,8,1,10,15,5,16,11,9,12,13,0,0,0.321,1.7,
20250301,6,7,1,5,17,1800,1,9,230,120,230,110,2010,2550,1030,6670,580,160,470,3,2,1,4,7,6,8,5,9,0,0,0,0,0,0,0,0,0,0.258,2.4,
20250301,6,8,2,5,24,1200,1,16,2000,690,1530,1980,19760,49910,130470,728220,4360,3920,9840,6,16,2,12,11,9,4,1,5,15,3,14,7,10,13,8,0,0,0.344,1.6,
20250301,6,9,1,5,18,2200,1,13,6900,970,130,1810,6350,20910,105620,925300,2320,24260,3450,13,2,5,9,6,7,1,11,8,4,3,10,12,0,0,0,0,0,0.272,5.7,
20250301,6,10,2,16,24,1200,1,16,310,140,160,480,570,1160,3720,13050,290,1070,1230,13,2,11,1,15,14,6,4,10,8,7,3,12,16,5,9,0,0,0.234,13.6,
20250301,6,11,2,999,18,1200,1,15,270,140,230,280,1270,2060,4060,16290,520,590,1310,1,3,10,7,9,4,2,5,13,8,15,14,6,12,11,0,0,0,0.354,2.7,
20250301,6,12,2,10,24,1800,1,14,170,120,140,340,330,470,1740,4530,210,640,1030,1,2,8,5,10,7,3,13,9,11,4,6,12,14,0,0,0,0,0.482,1.7,
20250301,9,1,1,703,24,1800,1,12,1090,480,700,890,9420,21270,42700,312770,2220,2820,4010,11,5,1,8,10,12,2,6,3,9,4,7,0,0,0,0,0,0,0.330,2.0,
20250301,9,2,1,703,24,1200,1,16,220,110,350,400,2160,2750,9260,28660,800,700,4470,1,4,6,3,10,2,7,9,12,5,15,8,13,11,16,14,0,0,0.268,2.2,
20250301,9,3,1,703,24,1800,1,16,470,140,110,160,540,1330,1470,7060,220,600,320,2,1,6,4,9,3,5,8,16,11,13,14,15,7,12,10,0,0,0.229,2.0,
20250301,9,4,1,703,24,1400,1,16,1140,330,150,120,2290,4940,2460,16390,860,740,260,2,10,6,3,8,1,13,5,15,12,4,9,11,14,16,7,0,0,0.244,3.9,
20250301,9,5,1,703,18,1600,1,18,290,140,140,230,940,1660,3390,14320,390,660,970,2,6,7,3,1,9,14,18,4,16,8,5,10,11,13,12,15,17,0.178,3.6,
20250301,9,6,2,5,24,1800,1,16,240,130,180,170,960,1600,1890,8260,380,410,660,1,2,3,11,4,14,6,7,8,10,9,16,12,5,13,15,0,0,0.256,2.4,
20250301,9,7,2,5,24,1400,1,16,760,240,160,1940,1590,4260,35480,163940,670,12090,4860,13,2,9,6,5,11,14,7,1,4,12,3,16,10,8,15,0,0,0.251,15.3,
20250301,9,8,2,10,24,1800,1,10,3060,320,120,130,3320,11100,2650,50650,820,800,210,2,10,3,9,8,4,6,5,7,1,0,0,0,0,0,0,0,0,0.457,2.2,
20250301,9,9,1,999,17,2200,1,8,450,150,150,120,1370,2530,1030,7300,410,280,240,3,7,6,2,1,8,4,5,0,0,0,0,0,0,0,0,0,0,0.199,2.8,
20250301,9,10,2,16,17,3000,1,10,240,120,220,120,1730,2490,1170,6640,530,180,500,3,8,2,4,1,6,7,9,10,5,0,0,0,0,0,0,0,0,0.282,2.7,
20250301,9,11,2,999,24,2000,1,16,3100,850,510,540,25510,55030,114110,659160,6340,6270,3100,5,9,1,15,8,2,3,16,12,4,10,11,14,6,7,13,0,0,0.167,4.0,
20250301,9,12,2,10,17,1400,1,15,480,210,250,320,2350,3810,6090,28970,830,1050,970,12,2,8,3,1,14,4,13,15,9,11,5,6,7,10,0,0,0,0.198,6.8,
20250301,10,1,1,703,17,1800,1,16,24620,4490,180,460,76820,247180,270990,2959910,14020,33630,1300,11,6,2,12,10,4,9,15,14,5,7,16,3,13,1,8,0,0,0.379,3.5,
20250301,10,2,1,703,17,1200,1,18,440,160,130,240,660,1660,2280,10920,270,570,790,2,7,1,16,6,3,8,15,5,14,9,4,18,11,12,10,17,13,0.249,3.4,
20250301,10,3,2,5,24,1000,1,14,360,130,210,130,910,1830,1760,12180,350,260,690,1,5,7,4,3,9,6,2,11,14,12,10,8,13,0,0,0,0,0.291,3.6,
20250301,10,6,1,703,17,2000,1,18,580,210,800,250,10890,18670,26730,175890,3780,940,3130,1,3,9,2,7,12,13,10,4,6,18,16,5,8,15,11,14,17,0.260,5.8,
20250301,10,7,1,703,24,1700,1,16,460,150,160,120,1340,2820,970,6210,390,250,300,2,3,4,7,0,5,14,12,9,1,11,6,8,13,10,15,0,0,0.213,6.5,
20250301,10,8,2,5,17,1800,1,15,190,110,190,130,820,1570,1070,5340,370,180,510,3,1,10,11,2,13,7,5,12,14,8,4,6,15,9,0,0,0,0.309,4.0,
20250301,10,9,2,5,17,2600,1,16,290,130,190,170,1240,2120,2330,10120,480,370,500,1,3,2,7,5,10,5,9,4,12,8,15,16,11,14,13,0,0,0.198,2.9,
20250301,10,11,2,10,24,1700,1,15,930,300,290,250,4430,8880,12120,78750,1470,1530,1060,5,2,4,14,3,8,7,1,12,9,13,11,6,10,15,0,0,0,0.260,4.0,
20250301,10,12,2,5,17,1200,1,18,3560,960,170,520,9090,25710,56210,534600,2700,5660,1890,16,9,13,8,6,2,11,12,17,1,7,10,4,5,14,15,3,18,0.177,8.8,
20250302,6,1,1,703,24,1200,1,16,320,120,110,430,260,600,1430,5880,150,610,710,2,1,3,13,7,6,11,14,4,10,9,12,16,5,8,15,0,0,0.237,1.8,
20250302,10,12,2,5,24,1700,2,16,350,160,300,2040,1980,3140,57910,180530,800,6170,12000,10,1,6,4,2,5,11,12,16,14,7,3,15,13,9,8,0,0,0.155,7.5,
20250302,10,11,2,16,17,2000,3,13,1240,330,280,370,4000,8920,12340,79110,1240,1880,1220,5,4,13,9,2,8,6,11,3,12,10,7,1,0,0,0,0,0,0.160,4.3,
20250302,10,10,2,10,17,1800,3,16,1530,460,260,320,5790,13940,14990,130740,2070,2140,850,4,10,5,1,12,13,2,15,9,6,3,7,10,8,14,16,0,0,0.210,3.3,
20250302,10,9,1,5,17,1200,3,18,710,150,130,150,840,1840,1380,11650,280,620,280,11,2,1,15,16,3,10,14,4,13,5,12,6,9,17,7,8,18,0.182,12.4,
20250302,10,8,2,5,24,1700,3,14,350,140,320,140,2600,3680,3080,17340,950,310,930,1,8,3,5,14,2,12,7,6,9,10,4,13,11,0,0,0,0,0.234,3.5,
20250302,10,7,2,5,17,1200,3,18,6130,1630,330,630,13350,22290,122240,885280,3970,14830,2450,7,2,3,4,13,6,0,14,12,17,1,5,10,15,11,9,16,8,0.194,8.4,
20250302,10,6,2,5,17,2000,3,18,710,250,210,150,4260,8560,5910,42790,1670,770,500,3,7,12,5,1,2,4,15,9,11,16,14,10,6,8,13,17,18,0.183,2.8,
20250302,10,5,1,703,17,1800,3,16,1400,350,790,150,21740,39270,19270,171590,5390,940,2210,3,6,10,5,12,13,14,4,8,15,1,9,2,7,16,11,0,0,0.222,3.0,
20250302,10,3,1,703,24,1000,2,14,230,120,160,130,1080,1860,790,5560,350,200,360,1,6,8,13,2,5,3,9,7,14,12,4,11,10,0,0,0,0,0.210,2.3,
20250302,10,2,1,703,17,1200,2,18,550,170,150,380,990,1990,3880,16590,420,1190,910,7,18,10,2,1,9,8,3,14,15,17,12,13,6,11,16,5,4,0.147,4.0,
20250302,10,1,1,703,24,1700,2,16,140,110,210,250,620,880,1540,4020,320,390,1030,1,10,3,2,8,5,16,4,12,7,13,11,6,9,15,14,0,0,0.397,1.4,
20250302,9,12,2,10,24,1200,1,16,380,180,1860,200,14300,22440,19370,126530,4330,470,5740,6,7,1,4,14,10,8,9,3,12,5,16,13,15,2,11,0,0,0.214,15.6,
20250302,9,11,1,999,18,1600,1,14,3930,690,380,140,24010,64260,15660,192330,5650,1290,930,3,10,5,9,11,14,6,7,8,4,1,2,13,12,0,0,0,0,0.312,2.9,
20250302,9,10,2,16,24,1800,1,10,350,100,100,150,180,700,460,2520,120,320,250,2,7,1,3,8,5,10,4,6,9,0,0,0,0,0,0,0,0,0.319,1.4,
20250302,9,9,2,10,17,2200,1,9,340,120,110,230,280,590,1300,4750,180,650,430,2,9,5,1,6,3,7,4,8,0,0,0,0,0,0,0,0,0,0.484,1.8,
20250302,9,8,2,5,18,1600,1,14,520,250,490,750,7070,11130,53600,202400,1940,2690,8760,5,4,1,12,9,2,13,6,7,8,3,10,11,14,0,0,0,0,0.253,2.8,
20250302,9,1,1,703,24,1800,1,12,330,150,120,440,360,780,3870,12460,210,1300,1090,2,4,9,7,12,3,11,1,6,10,5,8,0,0,0,0,0,0,0.286,2.4,
20250302,6,12,2,10,24,1200,1,16,1330,300,140,320,2040,6110,8770,59120,760,2810,760,2,15,7,5,6,8,4,1,3,14,10,13,12,11,16,9,0,0,0.368,2.6,
20250302,6,11,2,999,17,1800,1,16,310,140,190,130,1050,1540,1360,5800,480,260,440,3,1,9,12,8,2,7,13,4,16,15,11,14,5,6,10,0,0,0.329,2.8,
20250302,6,10,2,16,18,1200,1,16,290,140,310,140,2430,3190,2470,13900,920,260,1010,1,12,3,10,4,2,14,11,0,8,6,15,5,7,9,13,0,0,0.199,2.9,
20250302,6,9,2,10,17,1800,1,11,4120,960,3470,420,117000,279300,219320,2508520,18760,2830,15110,5,6,9,4,1,3,8,10,7,2,11,0,0,0,0,0,0,0,0.555,1.8,
20250302,6,8,2,5,24,1800,1,16,520,210,680,220,6830,9840,8810,54210,1620,440,1930,10,1,6,11,3,15,13,16,5,8,2,9,7,12,4,14,0,0,0.194,3.9,
20250302,6,7,1,5,18,1600,1,9,320,110,190,110,1870,3350,1050,9010,400,150,350,1,3,6,5,2,0,7,4,8,0,0,0,0,0,0,0,0,0,0.303,3.2,
20250302,6,6,1,5,24,1800,1,16,1150,310,120,710,850,2590,6700,36120,450,3530,940,2,8,12,6,11,7,14,9,1,4,3,10,13,5,15,16,0,0,0.252,1.9,
20250302,9,3,1,703,24,2000,1,12,190,110,130,140,410,630,800,2290,210,300,440,1,2,3,11,9,12,4,6,7,5,10,8,0,0,0,0,0,0,0.192,1.9,
20250302,9,4,1,5,24,1200,1,16,340,160,210,1030,1000,1540,15990,49820,430,2850,4450,10,2,6,9,14,1,8,4,13,15,16,7,5,3,11,12,0,0,0.214,19.8,
20250302,9,5,1,703,18,1800,1,18,3260,710,160,600,3640,8510,25460,181990,1740,6630,1730,2,16,11,8,7,1,3,15,4,9,17,10,13,12,6,5,18,14,0.162,2.4,
20250302,9,6,1,703,17,2000,1,16,1490,420,240,280,5200,13840,13100,110890,1710,1440,1030,5,7,4,13,16,3,11,2,8,10,14,6,1,9,12,15,0,0,0.178,5.6,
20250302,9,7,2,5,24,1400,1,16,530,170,180,110,2880,6590,1630,18700,730,280,310,3,16,4,1,8,11,2,7,10,13,5,6,12,9,15,14,0,0,0.307,1.8,
20250302,6,5,1,703,18,2200,1,18,320,160,6150,180,52370,80940,55940,389890,14710,350,20800,1,4,7,3,14,18,2,5,9,15,16,17,13,8,10,11,6,12,0.193,3.2,
20250302,6,4,1,703,24,1800,1,16,680,150,110,190,440,1470,1230,8380,220,770,290,2,5,1,10,3,11,14,16,12,6,4,13,8,9,15,7,0,0,0.338,1.6,
20250302,6,3,1,703,24,1200,1,16,330,150,260,600,1830,2850,9570,34880,610,1300,2840,5,1,6,7,2,14,15,9,3,11,10,8,13,12,4,16,0,0,0.318,2.6,
20250302,6,2,1,703,24,1800,1,16,250,150,880,1360,7460,9950,88320,242550,1810,2600,22330,1,5,6,9,3,11,4,13,15,10,12,7,16,14,2,8,0,0,0.193,2.5,
20250308,6,7,1,5,18,1600,1,10,230,140,1110,240,8040,9480,24960,102930,1940,530,7670,7,1,4,8,3,9,5,6,10,2,0,0,0,0,0,0,0,0,0.380,2.7,
20250308,6,1,1,703,24,1200,3,16,420,200,640,790,4350,6170,35910,137600,1560,2010,5690,8,1,5,6,9,11,12,15,14,16,13,3,2,7,4,10,0,0,0.165,2.0,
20250308,6,3,1,703,24,1200,3,16,170,110,110,1690,190,360,7010,17780,140,3120,4620,1,2,11,16,9,4,15,3,8,10,7,5,12,13,14,6,0,0,0.335,1.7,
20250308,6,2,1,703,24,1800,3,16,260,110,170,120,1030,1550,940,5290,400,200,440,3,1,6,10,2,5,4,9,12,8,7,14,16,15,11,13,0,0,0.280,3.2,
20250308,6,5,1,703,17,2000,1,15,150,110,140,170,360,530,790,2230,200,250,620,1,4,3,6,7,2,5,9,10,14,11,8,13,12,15,0,0,0,0.337,1.5,
20250308,6,6,1,703,24,1800,2,16,280,130,130,190,480,860,1570,5530,230,540,470,2,3,1,15,9,10,5,7,6,4,11,13,8,14,16,12,0,0,0.417,3.1,
20250308,6,8,2,5,24,1800,2,16,670,270,210,240,2330,4610,7490,31920,1020,1190,1000,1,2,6,8,12,3,10,4,7,11,9,13,14,15,5,16,0,0,0.223,6.7,
20250308,6,9,2,10,17,2500,1,10,210,110,110,110,400,660,230,980,160,140,180,3,1,7,2,8,9,6,4,5,10,0,0,0,0,0,0,0,0,0.338,2.8,
20250308,6,10,2,16,24,1800,2,16,220,140,320,300,2390,3540,11290,36290,970,810,2850,1,7,9,8,4,3,12,10,2,6,15,14,16,5,11,13,0,0,0.530,2.2,
20250308,6,11,2,999,17,1800,1,14,580,200,320,150,3490,5260,5820,34820,1260,580,1100,3,1,7,12,4,10,2,13,6,8,5,14,9,11,0,0,0,0,0.243,3.8,
20250308,6,12,2,5,18,1600,1,16,260,150,490,220,4250,5720,8510,41990,1360,470,1960,1,3,14,7,2,8,11,4,5,6,16,10,9,13,12,15,0,0,0.218,2.6,
20250308,9,1,1,703,24,1400,1,16,710,200,320,310,3030,6920,9730,63730,930,1060,1270,8,1,2,3,4,10,12,15,16,13,5,6,9,7,11,14,0,0,0.226,3.4,
20250308,9,2,1,703,24,1800,1,12,340,130,110,210,400,830,1160,5070,170,470,390,2,5,1,10,3,12,11,4,6,9,8,7,0,0,0,0,0,0,0.212,2.4,
20250308,9,3,1,703,24,1200,1,16,160,110,310,210,1100,1380,1480,5700,450,280,1300,1,4,3,16,9,2,13,7,6,11,5,15,14,12,8,10,0,0,0.367,1.6,
20250308,9,4,1,5,24,1800,1,12,260,130,220,430,890,1710,4680,15190,410,710,1890,6,1,3,11,12,8,7,10,9,5,2,4,0,0,0,0,0,0,0.161,6.6,
20250308,9,5,1,703,17,2000,1,13,310,180,730,500,4520,6950,18080,75590,1450,1010,3670,4,5,1,3,7,13,9,12,11,8,2,6,10,0,0,0,0,0,0.306,2.2,
20250308,9,6,1,703,18,2400,1,10,200,110,120,110,500,740,430,1560,190,180,240,1,2,5,3,9,6,10,4,7,8,0,0,0,0,0,0,0,0,0.245,2.0,
20250308,9,7,2,5,24,2000,1,10,3440,940,710,290,44730,108330,94180,700250,9360,3170,2420,4,5,7,6,3,2,10,8,1,9,0,0,0,0,0,0,0,0,0.377,2.8,
20250308,9,8,2,5,24,1200,1,16,2890,500,210,160,7550,14710,7750,69620,1630,1240,490,3,2,16,10,7,9,6,5,1,4,8,12,11,15,13,14,0,0,0.217,3.6,
20250308,9,9,2,10,17,2000,1,12,690,160,190,110,2670,5620,1640,15390,820,310,350,3,7,2,6,8,5,1,4,12,10,11,9,0,0,0,0,0,0,0.389,2.0,
20250308,9,10,2,16,24,1200,1,16,610,180,170,180,1240,2560,1820,10090,450,450,400,3,2,8,4,1,10,12,15,5,11,14,6,13,9,16,7,0,0,0.220,4.4,
20250308,9,11,1,999,17,1400,1,18,670,260,1690,330,39270,50350,101130,543240,10150,1240,10710,1,3,15,11,5,12,10,17,18,4,16,14,2,7,9,13,8,6,0.181,6.7,
20250308,9,12,2,10,17,1200,1,11,4510,830,280,170,19940,40310,17680,230290,4840,1890,760,3,2,6,8,4,7,11,10,1,5,9,0,0,0,0,0,0,0,0.273,3.7,
20250309,6,7,2,5,24,1200,3,16,270,140,200,160,1280,1880,2010,8070,480,440,600,5,1,12,15,8,11,2,7,3,10,6,4,0,14,9,13,0,0,0.292,3.4,
20250309,6,8,2,10,18,1600,2,16,230,120,410,160,3130,5050,4640,27240,1110,310,1210,3,1,7,15,14,6,10,2,8,9,4,11,16,11,5,13,0,0,0.243,4.0,
20250309,6,9,2,16,17,2500,2,12,170,110,320,290,1700,2340,5570,16370,660,530,2190,1,8,5,7,3,11,6,2,4,12,9,10,0,0,0,0,0,0,0.480,1.7,
20250309,6,10,2,999,24,1800,3,16,2180,600,220,1320,4110,12800,23900,239810,970,6060,1540,4,2,1,11,3,5,9,16,6,13,8,14,12,10,7,15,0,0,0.580,1.4,
20250309,6,2,1,703,24,1200,3,16,280,130,490,250,3880,6320,8550,41300,1020,510,3590,10,3,1,6,13,8,2,5,9,15,14,11,4,16,7,12,0,0,0.158,6.5,
20250309,6,11,1,999,17,2000,2,14,1690,380,200,270,3380,10740,10350,85910,1080,1710,880,12,4,2,11,3,10,14,6,13,5,1,8,9,7,0,0,0,0,0.188,5.3,
20250309,6,3,1,703,24,1800,3,16,140,110,120,340,230,310,1840,4240,150,580,780,1,2,4,15,5,0,9,12,8,14,3,7,11,10,13,6,0,0,0.454,1.4,
20250309,6,5,1,703,18,1600,2,16,380,180,230,1740,1660,3130,44330,114490,600,5160,10010,7,6,1,5,0,4,12,8,14,10,13,9,11,3,15,2,0,0,0.106,17.9,
20250309,9,4,1,5,24,1400,1,16,430,180,470,190,5450,8170,8260,54210,1920,670,1230,1,4,11,3,7,9,15,5,2,14,6,13,16,12,8,10,0,0,0.260,4.3,
20250309,9,3,1,703,24,1800,1,12,190,110,110,390,170,340,1100,3030,120,580,780,1,2,6,3,0,11,8,9,5,4,7,10,0,0,0,0,0,0,0.343,1.9,
20250309,9,2,1,703,24,1400,1,16,240,140,210,1030,920,1420,13120,38600,430,1870,4040,1,15,7,6,2,4,5,14,9,8,10,3,16,11,13,12,0,0,0.237,2.4,
20250309,9,1,1,703,24,1800,1,15,290,130,180,290,850,1340,2680,8950,370,760,700,1,6,4,12,14,10,8,5,15,2,9,3,11,13,7,0,0,0,0.237,2.9,
20250309,6,12,2,10,24,1800,3,15,340,160,160,330,790,1420,3510,12830,380,1050,980,2,6,1,4,9,13,14,3,12,11,8,10,5,7,0,0,0,0,0.333,4.0,
20250309,6,1,1,703,24,1800,3,16,2450,590,1340,190,65890,133750,56220,441880,12590,850,2690,5,3,4,10,13,11,15,7,1,16,2,12,8,6,9,14,0,0,0.247,1.7,
20250309,9,12,2,10,24,1400,1,14,1100,270,130,140,2050,5210,2610,20620,700,740,270,1,6,3,2,4,9,7,12,5,11,8,12,10,14,0,0,0,0,0.179,11.0,
20250309,9,11,2,999,18,1800,1,14,430,160,180,140,1460,2760,1900,10730,560,370,560,10,1,2,3,5,11,14,4,13,12,8,6,9,7,0,0,0,0,0.205,3.4,
20250309,9,10,2,16,17,1200,1,12,3290,510,250,150,13380,30020,7190,94090,2530,960,470,4,9,3,2,7,6,10,5,8,11,1,12,0,0,0,0,0,0,0.185,6.5,
20250309,9,9,1,5,18,1800,1,8,290,140,220,280,1550,2490,4210,17210,510,750,1000,7,2,3,4,1,6,8,5,0,0,0,0,0,0,0,0,0,0,0.180,3.8,
20250309,9,8,2,10,24,1800,1,12,390,190,560,400,4140,5880,21990,81780,1970,1410,4870,10,7,5,2,11,8,1,4,12,3,6,9,0,0,0,0,0,0,0.198,6.5,
20250309,9,7,2,5,17,2000,1,9,370,160,280,620,2100,3640,19020,69030,670,2060,4200,7,1,4,9,8,5,6,3,2,0,0,0,0,0,0,0,0,0,0.163,5.9,
20250309,9,6,2,5,24,1800,1,11,120,100,190,130,490,720,720,2060,270,140,520,1,3,2,7,5,11,4,6,8,10,9,0,0,0,0,0,0,0,0.431,1.2,
20250315,6,9,2,10,24,2400,2,14,1070,350,370,360,4920,8380,12310,61970,1680,1580,1420,6,10,2,8,1,3,5,7,4,11,13,9,12,14,0,0,0,0,0.268,2.0,
20250315,6,1,1,703,24,1200,2,16,360,460,2320,1980,9640,14690,55020,282150,2550,2050,9270,4,6,1,8,9,3,16,13,15,12,10,2,5,14,11,7,0,0,0.216,11.7,
20250315,6,2,1,703,24,1800,2,16,1180,300,210,900,1090,3550,17600,113590,370,4740,2810,5,4,2,10,13,12,11,1,9,3,14,15,8,16,6,7,0,0,0.289,2.0,
20250315,6,3,1,703,24,1200,2,16,230,150,730,620,4010,5660,34580,81120,1640,1580,6260,1,12,7,5,10,16,6,11,14,4,9,2,15,8,3,13,0,0,0.289,2.3,
20250315,6,5,1,703,18,2200,1,18,480,220,210,590,1470,2420,7810,25270,630,1460,1230,2,7,5,1,18,4,13,8,9,11,3,6,17,15,14,10,16,12,0.251,6.7,
20250315,6,6,1,703,17,1800,1,16,150,110,360,820,1360,1450,14450,33690,600,1630,8090,1,2,5,11,6,10,16,3,13,7,15,8,9,4,14,12,0,0,0.316,1.5,
20250315,6,7,1,5,24,1800,2,16,150,110,290,130,1740,2080,1030,5040,540,150,560,1,12,3,9,16,4,2,11,14,13,10,7,6,8,15,5,0,0,0.425,1.5,
20250315,6,10,2,16,18,1600,1,13,1790,410,250,190,7010,15050,9880,86260,1680,1700,660,9,3,12,11,2,13,8,4,1,5,6,7,10,0,0,0,0,0,0.174,3.9,
20250315,6,12,2,10,18,1200,1,16,1660,430,630,450,14510,32140,76400,486960,3580,2970,4580,7,12,5,10,4,13,3,1,2,14,8,9,6,15,11,16,0,0,0.218,2.4,
20250315,7,2,1,703,23,1200,1,16,350,150,400,230,3550,5130,8100,53640,1230,580,2780,4,3,8,1,2,6,14,5,9,7,11,12,16,15,10,13,0,0,0.203,9.8,
20250315,7,3,1,703,11,1600,1,16,290,110,110,140,210,610,330,2000,130,270,230,2,1,3,13,16,14,5,6,15,12,8,10,4,7,9,11,0,0,0.198,1.6,
20250315,7,5,1,703,11,2000,1,18,460,150,120,220,600,1230,2120,9740,240,970,640,8,4,2,1,7,9,12,14,15,11,10,6,13,3,0,5,16,17,0.180,34.9,
20250315,7,6,1,5,23,1800,1,13,400,160,460,430,3130,5310,16850,78530,790,1470,4510,8,7,10,2,5,6,3,9,1,11,13,4,12,0,0,0,0,0,0.161,4.2,
20250315,7,7,2,5,23,1400,1,15,520,230,320,660,3270,4820,25260,97340,1140,2060,4090,4,5,1,8,2,14,12,10,9,3,6,11,15,7,13,0,0,0,0.143,4.6,
20250315,7,9,2,10,23,1200,1,16,220,130,160,1810,520,1010,32490,81750,290,7290,12530,2,9,1,6,15,11,4,13,7,10,16,8,12,5,14,3,0,0,0.209,4.7,
20250315,7,10,2,10,11,2000,1,13,240,130,280,510,1530,2210,8550,34080,580,1090,2220,3,13,2,4,8,1,6,5,7,9,11,12,10,0,0,0,0,0,0.173,24.0,
20250315,7,11,2,16,23,1400,1,16,430,130,120,130,1110,2130,920,4440,280,280,330,2,1,3,3,7,6,10,13,9,14,16,8,12,5,11,15,0,0,0.200,4.1,
20250315,7,12,2,5,11,1400,1,18,530,190,160,210,1360,2920,3490,17980,490,730,770,2,1,3,6,16,4,12,10,15,9,17,8,7,11,13,5,14,18,0.180,3.9,
20250315,9,1,1,703,24,1800,1,12,410,130,110,150,330,750,490,2070,190,260,250,2,3,7,1,12,10,8,4,6,5,9,11,0,0,0,0,0,0,0.255,2.2,
20250315,9,11,2,999,24,1400,1,11,2980,600,210,150,6250,17930,7200,79320,1740,1520,400,2,3,7,8,5,1,4,9,6,10,11,0,0,0,0,0,0,0,0.196,6.3,
20250315,7,4,1,703,23,1800,1,15,120,110,170,300,610,950,3370,7030,380,460,1750,1,10,8,12,14,3,2,4,11,5,6,15,13,9,7,0,0,0,0.525,1.2,
20250315,6,11,1,999,18,1600,1,12,990,230,140,140,2040,5230,1960,16120,670,530,290,3,9,1,2,7,5,4,10,8,6,12,11,0,0,0,0,0,0,0.216,2.6,
20250315,6,8,2,5,24,1200,2,16,650,200,140,450,970,2100,5470,24960,430,1920,930,6,2,1,3,4,16,10,8,14,9,12,11,13,5,7,15,0,0,0.232,14.5,
20250315,9,12,2,10,24,1800,1,10,250,110,200,120,1390,2570,1410,8790,490,180,530,3,1,4,2,8,5,9,7,6,10,0,0,0,0,0,0,0,0,0.307,2.9,
20250315,9,10,2,16,18,1800,1,15,380,180,270,490,1630,2440,8910,24070,720,1440,2700,6,5,1,9,4,7,12,8,14,2,3,13,10,15,11,0,0,0,0.219,2.7,
20250315,9,9,1,5,18,2400,1,12,400,160,250,180,2200,4130,4060,21360,730,570,720,3,5,8,1,10,4,2,9,7,6,12,11,0,0,0,0,0,0,0.353,4.6,
20250315,9,7,2,5,24,1400,1,16,1630,430,1530,710,33720,76130,107950,588290,7730,2850,11180,12,4,11,3,1,5,9,10,2,8,13,14,16,7,6,15,0,0,0.310,2.8,
20250315,9,6,1,5,24,1400,1,16,400,210,200,450,1050,1790,4710,18110,460,910,1090,5,1,8,12,6,7,2,15,16,10,3,9,4,13,11,14,0,0,0.215,2.1,
20250315,9,4,1,703,17,1400,1,18,780,330,360,940,4340,8080,57560,295700,1580,5180,5070,12,7,1,10,5,17,4,14,6,3,13,11,16,0,2,8,15,9,0.143,4.1,
20250315,9,5,1,703,18,1800,1,18,260,140,310,1470,1840,3050,42220,162240,790,4740,10750,11,16,1,6,7,18,10,2,14,13,5,4,8,9,3,15,12,17,0.261,3.9,
20250315,9,3,1,703,24,1800,1,13,540,160,110,140,650,1510,950,6540,280,420,230,3,2,1,13,8,4,7,9,12,5,6,10,11,0,0,0,0,0,0.251,5.6,
20250315,9,2,1,703,24,1200,1,16,980,400,470,1120,5460,7280,64820,146210,1900,6460,4390,11,7,10,2,6,13,1,12,4,9,16,5,8,14,15,3,0,0,0.229,5.1,
20250315,7,8,2,5,11,2200,1,18,290,160,300,420,1210,1710,12390,41770,530,1480,3920,1,5,4,7,11,3,14,6,2,12,9,17,16,10,15,13,8,18,0.225,2.9,
20250316,9,7,2,5,18,1600,2,16,170,120,1000,290,3840,6140,16090,62440,1740,550,9440,1,7,8,4,3,15,13,6,12,10,5,11,9,14,2,16,0,0,0.284,1.7,
20250316,9,10,2,16,24,2000,3,15,340,150,230,250,1740,2810,4560,18700,710,700,1120,1,4,5,2,3,13,11,12,8,6,9,7,14,15,10,0,0,0,0.215,3.4,
20250316,6,1,1,703,24,1800,4,16,470,210,550,380,6280,10740,21930,102630,1960,1340,2670,5,7,1,4,11,14,9,2,15,6,13,3,12,8,16,10,0,0,0.154,4.0,
20250316,9,9,2,10,18,1600,3,9,680,200,380,170,5260,11350,10060,71970,1320,720,1190,7,4,3,5,6,2,1,9,8,0,0,0,0,0,0,0,0,0,0.187,5.3,
20250316,9,8,2,5,24,1800,3,13,330,130,160,140,700,1260,1340,4880,310,310,500,1,10,5,8,2,13,3,9,6,7,11,12,4,0,0,0,0,0,0.202,3.3,
20250316,9,6,1,5,18,1600,2,9,700,160,110,140,970,2380,880,6770,350,470,220,5,3,2,6,1,9,4,8,7,0,0,0,0,0,0,0,0,0,0.298,4.5,
20250316,9,5,1,703,17,2000,2,16,22340,3230,640,450,115250,374370,441870,4944140,29590,18750,3600,6,12,14,5,2,3,15,13,8,16,1,9,10,11,7,4,0,0,0.183,2.1,
20250316,9,3,1,703,24,1400,2,16,1140,270,280,940,5240,13550,73690,341020,1750,4600,4060,6,1,9,4,12,2,10,13,3,14,16,5,8,11,7,15,0,0,0.183,4.4,
20250316,9,2,1,703,24,1800,2,11,170,110,120,130,510,770,440,1600,190,190,290,1,3,2,4,11,6,10,7,5,8,9,0,0,0,0,0,0,0,0.274,1.7,
20250316,9,1,1,703,24,1200,2,16,160,110,190,280,620,920,2400,5800,350,450,1430,2,4,1,3,6,8,9,12,16,11,5,14,7,10,13,15,0,0,0.215,7.3,
20250316,6,5,1,703,18,1600,3,16,360,180,410,250,2750,4350,10750,44940,890,680,2090,6,1,13,3,5,8,2,10,15,0,12,7,9,4,11,14,0,0,0.169,2.5,
20250316,6,7,2,5,24,1200,4,16,1110,300,180,350,2900,5560,9940,56630,1120,1490,1090,8,12,15,6,2,1,3,10,5,9,11,14,4,7,13,16,0,0,0.242,15.4,
20250316,6,8,2,5,24,2400,4,16,2610,660,220,470,6440,9330,39030,245670,2170,6500,1400,11,2,0,10,4,8,12,9,6,3,1,7,5,14,0,13,0,0,0.307,3.6,
20250316,6,9,2,10,17,1800,3,16,6350,1300,330,180,18580,37230,28400,329970,5090,4810,850,3,8,2,9,5,4,16,10,7,14,11,13,1,6,15,12,0,0,0.235,4.7,
20250316,6,11,1,999,17,1800,3,12,410,170,270,180,2150,3170,3550,21400,710,430,900,7,1,10,9,2,12,3,4,6,8,11,5,0,0,0,0,0,0,0.131,10.4,
20250316,7,8,2,5,23,1800,3,14,150,110,230,210,720,990,1840,5100,350,300,1170,1,7,10,3,9,2,14,5,4,6,8,13,11,12,0,0,0,0,0.316,1.5,
20250316,9,11,2,999,17,1200,3,16,2020,470,140,380,3540,9680,18980,152230,1570,4520,1030,13,7,6,2,8,4,1,15,11,3,9,10,5,14,16,12,0,0,0.261,3.8,
20250316,9,12,2,10,24,1400,3,12,680,220,200,560,2180,4580,15880,65410,880,2380,2470,4,2,8,1,5,3,6,9,11,10,7,12,0,0,0,0,0,0,0.243,3.2,
20250316,7,7,2,5,11,1600,3,16,860,330,450,410,6410,8510,29060,99730,2410,2420,2260,10,7,6,2,13,14,11,8,9,5,1,12,3,4,16,15,0,0,0.209,4.0,
20250316,6,3,1,703,24,1800,4,15,290,120,230,110,3260,4670,860,10680,600,150,440,3,1,5,6,15,7,10,9,2,11,8,4,12,13,14,0,0,0,0.347,1.7,
20250316,6,4,1,703,24,1800,4,16,350,160,180,210,1540,2780,3700,16770,640,580,600,13,1,15,3,14,2,8,7,11,6,5,4,9,10,16,12,0,0,0.128,4.1,
20250316,6,6,1,5,18,1200,3,8,500,140,140,120,940,1800,720,4980,310,280,230,4,1,3,5,6,2,8,7,0,0,0,0,0,0,0,0,0,0,0.224,16.9,
20250316,6,2,1,703,24,1200,4,16,160,110,1080,470,5970,6980,34750,95300,1980,860,12750,1,0,7,6,15,10,4,13,3,8,12,9,11,14,5,2,0,0,0.265,1.6,
20250316,6,12,2,10,24,1200,4,16,360,140,220,140,1390,2640,1520,8520,500,280,540,3,1,16,5,13,2,12,6,8,11,9,4,7,15,14,10,0,0,0.201,3.1,
20250316,7,6,2,5,23,1800,3,10,170,110,160,120,760,1010,710,2790,280,170,460,1,4,3,2,6,7,5,8,9,10,0,0,0,0,0,0,0,0,0.320,1.7,
20250316,7,2,1,703,23,1900,3,13,290,220,290,1100,580,980,6980,16600,240,1330,1630,4,1,2,3,12,5,8,9,10,11,6,7,13,0,0,0,0,0,0.314,1.8,
20250316,7,11,2,999,11,2000,3,10,820,220,150,400,1180,3040,4470,28480,500,1840,740,4,5,2,9,6,3,1,7,8,10,0,0,0,0,0,0,0,0,0.277,3.2,
20250316,7,3,1,703,23,1400,3,16,1290,500,220,460,5030,11340,18530,129890,1930,3260,1280,5,11,2,7,4,6,1,9,16,10,15,14,3,8,13,12,0,0,0.221,2.9,
20250316,7,4,1,703,11,2200,3,17,260,130,180,150,780,1410,1100,5130,320,280,500,1,3,5,10,7,4,2,13,0,11,15,9,16,6,8,12,14,0,0.220,2.6,
20250316,7,5,1,703,11,1400,3,18,830,250,340,130,6780,13040,6140,44690,2600,580,890,4,0,3,7,12,14,6,15,1,2,5,13,10,8,17,11,16,9,0.179,7.8,
20250316,6,10,2,999,18,1600,3,12,550,220,660,230,12480,17180,22520,167350,3340,1090,2500,1,9,5,4,3,2,10,11,7,8,12,6,0,0,0,0,0,0,0.256,5.5,
20250316,7,12,2,5,23,1400,3,16,720,230,170,190,2090,3550,4140,25020,750,940,520,12,3,4,2,6,1,7,10,15,8,14,13,11,5,16,9,0,0,0.194,5.7,
20250316,7,10,1,999,23,1400,3,12,300,160,490,250,4220,4940,10820,39980,1090,620,2640,4,1,9,8,7,3,5,10,12,2,6,11,0,0,0,0,0,0,0.225,2.7,
20250316,7,9,2,10,11,1400,3,13,500,210,190,440,790,1850,7540,35610,450,1520,1180,11,8,2,1,10,3,5,12,13,4,7,6,9,0,0,0,0,0,0.244,2.8,
20250322,9,1,1,703,24,1400,1,15,170,110,220,180,880,1240,1700,4970,380,290,950,1,3,5,2,15,4,9,12,13,11,14,10,8,7,6,0,0,0,0.330,1.7,
20250322,9,12,2,10,24,1800,1,16,380,170,180,360,860,1690,5210,23590,360,1090,1020,2,1,4,12,3,8,10,5,6,11,15,13,9,16,14,7,0,0,0.190,4.6,
20250322,9,11,1,999,17,2000,1,9,170,110,160,120,1170,1530,860,4120,340,160,410,1,9,3,8,4,2,5,6,7,0,0,0,0,0,0,0,0,0,0.380,1.7,
20250322,7,9,2,5,11,2000,1,18,10070,1810,560,710,47570,158480,386090,4125900,11990,17190,6060,6,15,2,7,8,17,5,4,3,1,12,16,13,10,0,9,11,14,0.284,2.2,
20250322,7,8,2,5,23,1900,1,15,650,200,180,150,2490,5960,3850,28430,940,670,530,14,9,1,3,6,2,5,4,10,13,7,11,12,8,15,0,0,0,0.155,25.2,
20250322,7,7,2,5,11,1600,1,16,310,160,300,1110,2390,3860,28810,86810,740,2910,9120,14,1,12,5,8,3,4,10,15,7,11,13,6,2,9,16,0,0,0.279,3.8,
20250322,7,6,1,703,23,1800,1,12,140,110,310,250,1150,1450,2460,7690,410,340,2120,1,3,11,2,7,5,6,12,10,4,9,8,0,0,0,0,0,0,0.514,1.4,
20250322,7,5,1,703,11,1600,1,16,1600,280,400,160,14120,23180,10570,105160,3450,570,730,5,1,3,4,16,5,11,8,2,7,15,9,12,14,13,10,0,0,0.277,2.7,
20250322,7,4,1,703,23,1400,1,16,2180,270,130,110,3440,8850,1800,24540,880,690,180,3,4,12,2,5,6,1,7,15,10,9,8,11,16,14,13,0,0,0.486,1.9,
20250322,6,2,1,703,24,1800,3,12,950,240,210,240,2380,5450,4910,29640,670,920,640,4,2,5,1,9,8,12,3,11,7,10,6,0,0,0,0,0,0,0.333,1.8,
20250322,6,1,1,703,24,1200,3,16,200,110,110,260,160,350,1110,2910,120,690,560,2,1,10,11,16,13,5,4,7,3,8,12,14,6,15,9,0,0,0.480,1.9,
20250322,6,3,1,703,24,1200,3,16,910,200,110,380,700,2220,4840,28790,320,1800,590,5,7,8,2,1,4,15,14,10,9,11,16,6,3,12,13,0,0,0.237,54.5,
20250322,6,5,1,5,18,1600,1,10,1390,390,580,230,8330,19870,8100,79930,1770,790,770,7,9,3,1,5,4,10,2,6,8,0,0,0,0,0,0,0,0,0.370,8.2,
20250322,6,6,2,5,24,1200,2,16,550,190,320,430,2550,4840,13030,59890,780,1410,2110,4,5,2,1,7,9,13,12,14,3,8,6,16,11,10,15,0,0,0.309,3.1,
20250322,6,7,2,5,24,1800,2,16,990,290,200,350,2250,5570,9130,51600,860,1630,720,6,2,8,1,3,13,5,10,12,9,15,7,4,16,11,14,0,0,0.126,7.6,
20250322,6,9,2,10,17,2000,1,13,260,140,530,270,3770,4890,7750,34300,1440,660,3530,9,1,3,11,10,2,7,4,8,13,6,12,5,0,0,0,0,0,0.224,3.7,
20250322,6,11,1,999,17,1800,1,16,1440,250,130,190,920,3660,1950,19600,380,1060,350,2,1,15,3,6,4,13,12,5,8,11,10,14,7,16,9,0,0,0.393,1.9,
20250322,6,12,2,10,24,1200,2,16,27990,3570,240,190,60200,172740,81360,1458270,15180,13440,720,3,4,7,2,6,10,11,16,12,14,15,5,1,9,13,8,0,0,0.273,4.4,
20250322,7,1,1,703,23,1800,1,14,220,110,130,150,420,740,800,2330,200,310,380,1,2,3,4,12,8,6,14,13,9,7,10,5,11,0,0,0,0,0.339,2.2,
20250322,7,2,1,703,23,1200,1,16,210,130,630,330,4030,5600,10040,44340,1470,580,4110,4,1,3,10,11,13,7,5,9,2,14,6,15,12,8,16,0,0,0.256,4.8,
20250322,7,10,2,10,11,1400,1,17,480,230,270,580,1660,3310,11670,43690,650,1590,2670,5,1,2,7,10,3,15,11,4,6,8,17,13,16,12,13,9,0,0.268,2.5,
20250322,7,11,1,999,11,1400,1,18,630,260,320,1410,2450,4330,36940,147530,990,4600,5940,6,16,2,10,4,1,12,11,15,8,3,17,13,7,18,9,14,5,0.157,4.6,
20250322,7,12,2,5,23,1200,1,16,540,210,460,610,5030,8170,26320,126660,1850,1710,4790,4,6,8,5,12,2,1,16,3,9,10,14,13,11,7,15,0,0,0.156,4.2,
20250322,9,2,1,703,24,1800,1,9,730,190,110,470,460,1280,2920,15420,240,1700,620,2,4,5,1,3,9,6,7,8,0,0,0,0,0,0,0,0,0,0.375,1.4,
20250322,9,3,1,703,24,1400,1,16,210,110,110,1170,220,450,8830,20790,140,3640,3930,1,2,8,10,9,11,4,5,6,13,12,7,3,16,14,15,0,0,0.361,2.1,
20250322,9,5,1,703,18,2400,1,15,710,250,140,290,1690,3630,5300,33080,740,1560,730,2,5,4,13,7,3,12,1,8,9,10,6,11,14,15,0,0,0,0.200,3.0,
20250322,9,7,2,5,24,1200,1,15,1780,410,270,440,4400,12540,20370,129400,1370,2360,1860,4,7,12,14,13,5,10,2,6,11,1,8,3,9,15,0,0,0,0.214,2.7,
20250322,9,8,2,10,18,2600,1,9,270,140,160,300,740,1150,3060,8630,310,660,910,6,1,9,8,3,2,4,5,7,0,0,0,0,0,0,0,0,0,0.329,3.0,
20250322,9,9,2,16,17,1400,1,18,1760,550,300,280,10860,22940,18540,181310,3490,2440,1070,7,10,13,8,4,2,5,1,12,11,3,15,18,9,6,17,16,14,0.158,5.2,
20250322,9,10,2,999,24,1800,1,14,720,200,110,270,570,1510,2220,12570,270,1380,460,2,10,1,3,9,5,11,4,14,8,6,7,12,13,0,0,0,0,0.381,1.5,
20250322,6,10,2,16,24,1800,2,16,2200,440,350,250,9800,26060,16700,141600,2180,1430,850,10,8,5,3,16,2,14,1,11,12,15,4,6,7,9,13,0,0,0.469,1.7,
20250322,7,3,1,703,23,1900,1,12,2280,380,170,120,5770,14560,3340,43780,1810,860,280,5,3,4,8,2,6,9,1,11,12,7,10,0,0,0,0,0,0,0.222,5.0,
20250323,9,12,2,10,24,1400,1,16,240,160,1790,390,12710,16510,34500,128280,3080,700,15060,1,4,11,3,10,16,7,5,9,6,13,15,14,8,12,2,0,0,0.233,2.4,
20250323,7,10,2,10,23,1900,1,16,550,190,190,180,1490,2980,3940,19260,640,670,630,8,14,3,1,2,11,10,5,6,9,7,4,15,12,13,16,0,0,0.174,5.7,
20250323,7,12,2,5,11,1200,1,18,330,160,650,270,4750,7930,13720,67050,1710,650,3390,1,17,8,3,12,11,9,4,10,2,6,7,13,5,14,15,16,18,0.203,3.3,
20250323,6,2,1,703,24,1200,2,16,540,200,170,240,1200,2600,2270,14380,480,500,700,1,4,16,13,15,12,3,2,5,8,6,9,7,14,11,10,0,0,0.412,5.4,
20250323,9,3,1,703,24,1800,1,12,660,150,150,150,1050,2380,1230,7720,350,380,380,3,4,11,2,1,10,5,7,9,8,6,12,0,0,0,0,0,0,0.348,3.6,
20250323,9,4,1,703,18,1600,1,17,610,230,320,360,2580,4760,14710,56080,1010,1650,2710,1,6,13,14,7,4,9,8,17,12,5,16,9,3,2,11,15,0,0.199,6.1,
20250323,9,5,1,5,17,1200,1,13,310,140,550,280,3230,5270,10070,46720,1280,660,3180,6,12,1,5,4,7,10,9,3,8,2,13,11,0,0,0,0,0,0.252,4.8,
20250323,6,10,2,16,17,1800,1,16,400,170,300,720,1880,3480,20380,88650,760,2820,3420,2,1,15,4,7,9,5,8,11,12,3,6,16,13,14,10,0,0,0.171,7.8,
20250323,6,8,1,5,24,1200,1,15,280,150,220,480,1010,1520,4110,14740,440,950,1360,1,9,2,6,4,7,11,3,8,10,5,13,15,14,12,0,0,0,0.262,2.8,
20250323,6,7,2,5,17,2500,1,16,250,150,210,230,1220,2010,3310,12470,500,580,960,4,1,3,2,15,12,14,9,16,11,6,10,5,7,8,13,0,0,0.219,5.2,
20250323,6,6,1,5,17,2000,1,12,340,170,250,390,1570,2850,8160,27040,610,880,2060,7,1,5,10,2,9,4,11,3,8,6,12,0,0,0,0,0,0,0.457,1.9,
20250323,6,5,1,703,18,1600,1,16,720,220,170,390,1950,4300,8190,38730,650,1510,1140,1,5,8,3,2,4,6,10,7,12,11,15,16,9,13,14,0,0,0.203,7.2,
20250323,6,3,1,703,24,1800,2,14,160,110,240,140,1020,1180,1270,4500,410,200,910,1,6,3,14,2,5,7,8,9,4,11,10,12,13,0,0,0,0,0.395,1.6,
20250323,7,9,1,5,11,1600,1,10,680,160,180,130,2400,3780,1760,15380,710,270,370,3,8,10,6,4,9,2,5,1,7,0,0,0,0,0,0,0,0,0.213,3.0,
20250323,9,6,1,5,24,1800,1,16,380,160,210,320,1660,2830,6440,26130,780,1160,1730,9,16,4,7,1,5,8,3,6,12,11,14,2,10,15,13,0,0,0.190,8.2,
20250323,9,8,2,5,24,1800,1,14,520,180,180,130,1520,2950,1760,10020,680,370,400,9,3,6,4,1,7,2,13,5,11,12,8,10,14,0,0,0,0,0.179,10.7,
20250323,9,9,2,10,17,1400,1,13,400,160,160,270,830,1640,3000,12290,350,780,880,2,1,7,4,0,3,11,9,5,12,6,8,10,0,0,0,0,0,0.190,4.7,
20250323,9,10,2,16,24,1400,1,16,160,110,200,220,660,810,1740,4330,350,340,810,1,10,3,4,5,8,2,6,11,9,12,14,13,7,16,15,0,0,0.403,1.6,
20250323,9,11,2,999,17,3000,1,11,570,240,420,300,5520,7860,17050,87640,1540,1060,2330,5,4,2,6,7,11,1,10,3,9,8,0,0,0,0,0,0,0,0.210,4.8,
20250323,7,1,1,703,23,1200,1,16,200,140,330,880,1140,1820,16500,40790,450,2330,7470,5,7,1,13,2,15,6,10,11,12,9,16,14,8,3,4,0,0,0.170,4.2,
20250323,7,2,1,703,23,1800,1,13,750,130,110,110,350,1320,340,3200,160,290,130,3,2,8,1,10,5,9,12,7,11,6,13,4,0,0,0,0,0,0.265,2.8,
20250323,7,3,1,703,23,1400,1,16,1600,560,310,520,11310,19530,42950,173450,3300,3660,2620,13,9,2,6,1,5,12,11,4,14,16,10,3,7,15,8,0,0,0.125,15.7,
20250323,7,4,1,703,11,1400,1,18,2040,410,190,370,3990,10550,16420,129140,1340,3320,1060,6,2,7,4,8,15,11,12,9,13,16,10,5,18,3,14,17,1,0.215,2.9,
20250323,7,5,1,703,11,2000,1,18,500,170,150,150,1100,2680,1750,8450,540,490,410,0,17,3,1,2,7,15,4,12,6,5,8,11,10,13,9,16,14,0.189,0.0,
20250323,7,7,2,5,23,1800,1,16,1530,450,140,340,2460,4650,9000,61700,1030,2810,840,2,4,8,5,14,1,10,15,13,7,9,11,3,12,6,16,0,0,0.248,2.7,
20250323,7,8,2,5,23,1400,1,16,390,180,170,360,950,1910,5750,20600,440,1280,1250,7,1,2,6,5,8,3,14,13,10,4,12,15,16,9,11,0,0,0.279,4.5,
20250323,7,11,2,999,11,1400,1,18,2550,510,270,180,9330,20950,14770,135440,1780,2070,840,3,15,2,16,4,6,9,11,5,1,10,14,12,7,8,17,13,18,0.317,4.5,
20250323,6,1,1,703,24,1800,2,16,210,110,140,140,690,1230,590,3810,270,230,250,5,1,3,9,10,16,8,2,14,12,13,15,4,6,11,7,0,0,0.135,8.5,
20250323,6,12,2,10,24,1800,1,16,470,190,770,220,9960,15400,15270,100490,2410,540,2790,6,1,5,3,9,0,8,7,13,14,4,2,10,11,12,15,0,0,0.183,4.9,
20250323,7,6,2,5,23,1400,1,16,1130,320,290,410,6100,11260,23070,117140,1670,1890,1930,5,8,16,12,2,6,3,1,13,4,7,9,15,14,10,11,0,0,0.226,2.0,
20250323,9,1,1,703,24,1800,1,11,690,240,140,230,1430,3140,2990,20100,500,1070,480,2,4,8,3,10,9,11,5,1,7,6,0,0,0,0,0,0,0,0.208,3.3,
20250323,6,9,2,10,18,1600,1,11,440,310,500,1140,2030,4390,13060,53370,560,1510,2200,11,1,6,5,2,7,8,10,3,4,9,0,0,0,0,0,0,0,0.351,1.7,
20250323,9,7,2,5,18,2400,1,9,240,130,170,640,560,1100,5870,14830,220,1240,1680,5,2,1,4,6,3,9,7,8,0,0,0,0,0,0,0,0,0,0.274,2.5,
20250323,6,11,2,999,24,1200,1,16,1610,430,890,390,22050,46430,60620,427860,5530,1620,4610,9,11,3,6,1,15,16,5,12,4,8,13,2,14,7,10,0,0,0.280,2.4,
20250329,6,1,1,703,24,1200,1,16,110,100,120,530,220,280,2550,4530,140,870,1840,1,2,4,15,14,3,12,5,13,16,9,7,6,11,10,8,0,0,0.282,1.1,
20250329,6,5,1,5,18,1200,2,10,480,120,110,110,440,1130,270,2710,180,210,140,2,1,3,10,6,4,9,8,7,5,0,0,0,0,0,0,0,0,0.491,1.8,
20250329,6,10,1,999,24,1800,2,11,130,110,190,300,700,800,2650,5210,310,510,1700,1,6,4,2,10,3,7,5,9,8,11,0,0,0,0,0,0,0,0.413,1.3,
20250329,9,3,1,703,24,1200,2,16,910,330,280,170,4730,4610,4370,31040,1290,690,550,10,3,2,13,0,4,1,6,7,8,9,14,12,5,15,11,0,0,0.256,3.3,
20250329,9,5,1,703,17,2000,1,15,1780,250,140,250,1670,5390,4180,37260,540,1220,520,1,3,2,7,8,12,10,15,13,4,14,9,11,6,5,0,0,0,0.158,17.8,
20250329,9,6,1,5,17,1400,1,12,1630,380,370,210,9760,20310,16000,142740,2970,1490,1460,5,1,3,4,8,9,12,6,10,2,11,7,0,0,0,0,0,0,0.254,3.3,
20250329,9,7,2,5,24,1200,2,16,250,140,180,1640,830,1410,19760,60770,430,4100,7120,1,4,2,15,16,12,5,14,7,10,6,8,3,11,13,9,0,0,0.305,2.5,
20250329,6,6,1,5,17,1800,2,8,350,120,110,150,400,890,740,3810,160,390,250,2,8,1,3,4,7,6,5,0,0,0,0,0,0,0,0,0,0,0.352,2.1,
20250329,7,4,1,703,23,1800,2,13,220,130,260,260,1190,1980,4790,18760,410,650,1720,1,4,5,12,10,8,2,6,7,9,3,11,13,0,0,0,0,0,0.150,2.2,
20250329,7,8,2,5,11,1600,2,16,10300,1150,350,660,16500,58560,183290,2257750,4630,20310,3830,10,5,9,2,4,12,7,1,6,11,3,13,16,8,15,14,0,0,0.261,2.5,
20250329,7,9,2,10,23,1800,2,13,470,240,1050,490,12340,17950,45650,214970,3560,1800,6420,5,1,4,12,13,6,7,8,10,9,3,2,11,0,0,0,0,0,0.151,6.4,
20250329,6,11,2,999,17,2500,2,15,740,180,250,120,3350,7490,1620,20860,830,290,400,3,1,2,8,12,4,6,11,5,15,10,7,9,14,13,0,0,0,0.246,1.7,
20250329,9,10,2,10,18,1600,1,8,400,160,310,110,3110,5040,1550,15580,640,240,620,3,1,6,5,4,2,8,7,0,0,0,0,0,0,0,0,0,0,0.524,2.1,
20250329,9,11,1,999,18,1800,1,10,450,190,590,290,6610,9830,14420,72780,1470,790,2500,1,7,4,5,3,8,2,9,0,6,0,0,0,0,0,0,0,0,0.299,4.5,
20250329,9,12,2,10,24,2000,2,9,250,130,250,110,2570,3430,1540,8490,690,190,540,3,1,8,9,4,7,2,5,6,0,0,0,0,0,0,0,0,0,0.335,2.3,
20250329,6,3,1,703,24,1200,2,16,300,140,310,150,2410,3520,2330,12790,660,270,1240,1,4,3,6,12,13,8,11,2,9,14,15,5,10,16,7,0,0,0.284,3.0,
20250329,6,4,1,703,17,1800,2,16,220,110,130,580,250,460,3980,8530,160,1260,1650,1,2,8,10,14,7,4,5,6,11,12,15,16,3,13,9,0,0,0.412,2.2,
20250329,9,9,1,5,18,1800,1,14,250,160,280,3110,900,1370,71340,145300,400,10730,27520,5,12,9,2,1,4,13,10,7,14,8,6,3,11,0,0,0,0,0.220,4.0,
20250329,6,7,2,5,24,1800,2,11,170,110,230,180,1150,1320,1540,6280,400,260,720,1,6,8,3,0,4,7,10,9,2,5,0,0,0,0,0,0,0,0.399,1.7,
20250329,6,8,2,10,17,1800,2,12,500,200,2210,340,36990,57650,58290,507050,6810,880,11200,12,11,4,1,3,6,5,8,10,7,2,9,0,0,0,0,0,0,0.270,5.3,
20250329,6,9,2,16,24,1200,2,16,220,120,160,150,900,1350,1540,5870,380,330,540,12,2,1,4,3,9,14,11,13,10,16,5,6,7,15,8,0,0,0.172,8.0,
20250329,6,2,1,703,24,1800,2,16,170,110,180,190,640,1090,1170,5180,340,340,640,1,14,11,3,13,6,12,2,4,9,8,10,15,7,5,16,0,0,0.333,1.7,
20250329,6,12,2,10,24,1800,2,13,730,200,270,120,3320,5280,4160,26230,940,520,670,3,5,1,2,8,4,6,9,12,13,11,10,7,0,0,0,0,0,0.239,2.3,
20250329,7,1,1,703,23,1400,2,16,180,110,180,120,750,1080,840,3110,290,190,490,3,1,7,6,9,8,14,16,12,2,10,11,15,5,4,13,0,0,0.274,4.7,
20250329,7,3,1,703,23,1400,2,16,400,150,280,250,1330,2320,3010,11530,560,480,1130,4,1,8,3,2,14,12,15,7,13,5,0,9,6,10,11,0,0,0.136,3.7,
20250329,7,2,1,703,23,1900,2,13,570,180,150,140,1130,2520,1690,9430,420,380,360,3,1,2,10,5,12,8,13,4,7,6,11,9,0,0,0,0,0,0.160,3.4,
20250329,7,5,1,703,11,2200,3,18,250,140,410,220,4070,5200,6090,35440,830,350,2530,1,3,4,7,15,14,17,8,11,5,9,2,18,13,10,16,6,12,0.225,2.5,
20250329,7,6,2,5,11,2000,3,15,810,320,2490,980,60390,69350,291450,1545570,14240,4150,23540,10,5,8,1,6,7,4,12,3,14,13,2,11,15,9,0,0,0,0.355,3.1,
20250329,7,7,2,5,23,1800,2,14,670,140,220,110,6720,12440,1800,27690,1190,250,390,3,5,1,11,7,10,4,8,9,2,6,13,14,12,0,0,0,0,0.442,1.3,
20250329,7,10,2,10,11,2200,2,9,290,120,410,150,4020,5850,3820,25060,880,290,1290,8,1,3,6,9,5,4,7,2,0,0,0,0,0,0,0,0,0,0.304,4.0,
20250329,7,11,2,16,11,1600,2,11,390,160,140,280,840,1610,2190,8080,370,600,730,1,3,2,6,8,7,4,9,5,10,11,0,0,0,0,0,0,0,0.212,3.9,
20250329,7,12,2,5,23,1200,2,16,330,140,130,130,610,1150,880,3850,270,300,350,2,3,1,6,8,4,7,9,5,10,13,16,11,15,14,12,0,0,0.270,4.1,
20250329,9,1,1,703,24,1400,2,16,270,130,220,190,1190,2490,1670,8390,510,380,610,1,9,3,5,15,2,7,14,16,10,8,4,6,12,11,13,0,0,0.199,2.7,
20250330,7,5,1,703,11,1200,1,18,1730,310,220,160,4450,9730,4240,32050,1080,870,500,3,6,7,5,1,2,9,14,12,15,18,11,10,8,17,4,13,16,0.218,3.6,
20250330,9,3,1,703,24,1800,1,9,140,110,210,180,880,1380,1420,6020,400,300,840,1,6,8,4,2,3,5,7,9,0,0,0,0,0,0,0,0,0,0.451,1.4,
20250330,9,9,2,10,17,2000,1,11,5760,740,170,350,6030,13590,22190,166920,2030,6000,760,6,4,2,8,5,9,3,7,1,10,11,0,0,0,0,0,0,0,0.250,2.2,
20250330,6,4,1,703,24,1800,2,16,160,110,160,800,540,780,11930,26650,250,1560,6260,1,10,2,4,8,15,12,13,3,9,5,16,7,6,11,14,0,0,0.356,1.6,
20250330,6,5,1,703,18,2200,2,18,290,130,160,170,790,1410,1890,7310,320,360,660,1,4,7,17,12,6,9,8,11,2,13,16,14,3,18,5,10,15,0.232,2.9,
20250330,6,7,2,5,24,1800,2,16,1420,400,150,190,2220,4410,3210,21100,810,1140,390,11,2,9,3,1,6,4,12,5,10,7,15,8,13,14,16,0,0,0.290,3.9,
20250330,6,8,2,5,24,1200,2,16,6710,1470,240,540,22270,17740,86730,590410,5220,10590,2130,15,9,4,8,10,12,6,2,14,3,7,1,5,16,13,11,0,0,0.124,12.6,
20250330,6,9,1,5,17,2000,1,7,940,290,120,0,590,2120,5340,33910,290,2780,1240,2,5,7,4,3,1,6,0,0,0,0,0,0,0,0,0,0,0,0.228,1.7,
20250330,9,1,1,703,24,1800,1,12,140,100,320,120,1100,1510,1170,4330,450,140,970,1,3,6,2,11,9,10,7,4,12,5,8,0,0,0,0,0,0,0.297,1.4,
20250330,7,1,1,703,23,1800,2,12,420,220,230,440,1610,3100,9710,36230,770,1710,1490,6,2,7,5,3,4,10,1,12,9,8,11,0,0,0,0,0,0,0.183,4.0,
20250330,7,4,1,703,11,2000,1,13,650,210,240,120,3020,7620,1970,21950,780,240,380,5,3,1,6,2,11,7,10,4,9,8,13,12,0,0,0,0,0,0.231,2.1,
20250330,7,6,2,5,11,2200,1,12,400,190,240,180,2180,3150,3710,15550,730,560,970,1,4,2,3,8,7,9,6,5,10,0,11,0,0,0,0,0,0,0.274,4.0,
20250330,7,7,2,5,23,1800,2,9,320,170,160,350,580,1220,2320,8690,230,770,730,1,4,2,9,5,7,3,6,8,0,0,0,0,0,0,0,0,0,0.271,3.2,
20250330,7,8,1,5,11,2200,1,7,260,140,140,0,300,620,260,1390,140,120,150,1,2,3,4,6,7,5,0,0,0,0,0,0,0,0,0,0,0,0.411,2.6,
20250330,7,9,2,5,23,1400,1,14,3360,430,200,160,6780,18170,7410,91430,1760,1250,440,0,2,3,11,4,8,5,12,9,10,6,1,7,13,0,0,0,0,0.228,0.0,
20250330,7,11,2,999,11,1200,1,18,380,160,140,330,820,1460,2900,11080,360,1150,860,2,1,3,4,7,6,18,15,10,9,11,16,12,8,5,13,14,17,0.183,3.5,
20250330,9,2,1,703,24,1400,1,16,320,150,400,200,3140,4920,4830,21970,1040,390,1520,3,5,9,4,1,11,15,16,7,12,2,10,6,8,13,14,0,0,0.142,5.2,
20250330,6,12,2,10,18,1200,1,13,1600,360,130,220,1850,4830,3290,32130,750,1100,410,2,1,4,3,5,13,11,7,9,12,8,6,10,0,0,0,0,0,0.272,2.2,
20250330,9,10,2,16,18,2400,1,12,1720,350,440,230,10900,26510,18720,178050,2890,970,1670,12,3,4,8,1,6,2,5,11,7,10,9,0,0,0,0,0,0,0.336,2.2,
20250330,9,11,2,999,18,1600,1,12,3370,710,640,360,36660,66280,76320,714460,7470,2760,2990,4,7,6,9,0,8,3,11,10,1,5,2,0,0,0,0,0,0,0.185,3.3,
20250330,9,12,2,10,24,1200,1,14,410,170,200,240,1040,2010,3460,17380,430,620,1110,4,1,3,2,14,7,10,13,9,12,6,5,11,8,0,0,0,0,0.194,4.8,
20250330,6,11,2,999,24,1800,2,15,460,180,770,160,9530,16320,14420,106330,3180,570,2920,3,1,9,6,8,2,7,14,5,4,10,12,11,13,15,0,0,0,0.318,2.6,
20250330,7,10,2,16,23,1900,1,16,240,140,220,250,1110,1420,4610,13050,510,760,1130,13,1,12,4,9,2,6,3,5,15,7,11,14,10,16,8,0,0,0.281,5.0,
20250330,9,5,1,703,18,1600,1,18,230,120,270,130,3320,4410,1960,11800,890,190,670,3,11,1,4,8,0,6,9,15,14,16,13,2,12,5,10,7,17,0.310,2.7,
20250330,9,6,1,5,24,1200,1,16,130,110,210,580,700,740,6720,13340,360,1040,3680,1,2,4,13,10,9,5,12,15,7,3,16,6,11,8,14,0,0,0.491,1.3,
20250330,9,7,2,5,17,1400,1,18,660,210,250,360,2080,4440,8330,40850,780,1320,1510,7,1,6,0,2,3,10,4,5,17,15,9,8,12,16,14,11,13,0.245,3.2,
20250330,9,8,2,5,24,1800,1,9,490,220,180,210,1330,2880,1270,7910,380,320,340,1,5,3,4,2,7,8,6,9,0,0,0,0,0,0,0,0,0,0.424,4.9,
20250330,6,2,1,703,24,1200,2,16,510,280,630,830,5070,8280,40440,91110,1460,1970,3810,12,4,2,1,13,3,9,6,8,7,5,11,15,10,16,14,0,0,0.259,7.6,
20250330,6,6,1,5,24,1200,2,16,1080,310,340,210,6350,10370,5780,54230,1640,760,790,15,3,12,1,2,4,16,5,9,8,11,7,14,6,10,13,0,0,0.151,4.1,
20250330,6,10,2,16,18,1200,1,16,570,250,320,420,2930,5290,15040,59880,1070,1640,2590,5,2,12,1,3,4,16,7,14,9,6,8,10,13,11,15,0,0,0.179,3.0,
20250330,7,12,2,10,23,1400,1,16,300,140,170,240,580,1250,2040,7390,290,530,760,1,13,3,2,6,12,11,15,5,4,9,8,7,14,10,16,0,0,0.304,3.0,
20250405,6,5,1,703,17,2000,1,18,340,110,150,110,1010,1830,540,4750,280,180,280,3,1,11,2,4,10,9,6,14,12,5,8,15,17,16,18,13,7,0.318,2.0,
20250405,6,10,2,10,24,1800,2,16,390,170,160,350,860,1580,3450,12570,380,1160,1000,1,2,4,10,7,5,8,6,3,16,13,11,9,14,12,15,0,0,0.434,3.9,
20250405,6,12,2,5,24,1200,2,16,200,110,180,380,550,760,3550,8610,310,760,1410,1,5,6,2,14,4,10,7,3,15,9,16,12,8,11,13,0,0,0.292,2.0,
20250405,9,1,1,703,24,1800,1,16,990,210,110,290,760,2070,3100,18610,350,1990,430,2,4,5,10,7,6,13,9,3,11,1,12,16,14,8,15,0,0,0.336,1.3,
20250405,9,2,1,703,24,1200,1,16,150,110,260,590,1000,1250,9040,23840,430,1120,4900,1,2,8,9,15,3,6,16,13,10,4,5,11,12,7,14,0,0,0.172,1.5,
20250405,9,3,1,703,24,1800,1,16,540,260,240,1580,1700,2350,48020,171790,650,7030,6600,7,6,13,8,11,2,4,14,9,15,3,16,1,5,12,10,0,0,0.160,7.7,
20250405,9,5,1,703,18,1800,1,17,160,110,270,170,1460,1900,2960,10390,510,300,2140,1,5,6,8,2,14,4,10,3,12,17,15,7,9,16,11,13,0,0.199,1.6,
20250405,9,7,2,5,24,1400,1,16,2020,650,1050,2240,38800,79340,503740,2312510,8640,11050,23140,6,16,8,10,5,3,7,2,14,12,4,1,15,11,13,9,0,0,0.202,3.3,
20250405,9,8,2,10,18,1800,1,8,200,110,110,170,380,550,810,2280,160,320,430,1,2,5,4,3,6,8,7,0,0,0,0,0,0,0,0,0,0,0.276,2.0,
20250405,9,9,1,5,18,2400,1,9,170,110,280,200,1340,1790,3190,9730,490,410,1410,1,9,3,6,5,4,7,2,8,0,0,0,0,0,0,0,0,0,0.224,1.7,
20250405,9,10,2,999,24,1400,1,16,240,120,160,170,770,1240,1600,5040,350,360,740,2,6,15,1,10,14,7,5,11,4,3,9,8,12,13,16,0,0,0.296,5.7,
20250405,6,1,1,703,24,1800,3,15,560,210,240,150,2040,3810,2670,15570,760,590,640,3,7,6,4,2,1,13,14,5,8,11,12,15,10,9,0,0,0,0.185,3.1,
20250405,6,2,1,703,24,1200,3,16,110,100,140,270,270,360,1190,2620,180,450,1180,1,2,6,11,12,8,4,7,3,5,15,9,13,10,16,14,0,0,0.624,1.1,
20250405,6,3,1,703,24,1800,3,12,840,170,110,140,950,2860,1190,9020,330,440,250,2,5,3,12,9,11,1,4,7,10,8,6,0,0,0,0,0,0,0.285,2.5,
20250405,6,6,1,703,24,1200,2,16,170,110,170,280,550,760,2010,5280,260,530,1110,1,3,13,16,2,12,5,15,11,10,6,7,14,9,4,8,0,0,0.432,1.7,
20250405,6,7,2,5,24,1800,2,11,240,120,140,440,390,740,2150,6650,200,800,950,2,1,10,11,6,4,8,3,5,7,9,0,0,0,0,0,0,0,0.283,3.2,
20250405,6,8,2,10,18,1600,1,13,2130,560,230,1250,3500,8880,25810,144470,1250,5810,2640,2,10,9,12,4,6,1,11,3,7,13,5,8,0,0,0,0,0,0.173,5.0,
20250405,6,9,1,5,18,2200,1,7,160,110,130,0,210,310,440,1090,130,200,260,1,2,4,6,3,5,7,0,0,0,0,0,0,0,0,0,0,0,0.554,1.6,
20250405,6,11,2,999,18,1600,1,14,170,110,230,250,910,1250,3070,9170,380,430,1130,1,9,11,3,7,2,13,0,12,6,8,4,10,5,0,0,0,0,0.182,1.7,
20250405,9,6,2,5,24,1800,1,8,290,110,140,160,580,1060,850,3710,230,300,360,1,4,7,3,2,5,6,0,0,0,0,0,0,0,0,0,0,0,0.304,2.9,
20250405,9,11,1,999,18,1600,1,11,300,120,120,360,410,900,2390,8180,200,950,1000,1,2,5,4,7,8,11,3,6,9,10,0,0,0,0,0,0,0,0.203,3.0,
20250405,9,12,2,10,24,1400,1,16,1880,520,280,200,11800,22150,18730,169320,3510,1910,980,9,5,3,8,6,7,14,1,2,4,10,13,16,11,12,15,0,0,0.162,4.6,
20250406,6,1,1,703,24,1800,2,13,8520,790,110,2370,4840,17410,94350,820390,1390,24900,5640,11,2,7,9,4,10,5,3,13,7,1,6,12,0,0,0,0,0,0.292,2.4,
20250406,9,1,1,703,24,1200,1,16,160,110,200,150,970,1330,920,4380,370,260,470,1,6,3,2,4,7,5,15,8,13,9,14,12,11,16,10,0,0,0.182,1.6,
20250406,9,2,1,703,24,1800,1,16,400,120,110,120,240,520,530,1790,150,320,180,2,0,3,4,14,1,6,10,15,7,13,5,11,8,12,9,0,0,0.284,1.3,
20250406,9,11,2,999,17,2000,1,15,510,180,260,340,1720,3300,6910,30910,730,990,1460,2,4,3,13,14,7,5,1,8,6,10,8,15,11,12,0,0,0,0.148,6.5,
20250406,6,3,1,703,24,1800,2,13,120,100,170,110,710,920,480,2280,270,120,420,1,3,12,6,8,2,4,10,5,11,7,9,13,0,0,0,0,0,0.535,1.2,
20250406,6,5,1,703,18,1600,1,16,1050,210,150,110,2990,7680,1580,20110,770,440,240,5,3,12,4,2,1,9,15,7,14,11,13,10,8,6,16,0,0,0.194,13.2,
20250406,6,7,1,5,18,1600,1,9,190,110,490,180,2910,4390,7580,25650,1080,400,2200,1,5,2,4,7,9,8,3,6,0,0,0,0,0,0,0,0,0,0.307,1.9,
20250406,6,8,2,5,17,1800,1,13,2200,520,700,340,16120,35750,25290,250640,2990,1360,1770,4,9,3,10,5,8,1,2,11,6,7,13,12,0,0,0,0,0,0.283,1.6,
20250406,6,11,2,16,17,2000,1,16,340,150,430,170,4200,6300,4540,29230,1450,400,1230,7,8,2,16,1,11,3,14,5,10,15,12,6,4,9,13,0,0,0.236,4.4,
20250406,6,12,2,10,24,1200,2,15,170,110,140,160,340,500,780,2040,210,240,570,1,2,9,3,4,7,10,11,6,5,8,12,13,15,14,0,0,0,0.430,1.7,
20250406,9,10,2,16,18,1600,1,14,520,190,370,150,6250,9890,5370,37560,1630,410,1000,4,1,3,7,12,2,8,5,6,13,10,9,11,14,0,0,0,0,0.212,4.3,
20250406,9,5,1,5,24,1800,1,14,840,200,560,110,7770,16990,3360,40240,1840,320,780,3,10,6,5,9,13,1,12,2,8,11,4,7,14,0,0,0,0,0.356,1.8,
20250406,6,10,2,16,24,1800,2,16,530,210,280,1560,4420,8350,76310,278400,1430,6380,6700,4,5,1,16,10,7,11,12,9,3,14,13,15,8,2,6,0,0,0.258,3.0,
20250406,6,9,2,10,17,2500,1,12,190,120,2800,370,22380,25360,74750,407190,7080,750,22320,1,6,2,4,5,12,8,10,3,11,9,7,0,0,0,0,0,0,0.350,1.9,
20250406,9,4,1,703,18,2400,1,14,510,190,1090,130,13710,25070,12510,91710,3950,320,2720,1,6,3,2,8,14,10,4,13,5,12,11,9,7,0,0,0,0,0.182,5.1,
20250406,9,6,2,5,17,2000,1,11,600,190,180,170,1920,3440,2080,19510,570,500,510,7,2,1,3,9,4,5,8,10,11,6,0,0,0,0,0,0,0,0.233,2.0,
20250406,9,7,2,10,24,1800,1,10,160,110,160,170,590,680,1760,4380,250,420,750,1,2,4,10,3,6,8,7,5,9,0,0,0,0,0,0,0,0,0.260,1.6,
20250406,9,8,2,10,17,1200,1,10,380,130,150,120,1300,2240,1000,6610,400,240,320,3,4,2,8,9,5,1,6,10,7,0,0,0,0,0,0,0,0,0.250,2.7,
20250406,9,9,1,999,24,1400,1,15,1080,360,550,680,14070,20270,66890,356980,3730,2490,7280,4,7,9,15,8,13,14,1,11,5,10,3,6,2,12,0,0,0,0.341,2.7,
20250406,9,12,2,16,24,1200,1,11,240,130,200,180,920,1390,1740,5840,390,360,780,6,8,3,1,11,7,4,10,9,2,5,0,0,0,0,0,0,0,0.232,5.6,
20250406,6,6,1,5,24,1800,2,14,460,190,200,1340,710,1580,14460,50990,340,4520,4620,11,2,10,1,6,13,5,12,9,7,4,3,14,8,0,0,0,0,0.187,3.2,
20250406,6,2,1,703,24,1200,2,16,140,110,190,1470,380,580,11540,21560,250,2400,9070,1,4,2,6,14,10,15,7,11,5,9,12,13,3,16,8,0,0,0.281,1.4,
20250412,6,6,1,703,24,1800,1,12,300,130,880,110,18610,30010,5710,61340,3470,170,2220,3,1,7,4,11,5,2,8,6,10,9,12,0,0,0,0,0,0,0.315,1.8,
20250412,9,12,2,10,24,1200,1,16,550,240,230,630,2420,4040,13150,60250,740,2510,1730,4,9,1,14,7,11,13,2,3,8,12,5,15,16,6,10,0,0,0.335,3.2,
20250412,9,11,2,999,18,1600,1,14,2970,770,270,560,8640,23880,39970,362400,2370,6670,1580,6,2,7,4,5,1,3,14,8,10,12,11,13,9,0,0,0,0,0.184,9.7,
20250412,9,10,2,16,17,2000,1,16,2660,610,260,700,6380,12080,53990,311460,1820,8120,1840,8,14,6,2,11,10,5,4,3,9,13,6,15,12,1,16,0,0,0.149,4.3,
20250412,9,9,2,10,18,2400,1,9,6090,710,540,120,37050,88850,24290,395270,6730,1920,860,3,4,5,9,1,7,8,6,2,0,0,0,0,0,0,0,0,0,0.371,2.2,
20250412,6,12,2,10,24,1200,1,16,190,110,300,1300,2240,3670,47680,194180,1050,3670,12230,16,1,13,8,4,10,9,14,12,11,15,5,7,6,2,3,0,0,0.123,21.3,
20250412,6,10,2,16,18,1600,1,14,440,190,200,520,1180,2200,6320,23960,510,1210,1760,7,1,2,11,12,4,8,3,8,10,5,13,6,14,0,0,0,0,0.212,2.7,
20250412,6,9,1,5,17,2000,1,9,420,160,320,120,4200,6250,2120,22300,1000,210,820,7,3,1,6,2,5,4,8,9,0,0,0,0,0,0,0,0,0,0.341,4.2,
20250412,6,8,2,5,24,2400,1,14,620,240,420,480,5440,8690,27080,135780,1690,2220,2670,5,4,11,10,3,7,1,2,8,9,6,14,12,13,0,0,0,0,0.147,3.4,
20250412,6,3,1,703,24,1800,2,13,310,120,140,110,840,1560,670,4490,290,190,260,3,2,4,1,5,6,9,7,12,11,8,0,10,0,0,0,0,0,0.264,3.3,
20250412,6,1,1,703,24,1800,2,14,300,180,190,250,780,1220,1650,5150,260,390,400,1,4,2,3,11,10,12,6,5,7,8,13,9,14,0,0,0,0,0.341,3.0,
20250412,3,12,2,5,17,1200,1,16,300,170,430,1460,3070,4340,66460,219220,1030,5980,10610,5,1,4,2,10,8,11,7,13,6,14,12,16,15,3,9,0,0,0.207,4.5,
20250412,3,11,2,999,24,1700,1,15,630,260,280,370,1770,2930,6550,27980,750,1120,1290,9,3,1,4,2,5,7,13,15,6,11,8,12,10,14,0,0,0,0.170,3.9,
20250412,3,9,2,5,17,1800,1,15,270,160,1390,1140,12930,16600,99400,277020,3920,1580,19530,8,4,1,5,13,6,12,7,11,9,10,0,3,14,2,0,0,0,0.177,6.8,
20250412,3,7,2,5,24,1700,1,15,5280,1140,420,150,30560,66730,27150,181330,7530,2450,950,10,9,3,6,11,4,8,7,1,2,0,14,5,13,12,0,0,0,0.203,2.9,
20250412,6,5,1,703,18,2200,1,12,280,110,110,180,200,460,1180,3430,140,700,550,2,4,1,5,6,12,10,3,7,9,11,8,0,0,0,0,0,0,0.359,1.8,
20250412,3,6,1,703,17,1200,1,16,830,300,190,340,2040,4730,5630,27560,690,1000,1000,4,8,2,9,6,16,10,13,15,12,1,3,5,14,7,11,0,0,0.316,1.8,
20250412,3,5,1,703,17,2000,1,16,34740,7500,330,310,143520,315540,252700,4014510,38600,36410,830,11,12,2,7,9,10,6,8,14,3,15,4,1,5,13,16,0,0,0.273,3.0,
20250412,3,4,1,703,24,1150,1,15,350,130,110,180,560,1360,1710,7130,260,660,440,2,8,7,5,6,1,3,15,12,14,10,11,9,13,4,0,0,0,0.210,2.8,
20250412,3,2,1,703,17,1200,1,16,130,110,870,190,3290,4800,8660,41680,1360,320,7700,1,8,7,3,4,16,14,6,12,15,5,9,2,11,13,10,0,0,0.249,1.3,
20250412,3,1,1,703,24,1700,1,15,690,160,110,830,350,1370,2610,18400,150,2000,1040,2,1,6,10,3,12,9,4,5,8,14,7,15,11,13,0,0,0,0.411,1.4,
20250412,9,5,1,5,24,1800,1,11,850,330,220,370,2000,4150,5560,27590,550,1380,640,4,10,5,2,6,11,3,1,7,8,9,0,0,0,0,0,0,0,0.220,3.1,
20250412,3,3,1,703,17,1800,1,16,260,120,130,120,590,1140,460,3310,260,210,250,1,3,2,7,0,5,9,13,4,15,10,6,14,11,12,8,0,0,0.255,2.6,
20250412,3,8,2,5,17,2600,1,16,390,150,270,290,2060,4370,6040,27060,770,550,1490,9,1,15,2,10,8,3,4,13,11,0,12,6,5,14,7,0,0,0.215,2.7,
20250412,3,10,2,10,24,1150,1,16,1480,490,320,190,5940,10900,12980,98360,2010,1740,1030,6,5,8,1,13,14,3,11,7,16,4,9,15,2,12,10,0,0,0.174,2.8,
20250412,6,2,1,703,24,1200,2,16,630,210,250,130,4030,6980,2410,21250,1210,360,450,3,1,4,2,9,7,6,5,12,10,13,14,16,15,11,8,0,0,0.259,1.9,
20250412,6,7,2,5,18,1600,1,16,350,150,160,180,810,1530,1910,7110,310,490,670,1,9,2,11,6,16,3,5,4,14,10,13,7,15,8,12,0,0,0.231,3.5,
20250412,6,11,1,999,18,1600,1,14,550,150,110,220,430,1320,1060,5740,240,540,350,2,3,1,9,4,6,8,12,10,14,5,7,13,11,0,0,0,0,0.343,1.7,
20250412,9,2,1,703,24,1400,1,16,910,210,350,110,6890,14840,3560,51620,1560,300,540,7,4,3,14,1,9,10,11,5,8,2,6,12,15,16,13,0,0,0.168,11.4,
20250412,9,4,1,703,18,1600,1,18,650,180,140,180,860,1570,1990,9690,330,640,510,1,5,2,14,10,17,8,3,6,11,4,7,18,16,15,12,9,13,0.144,6.5,
20250412,9,6,1,5,17,1200,1,11,410,160,150,270,950,1990,2850,13210,360,620,780,0,1,10,4,3,7,5,6,8,2,9,0,0,0,0,0,0,0,0.225,3.2,
20250412,9,7,2,5,24,1800,1,9,230,130,740,170,6800,9210,10390,61710,1960,360,2640,5,7,8,3,1,6,9,4,2,0,0,0,0,0,0,0,0,0,0.315,4.7,
20250412,9,8,2,5,24,1200,1,16,320,180,2780,460,23000,28910,111920,515680,7220,1100,31110,13,4,6,5,1,7,11,8,12,15,3,9,2,16,10,14,0,0,0.143,12.0,
20250413,3,9,2,10,17,1200,1,10,410,200,200,270,1230,2480,3160,14010,490,640,760,9,2,4,6,7,3,1,5,8,10,0,0,0,0,0,0,0,0,0.221,15.5,
20250413,6,5,1,703,18,1600,1,16,240,140,300,520,1250,1960,14700,40730,580,1450,6490,5,1,3,13,2,12,14,4,15,11,7,9,8,5,16,10,0,0,0.179,6.1,
20250413,6,10,2,10,17,2000,1,10,350,160,200,220,1160,2040,3670,12570,520,600,920,5,2,3,9,1,6,7,10,4,8,0,0,0,0,0,0,0,0,0.209,4.2,
20250413,3,8,2,5,24,1150,1,16,5410,870,170,200,12050,27880,16050,210810,3070,4880,480,1,7,9,3,15,2,16,10,4,11,8,5,14,12,13,6,0,0,0.151,54.1,
20250413,9,5,1,5,24,1400,1,16,940,300,350,200,6580,14140,14950,106210,1970,1250,1340,12,2,14,11,9,16,13,8,3,10,1,15,7,4,6,5,0,0,0.187,4.3,
20250413,9,11,1,999,18,1600,2,18,500,200,150,200,1000,2000,2200,11060,490,690,400,1,11,4,2,10,5,8,12,17,13,15,3,18,14,6,7,16,9,0.187,5.0,
20250413,3,7,2,5,17,2000,1,16,600,230,2210,400,47670,58200,125510,869560,8940,1520,19210,5,6,4,15,10,8,1,16,3,13,9,7,14,12,11,2,0,0,0.305,1.9,
20250413,3,1,1,703,24,1700,1,15,460,170,150,250,1420,2800,3480,18620,590,990,740,1,7,9,2,15,3,6,12,14,10,5,13,11,8,4,0,0,0,0.190,4.6,
20250413,3,4,1,703,24,1700,1,15,160,110,160,770,350,500,6220,15030,190,1380,4130,1,2,4,6,8,15,11,3,7,5,14,13,10,12,9,0,0,0,0.322,1.6,
20250413,3,5,1,703,17,1800,1,16,300,130,250,170,1460,2530,2540,12820,610,350,1090,10,1,3,4,5,2,15,9,12,7,14,13,11,8,6,16,0,0,0.139,5.2,
20250413,6,12,2,5,24,1200,2,16,320,190,260,480,1610,2410,9420,33180,640,1140,2850,1,4,2,8,6,10,5,3,14,9,16,13,11,12,7,15,0,0,0.134,3.2,
20250413,9,1,1,703,24,1400,1,16,1110,420,240,990,2700,6010,36320,233350,1020,5330,3230,5,6,9,3,4,2,14,12,16,15,1,7,10,8,13,11,0,0,0.366,2.3,
20250413,9,2,1,703,24,1800,1,15,420,160,380,230,2510,4550,5920,31410,950,610,2180,5,1,8,14,13,2,4,9,10,3,7,15,11,12,6,0,0,0,0.317,2.8,
20250413,9,6,2,5,24,1800,2,10,1330,530,310,360,4430,8520,8990,61730,1180,1380,740,5,2,4,6,1,3,7,10,8,9,0,0,0,0,0,0,0,0,0.242,1.8,
20250413,9,7,2,10,18,1600,2,7,300,180,280,0,870,1430,1250,5580,330,250,420,4,1,2,5,3,7,6,0,0,0,0,0,0,0,0,0,0,0,0.303,3.0,
20250413,3,6,2,5,17,1200,1,16,280,140,220,150,1380,2170,1800,8080,530,280,560,3,4,1,12,10,11,2,5,13,7,6,14,9,15,16,8,0,0,0.231,3.9,
20250413,3,12,2,5,24,1700,1,15,1400,390,280,410,7030,16900,34910,185140,2200,2820,2330,15,4,6,1,9,11,3,14,2,7,13,8,5,12,10,0,0,0,0.287,4.6,
20250413,6,2,1,703,24,1800,1,16,7290,970,170,460,9360,33920,47680,639500,2440,8980,1250,7,5,2,4,6,11,3,9,8,16,1,15,10,12,13,14,0,0,0.247,3.3,
20250413,6,3,1,703,24,1200,1,16,870,180,320,110,4160,7620,2980,28080,1140,370,550,3,1,6,9,15,8,5,13,10,11,7,2,4,12,16,14,0,0,0.288,1.7,
20250413,6,9,2,10,24,2400,1,11,340,150,210,310,1100,2050,7280,33730,420,820,1570,1,4,10,7,6,5,2,8,3,9,11,0,0,0,0,0,0,0,0.213,3.4,
20250413,6,11,2,999,18,1200,2,14,650,210,140,1660,890,2400,18740,91570,410,6750,3120,2,12,1,6,9,4,5,7,8,3,13,10,11,14,0,0,0,0,0.257,2.8,
20250413,3,10,2,16,24,1150,1,16,890,250,290,710,2740,7510,14240,84350,1000,2510,1960,12,1,15,2,13,14,16,3,5,8,9,7,11,6,4,10,0,0,0.406,1.7,
20250413,9,9,1,999,17,2000,2,8,580,160,230,110,2650,4140,2010,16410,600,260,490,3,8,4,1,5,2,7,6,0,0,0,0,0,0,0,0,0,0,0.253,2.1,
20250413,9,10,2,999,18,2600,2,11,240,150,260,500,1380,2040,8660,24370,550,1120,3360,6,1,4,8,7,10,2,11,3,5,9,0,0,0,0,0,0,0,0.202,2.7,
20250413,9,12,2,16,24,1800,2,16,310,150,350,230,4650,6670,8620,52420,1430,460,1640,6,1,3,10,7,8,12,5,2,15,4,14,9,13,11,16,0,0,0.242,6.8,
20250413,9,8,2,10,24,1800,2,12,1090,340,1530,390,37480,44210,56490,529540,5930,1400,4850,4,8,11,7,1,6,12,5,3,9,10,2,0,0,0,0,0,0,0.268,2.8,
20250413,6,7,1,5,24,1800,1,10,560,210,480,300,4960,9270,27760,125150,1470,1020,3840,10,5,7,1,4,8,6,3,9,2,0,0,0,0,0,0,0,0,0.241,2.5,
20250413,6,6,1,703,17,2000,1,18,840,200,130,190,880,2220,1860,13140,350,800,330,3,2,6,4,7,17,9,13,11,18,12,1,14,10,5,8,16,15,0.189,5.3,
20250413,6,8,1,5,24,1200,1,16,280,160,330,180,2220,3320,2980,15970,720,380,840,1,3,4,2,14,13,8,6,10,7,5,15,16,9,11,12,0,0,0.212,2.8,
20250413,3,3,1,703,17,2600,1,16,490,180,160,1070,730,1490,8050,33480,340,3210,2200,2,5,1,6,9,10,13,11,7,3,16,15,12,14,4,8,0,0,0.139,3.0,
20250413,3,11,2,999,17,2000,1,15,670,250,380,400,4230,7110,16360,84220,1730,1450,2480,5,10,6,13,9,2,15,3,1,4,11,8,12,7,14,0,0,0,0.242,4.3,
20250419,9,2,1,703,24,1200,1,16,770,240,330,1280,4750,9010,67420,323980,1330,5070,7920,11,5,7,2,6,10,4,15,13,9,12,8,1,16,3,14,0,0,0.149,18.4,
20250419,9,1,1,703,24,1800,1,16,160,110,1640,140,13870,16260,15770,97170,3410,210,5920,16,1,3,5,13,15,8,9,14,4,10,7,12,6,2,11,0,0,0.198,19.8,
20250419,6,12,2,10,24,1200,1,16,3600,720,670,2860,31740,54460,433110,2957320,7290,27270,23670,0,13,5,12,6,7,1,11,4,2,14,15,9,8,10,3,0,0,0.236,0.0,
20250419,6,10,2,16,24,1800,1,16,1050,270,660,730,10270,19420,69700,304520,2700,3240,5970,7,14,10,15,0,4,13,1,2,12,3,11,9,5,8,6,0,0,0.221,2.5,
20250419,6,9,2,10,18,1200,1,13,180,110,190,850,530,800,4700,12750,310,1110,1730,1,4,2,13,7,5,3,11,8,12,6,9,10,0,0,0,0,0,0.369,1.8,
20250419,6,8,2,5,24,1800,1,14,1360,270,200,210,2630,7090,6410,52540,990,1150,880,8,2,3,1,4,10,6,12,5,14,9,7,13,11,0,0,0,0,0.161,1.8,
20250419,6,6,1,5,17,1800,1,8,340,110,110,140,290,760,480,2810,150,270,190,3,2,1,6,4,5,7,8,0,0,0,0,0,0,0,0,0,0,0.357,5.7,
20250419,6,5,1,703,18,1600,1,16,130,100,100,140,150,200,350,670,110,220,280,1,2,13,4,9,16,14,15,3,5,10,11,6,7,8,12,0,0,0.314,1.3,
20250419,6,3,1,703,24,1200,1,16,430,190,140,630,500,1370,5100,23200,310,2260,940,4,2,3,1,11,9,8,10,6,16,5,12,15,13,7,14,0,0,0.116,31.6,
20250419,6,1,1,703,24,1200,1,14,380,110,100,570,190,590,2040,9940,130,1310,1030,2,1,12,4,5,11,8,6,9,3,7,14,13,10,0,0,0,0,0.388,1.3,
20250419,3,12,2,5,17,1200,1,16,340,180,570,1840,3240,5470,57930,158310,1220,4820,17110,1,10,14,13,15,9,2,3,4,6,5,7,8,11,12,16,0,0,0.211,3.4,
20250419,3,1,1,703,24,1150,1,16,280,130,210,180,1100,1630,2000,7280,490,370,660,3,5,1,2,6,7,11,13,15,4,12,16,10,9,8,14,0,0,0.233,6.0,
20250419,3,10,2,5,17,2000,1,16,670,270,290,280,3920,6920,8320,45490,1410,950,1670,1,4,12,11,6,3,16,9,13,15,8,7,2,14,10,5,0,0,0.158,6.7,
20250419,9,8,2,5,18,1600,1,14,1080,370,180,350,4790,8500,13600,75340,1490,1780,1070,12,1,2,3,10,4,8,9,14,7,6,5,11,13,0,0,0,0,0.164,4.6,
20250419,9,7,2,5,18,2400,1,10,240,120,130,110,650,1070,390,2320,220,170,210,3,2,1,4,5,6,10,8,9,7,0,0,0,0,0,0,0,0,0.268,2.7,
20250419,9,6,1,5,24,1800,1,8,450,150,150,430,740,1810,4580,18140,390,940,1250,2,6,5,1,7,4,3,8,0,0,0,0,0,0,0,0,0,0,0.373,4.0,
20250419,9,9,2,10,24,1400,1,16,230,120,430,160,3100,3250,4600,23920,890,250,2190,1,3,12,15,9,4,7,2,10,6,5,8,13,11,14,16,0,0,0.212,2.3,
20250419,6,7,2,5,17,2000,1,15,410,150,330,110,4890,6510,2990,23730,1180,230,810,1,3,14,8,2,6,11,12,4,5,15,10,7,13,9,0,0,0,0.211,4.1,
20250419,3,11,2,10,24,1700,1,15,330,160,540,640,2780,4110,23120,79880,1100,1400,7200,1,6,7,15,4,13,5,2,11,14,3,9,10,12,8,0,0,0,0.258,3.3,
20250419,3,9,1,5,17,2000,1,10,150,110,220,240,690,870,2850,6500,340,400,2020,1,7,2,6,8,4,3,5,9,10,0,0,0,0,0,0,0,0,0.372,1.5,
20250419,3,8,2,5,24,1150,1,16,1320,320,650,200,10480,20640,16430,135720,2940,1030,2020,3,4,1,6,13,10,8,2,11,5,12,16,9,7,14,15,0,0,0.235,4.5,
20250419,3,7,2,5,24,1700,1,15,7050,1060,190,160,14120,35300,15080,180600,3140,3210,490,3,6,7,2,8,5,10,14,15,9,13,1,11,12,4,0,0,0,0.275,3.5,
20250419,3,6,1,703,17,1200,1,16,730,310,410,210,5470,8870,12480,62190,1870,1280,1550,10,3,7,9,15,16,1,6,5,2,8,14,12,4,13,11,0,0,0.243,3.0,
20250419,3,4,1,703,24,1700,1,15,320,160,1920,140,19860,29150,21900,89710,5400,380,5850,1,4,10,7,3,12,15,13,5,9,6,14,8,2,11,0,0,0,0.222,3.2,
20250419,3,3,1,703,17,2600,1,16,840,280,230,400,2330,5400,12860,80980,900,1700,1750,14,6,4,5,8,16,10,2,7,1,12,9,3,11,15,13,0,0,0.160,2.3,
20250419,3,2,1,703,17,1200,1,16,220,110,120,460,310,550,2400,7400,170,960,990,4,1,2,10,11,3,15,8,6,16,14,7,5,12,9,13,0,0,0.174,7.8,
20250419,9,12,2,5,24,1400,1,16,190,110,160,160,610,1120,1980,5950,310,230,830,7,1,4,8,3,10,11,5,6,2,9,15,12,0,14,13,0,0,0.169,9.6,
20250419,9,11,2,999,24,1800,1,13,180,110,530,2520,2160,2520,138570,299860,1050,7610,29790,1,7,12,10,8,2,6,5,4,9,3,0,11,0,0,0,0,0,0.318,1.8,
20250419,9,5,1,5,17,2000,1,7,170,120,140,0,270,380,210,790,120,140,160,1,2,4,3,6,5,7,0,0,0,0,0,0,0,0,0,0,0,0.259,1.7,
20250419,9,4,1,703,17,2200,1,16,200,120,140,1750,460,700,13890,31180,220,3380,7580,1,2,4,11,9,12,0,5,13,15,7,14,3,10,8,6,0,0,0.280,2.0,
20250419,9,3,1,703,24,2000,1,16,2400,420,500,350,12210,28200,44880,300360,2910,2360,2580,9,12,4,3,1,16,6,10,8,15,7,5,2,13,14,11,0,0,0.261,2.5,
20250419,9,10,2,10,17,1400,1,14,1560,320,130,440,1620,4430,5670,41120,680,2670,680,5,2,4,12,1,8,9,3,10,14,7,13,11,6,0,0,0,0,0.165,6.8,
20250420,9,6,1,5,24,1200,1,16,220,150,250,250,950,1440,3650,13530,450,630,1480,13,12,1,2,4,14,3,6,5,10,9,15,7,16,11,8,0,0,0.184,34.6,
20250420,9,8,2,5,24,1800,1,13,260,150,240,460,1020,1530,7200,26730,530,1270,2370,1,2,12,5,7,3,4,10,11,8,6,9,13,0,0,0,0,0,0.183,2.6,
20250420,9,2,1,703,17,2000,1,16,2020,370,1150,160,54190,97870,43120,570300,10470,1020,2760,12,3,6,8,4,2,11,5,1,7,16,9,15,13,10,14,0,0,0.373,2.2,
20250420,6,10,2,999,24,1200,1,16,240,140,220,830,970,1290,16820,41820,480,2110,4810,1,10,4,2,7,11,14,16,5,13,8,3,6,9,15,12,0,0,0.182,2.4,
20250420,6,6,1,5,24,1800,1,15,250,170,200,1250,1120,1470,19700,52390,470,4040,4040,2,1,4,11,6,9,13,8,3,12,7,10,5,15,14,0,0,0,0.226,7.5,
20250420,3,12,2,5,24,1700,1,15,840,210,120,140,1200,2860,1120,10120,430,420,260,2,1,3,6,4,5,15,8,14,12,7,11,10,9,13,0,0,0,0.183,2.2,
20250420,3,11,2,999,17,1800,1,16,380,180,310,340,1710,2640,7180,25430,770,870,1620,1,5,15,4,7,12,3,10,9,2,8,13,14,6,0,11,0,0,0.237,3.8,
20250420,3,8,2,5,24,1700,1,15,1250,280,160,170,2560,5820,4220,27270,1030,1040,460,1,3,2,6,4,10,7,9,7,11,5,14,15,13,12,0,0,0,0.211,12.5,
20250420,3,7,2,5,17,1800,1,16,1010,390,1100,360,17730,26460,49710,234390,4610,2160,4750,6,11,12,7,1,8,4,2,15,9,3,13,14,5,16,10,0,0,0.263,3.2,
20250420,3,4,1,703,17,2000,1,16,170,120,290,670,1080,1570,9620,26770,420,1080,5180,1,8,12,15,2,5,9,10,6,14,4,3,13,16,11,7,0,0,0.255,1.7,
20250420,9,1,1,703,24,1400,1,16,490,200,140,360,750,1460,3290,12320,350,1070,860,6,2,14,1,7,5,10,11,16,15,9,3,12,4,8,13,0,0,0.198,9.0,
20250420,9,3,1,703,24,1800,1,16,2290,630,770,200,28780,62200,40090,223120,7950,1380,1950,3,6,4,1,16,11,10,15,13,2,5,8,12,14,7,9,0,0,0.199,4.4,
20250420,9,5,1,703,18,1800,1,18,880,280,1030,130,16710,34130,12920,117040,4510,510,2480,7,3,5,8,14,9,15,10,18,6,13,1,4,11,16,17,2,12,0.181,8.6,
20250420,6,12,2,16,18,2200,1,13,300,140,1110,140,20680,32490,16150,121930,4220,270,4830,3,1,5,13,12,11,2,6,9,8,7,4,10,0,0,0,0,0,0.436,2.8,
20250420,9,12,2,10,24,1800,1,16,3900,820,360,1280,15330,35070,178400,1207440,4040,10550,7370,6,7,12,4,13,2,11,16,5,8,15,1,3,14,10,9,0,0,0.189,4.1,
20250420,9,11,2,16,17,1400,1,11,380,150,160,490,820,1560,7460,26420,390,1660,1320,2,7,8,1,4,6,10,9,3,5,11,0,0,0,0,0,0,0,0.179,3.9,
20250420,9,10,2,16,24,1400,1,16,610,220,300,350,3000,5340,17660,93110,1140,1860,2460,9,11,7,5,1,3,15,8,0,2,4,6,13,14,12,10,0,0,0.178,10.6,
20250420,9,9,2,10,17,2000,1,8,490,180,460,140,3540,7090,4280,28170,980,340,1190,1,4,8,3,7,6,5,2,0,0,0,0,0,0,0,0,0,0,0.207,4.9,
20250420,9,7,1,5,18,1600,1,11,270,140,130,320,600,940,2460,7640,310,600,970,1,2,6,4,5,3,9,10,6,8,11,0,0,0,0,0,0,0,0.239,2.7,
20250420,3,2,1,703,24,1700,1,15,430,180,230,310,1140,2250,5870,25970,520,710,1730,1,5,8,3,10,13,2,6,11,9,15,4,14,7,12,0,0,0,0.191,4.3,
20250420,6,11,1,999,17,2000,1,18,1060,200,110,280,680,2470,2730,22670,280,1280,490,4,1,2,5,11,14,3,13,17,18,9,10,8,16,15,7,12,6,0.200,23.4,
20250420,6,9,2,10,17,2000,1,12,310,140,150,290,410,820,1430,5180,230,620,670,1,2,9,7,3,5,11,4,6,8,10,12,0,0,0,0,0,0,0.442,3.1,
20250420,6,8,2,10,24,1800,1,16,220,110,120,740,300,570,4250,11480,170,1240,2330,1,7,2,4,9,10,16,6,5,13,14,12,8,3,11,15,0,0,0.361,2.2,
20250420,6,7,2,5,24,1200,1,16,3440,670,150,310,6110,17330,13790,137450,2000,3890,620,2,5,13,11,4,3,10,6,15,1,8,7,9,16,12,14,0,0,0.282,2.6,
20250420,6,5,1,5,18,1200,1,11,300,130,220,110,3670,4970,1790,12320,800,170,590,5,3,4,1,2,10,6,8,7,9,11,0,0,0,0,0,0,0,0.243,2.8,
20250420,6,4,1,703,17,2000,1,16,300,160,190,540,920,1510,7940,20860,390,1000,2490,1,4,2,7,5,11,6,9,16,10,12,3,15,8,13,14,0,0,0.264,3.0,
20250420,6,3,1,703,24,1800,1,12,2270,270,110,170,2010,6320,2790,37700,610,1110,290,2,4,3,9,1,7,6,11,5,12,8,10,0,0,0,0,0,0,0.377,1.8,
20250420,6,2,1,703,24,1200,1,16,240,110,110,140,240,480,370,1580,130,210,290,1,2,3,4,9,11,15,5,7,14,6,10,8,16,12,12,0,0,0.525,2.4,
20250420,6,1,1,703,24,1800,1,14,140,100,150,140,510,590,760,1780,250,200,520,1,4,8,5,10,2,3,9,6,14,12,11,13,7,0,0,0,0,0.508,1.4,
20250420,3,10,2,10,17,2600,1,15,2350,580,200,210,5900,13360,10500,79920,1910,1730,650,9,2,6,13,3,1,4,7,12,5,8,11,10,15,14,0,0,0,0.136,4.3,
20250420,3,9,2,5,17,1200,1,15,370,140,140,170,500,1230,1040,5060,240,540,370,1,2,13,3,6,5,8,10,4,7,12,9,14,11,15,0,0,0,0.224,3.7,
20250420,3,6,1,703,24,1700,1,15,460,200,370,370,2630,4690,10600,61050,860,1270,2470,4,1,7,11,5,13,6,3,10,15,2,14,12,9,8,0,0,0,0.127,7.0,
20250420,3,5,1,703,17,2000,1,16,1170,260,210,130,2630,5880,3390,29150,720,810,490,3,5,15,9,7,13,12,1,8,4,6,2,11,14,10,16,0,0,0.186,3.0,
20250420,3,3,1,703,17,1200,1,16,400,160,280,1080,2160,4120,24410,122880,700,4040,5320,2,11,1,13,4,12,6,8,7,15,14,16,5,10,3,9,0,0,0.225,10.8,
20250426,8,3,1,703,17,1200,1,18,1930,390,290,200,11140,23820,9000,101260,2700,1090,840,4,2,12,15,5,3,7,9,10,8,18,16,1,13,14,11,6,17,0.220,2.6,
20250426,8,2,1,703,24,1800,1,16,1220,420,500,760,10970,16660,49510,218300,3080,3510,4730,8,6,9,10,13,7,4,1,11,16,5,14,3,2,12,15,0,0,0.122,4.5,
20250426,5,7,2,5,23,1400,2,14,1080,520,580,330,15670,12910,48320,125660,4110,3150,2540,7,5,4,9,3,8,1,1,12,6,10,13,11,14,0,0,0,0,0.193,2.8,
20250426,5,2,1,703,23,1400,2,16,3200,520,130,290,3830,9600,10550,89260,1350,3860,640,7,4,2,11,3,12,16,10,8,1,9,6,13,15,5,14,0,0,0.254,8.2,
20250426,3,10,2,5,17,2000,1,13,360,160,350,160,2880,4620,3100,20700,1010,380,840,3,1,12,4,2,9,7,10,8,13,5,6,11,0,0,0,0,0,0.174,3.7,
20250426,3,8,2,5,24,1150,1,16,200,110,140,230,290,510,1540,4290,170,470,690,1,2,9,3,6,11,12,10,7,14,5,13,4,15,8,16,0,0,0.336,2.0,
20250426,3,3,1,703,17,2000,1,16,7000,1470,1480,110,159740,536530,79100,2145970,27220,1390,1730,3,12,6,7,5,11,8,9,10,1,4,2,15,13,14,16,0,0,0.248,1.4,
20250426,5,12,2,10,23,1600,2,16,140,110,190,210,680,810,1940,4210,270,320,820,1,4,11,12,7,2,3,5,15,6,10,16,14,8,13,9,0,0,0.586,1.4,
20250426,5,11,1,999,11,2400,1,13,260,130,120,170,400,710,930,3370,200,450,350,2,1,6,5,4,12,13,9,3,10,8,11,7,0,0,0,0,0,0.348,2.9,
20250426,5,10,2,16,23,1400,2,16,230,130,160,440,670,870,5270,13850,290,1140,1670,1,2,7,6,3,12,10,5,4,13,16,14,9,8,15,11,0,0,0.260,2.3,
20250426,5,9,2,10,11,1800,1,9,260,110,110,150,260,580,600,2100,140,250,280,2,1,4,6,3,5,7,9,8,0,0,0,0,0,0,0,0,0,0.327,2.2,
20250426,5,8,2,5,11,1600,1,12,1050,280,150,130,1870,4110,2600,26630,610,790,300,3,5,4,2,9,6,1,8,7,11,10,12,0,0,0,0,0,0,0.257,2.4,
20250426,5,6,1,5,23,1600,2,16,1820,330,230,170,7080,15970,7470,74770,1810,900,760,6,3,12,8,2,15,10,1,9,14,11,13,7,4,5,16,0,0,0.351,2.5,
20250426,5,5,1,703,11,1400,1,18,270,120,130,120,600,1020,540,2710,230,180,300,2,1,3,5,8,10,6,7,13,4,9,12,11,16,17,15,14,18,0.311,3.5,
20250426,5,4,1,703,11,1800,1,18,170,110,180,180,340,510,1680,2000,290,300,940,4,1,2,6,9,2,7,10,15,11,17,5,13,8,18,14,12,16,0.263,3.1,
20250426,5,3,1,703,23,2100,2,16,140,110,940,1180,3340,3690,29930,74540,1320,1760,20230,1,9,8,6,5,11,14,13,7,10,16,4,2,3,15,12,0,0,0.506,1.4,
20250426,3,12,2,5,24,1700,1,13,540,210,180,400,1910,3890,11450,62990,650,2260,1390,2,3,5,11,10,4,13,1,8,9,6,7,12,0,0,0,0,0,0.183,4.5,
20250426,3,11,2,10,17,1200,1,16,2150,460,290,500,7290,15950,59910,391870,2130,6740,2400,14,5,2,4,9,12,3,1,10,13,7,15,6,0,8,11,0,0,0.192,4.5,
20250426,8,8,1,5,18,1800,1,7,310,170,190,0,750,1320,600,3120,280,210,220,2,3,5,6,1,4,7,0,0,0,0,0,0,0,0,0,0,0,0.284,4.0,
20250426,3,9,1,5,17,1200,1,16,280,140,400,180,3130,5110,4310,22010,1250,320,1600,3,1,4,10,2,5,6,7,15,16,9,8,11,12,14,13,0,0,0.231,6.0,
20250426,3,7,2,5,17,1200,1,15,550,220,1410,200,14980,21050,22290,138950,4500,650,4500,1,8,7,5,15,4,13,10,11,3,2,9,12,14,6,0,0,0,0.165,5.5,
20250426,3,6,1,703,24,1700,1,15,620,280,800,330,11960,18030,26590,184970,3290,1300,4110,4,12,5,8,3,1,10,2,7,9,6,14,11,13,0,0,0,0,0.260,1.8,
20250426,3,5,1,703,17,1800,1,16,470,190,440,440,3850,7430,14640,59880,1180,1120,3210,1,11,5,9,3,12,15,4,6,16,2,13,8,14,7,10,0,0,0.186,4.7,
20250426,3,4,1,703,17,1200,1,12,160,110,110,110,330,470,290,1090,160,150,270,1,3,11,2,12,5,4,10,8,7,6,9,0,0,0,0,0,0,0.372,1.6,
20250426,3,2,1,703,24,1150,1,16,300,120,120,110,840,1180,340,2370,260,190,170,2,3,1,7,6,4,10,5,14,9,12,15,8,11,13,16,0,0,0.247,4.3,
20250426,3,1,1,703,24,1700,1,15,2100,890,1400,730,27750,57420,101030,1112730,6510,3730,3980,7,1,5,15,11,3,6,2,8,12,10,9,13,14,4,0,0,0,0.176,1.7,
20250426,8,10,2,16,24,1900,1,12,150,110,130,230,360,480,1060,2450,170,390,600,1,2,5,4,3,6,11,8,9,10,7,12,0,0,0,0,0,0,0.410,1.5,
20250426,8,7,1,5,24,1800,1,12,300,160,290,240,1680,2440,5370,19500,710,530,1800,7,1,2,12,6,8,3,10,5,4,9,11,0,0,0,0,0,0,0.194,3.8,
20250426,8,6,1,703,18,2400,1,14,2090,360,110,190,1630,6420,2880,39310,560,1810,310,2,1,3,8,6,14,5,9,4,12,10,7,11,13,0,0,0,0,0.255,1.7,
20250426,8,5,1,703,18,1800,1,18,1160,280,180,730,2700,7070,20210,111610,950,4050,2190,6,2,1,7,3,5,18,9,15,12,13,11,16,8,4,17,10,14,0.221,3.4,
20250426,8,12,2,10,18,1600,1,9,230,120,190,130,2190,3260,1520,9590,560,180,570,1,3,4,8,7,2,6,9,5,0,0,0,0,0,0,0,0,0,0.306,2.3,
20250426,8,11,2,999,24,1200,1,14,270,150,200,1490,1040,1910,18840,55920,470,3340,5820,1,8,4,10,6,2,11,12,5,14,3,9,13,7,0,0,0,0,0.265,2.7,
20250426,8,9,2,5,18,1400,1,12,350,140,180,240,970,1710,3290,14540,350,610,1020,1,6,2,7,3,9,5,8,4,12,11,10,0,0,0,0,0,0,0.356,3.5,
20250427,5,2,1,703,23,1600,2,16,710,250,190,6520,1500,3020,192440,677690,610,41120,32370,5,11,7,15,3,16,8,1,10,9,2,6,4,13,14,12,0,0,0.318,2.4,
20250427,8,11,2,999,18,1600,1,10,1020,190,120,130,970,3080,1190,10820,360,530,230,2,3,10,1,5,8,9,4,7,6,0,0,0,0,0,0,0,0,0.334,2.1,
20250427,8,8,2,5,24,1800,1,12,320,160,350,540,2950,4280,14370,54270,970,1310,2900,12,1,4,8,11,2,7,6,3,5,9,10,0,0,0,0,0,0,0.234,12.1,
20250427,8,7,2,5,18,1800,1,10,340,130,160,150,750,1560,1550,7130,310,340,470,1,5,2,6,10,4,3,8,7,9,0,0,0,0,0,0,0,0,0.228,3.4,
20250427,8,6,1,5,24,1400,1,10,230,130,230,160,1060,1530,1850,7540,430,320,820,1,5,3,4,6,2,7,8,10,9,0,0,0,0,0,0,0,0,0.356,2.3,
20250427,8,5,1,703,17,2000,1,14,270,140,230,320,1310,2130,6580,26650,490,790,1630,4,1,9,7,8,14,11,10,3,6,5,2,12,13,0,0,0,0,0.212,3.6,
20250427,8,3,1,703,17,1600,1,18,560,160,170,110,2580,4710,840,10140,510,200,210,3,1,2,15,4,13,16,9,10,17,7,18,11,5,8,6,12,14,0.233,1.5,
20250427,8,1,1,703,24,1200,1,16,2370,530,250,290,6940,15460,16380,124520,2150,2790,870,4,9,0,2,12,3,1,11,14,6,7,8,5,10,13,15,0,0,0.166,7.5,
20250427,5,12,2,10,23,1400,2,16,460,190,690,190,6000,9810,9390,42610,2150,490,2220,10,11,3,1,8,13,14,4,5,2,6,12,16,9,7,15,0,0,0.275,4.0,
20250427,5,8,2,10,11,1400,1,14,280,150,300,200,1700,3040,3610,15850,770,430,860,3,10,1,13,2,4,5,6,9,8,12,14,11,7,0,0,0,0,0.301,5.4,
20250427,3,11,2,999,17,1200,1,16,1100,400,430,910,8220,15140,77450,345710,2420,4160,6320,12,5,2,4,13,8,1,11,14,6,7,9,3,15,10,16,0,0,0.182,2.0,
20250427,3,8,2,5,17,1800,1,16,850,300,270,200,4500,10260,7890,47990,1350,830,970,12,3,11,6,7,9,13,1,4,2,8,5,14,16,10,15,0,0,0.132,5.6,
20250427,3,7,2,5,17,1200,1,14,260,140,180,220,1090,1900,2840,10540,380,460,840,4,1,3,2,6,8,13,10,14,11,12,7,9,5,0,0,0,0,0.234,5.1,
20250427,3,6,2,5,24,1700,1,14,830,280,1090,220,20200,39910,62120,291470,5590,1050,5380,6,1,10,5,4,7,3,8,12,2,11,9,13,14,0,0,0,0,0.203,5.8,
20250427,3,5,1,703,17,2000,1,14,1810,320,140,130,2640,6760,1490,20340,680,520,250,4,3,0,7,1,2,11,5,8,6,13,9,10,12,0,0,0,0,0.191,10.1,
20250427,3,4,1,703,17,1200,1,16,280,120,210,120,1110,1590,1110,5070,380,210,470,1,3,2,5,9,8,11,4,12,15,7,14,10,6,13,16,0,0,0.323,2.8,
20250427,3,3,1,703,24,1700,1,15,290,130,170,250,870,1670,2700,9220,330,550,960,1,2,7,5,3,14,11,15,4,6,9,8,10,12,13,0,0,0,0.239,2.9,
20250427,3,2,1,703,17,1200,1,16,160,110,190,130,1020,1300,1300,5290,390,190,650,1,4,16,9,6,8,10,15,5,7,13,12,3,2,14,11,0,0,0.295,1.6,
20250427,3,1,1,703,24,1150,1,16,420,170,160,150,1510,2440,1290,9270,510,350,450,3,1,9,14,8,11,12,2,7,5,16,6,4,10,13,15,0,0,0.242,4.0,
20250427,5,11,1,999,11,2000,1,18,1470,380,170,4200,2690,7140,224360,1100180,1040,44460,14760,2,14,13,15,4,16,18,5,12,6,7,3,17,11,1,10,8,9,0.143,3.1,
20250427,8,12,2,10,24,1800,1,12,1280,290,140,250,1420,3690,3740,21490,630,1320,550,11,9,2,4,1,7,3,12,6,5,8,10,0,0,0,0,0,0,0.277,12.1,
20250427,8,10,2,16,18,1800,1,16,6780,920,510,280,43970,144780,73680,944390,9690,4830,1600,7,9,3,16,12,2,14,11,15,13,4,1,8,6,10,5,0,0,0.167,2.2,
20250427,8,9,2,10,18,2200,1,8,290,150,190,250,900,1420,2900,9100,370,650,890,1,3,2,6,5,7,4,8,0,0,0,0,0,0,0,0,0,0,0.274,2.9,
20250427,3,9,2,5,17,2600,1,11,600,210,240,340,2150,3970,5360,28040,790,810,1290,2,3,7,5,4,9,1,6,11,10,8,0,0,0,0,0,0,0,0.189,9.3,
20250427,5,10,2,999,23,1600,2,12,680,220,360,160,5580,8730,6010,40230,1440,480,1040,5,6,4,3,2,10,1,9,7,11,12,8,0,0,0,0,0,0,0.153,12.7,
20250427,5,9,2,16,11,1400,1,15,3350,690,220,850,7170,13250,57880,416200,2360,6000,3360,4,2,5,10,1,15,7,8,12,3,13,14,6,9,10,0,0,0,0.165,8.5,
20250427,5,7,2,5,23,1600,2,14,1300,320,170,1150,2230,5010,16400,89030,690,4650,1950,2,5,4,8,1,3,9,6,12,11,10,7,13,14,0,0,0,0,0.190,4.2,
20250427,5,6,1,5,11,1600,1,9,270,270,1170,620,2570,3770,6270,21420,710,460,1540,1,5,6,7,4,3,2,8,9,0,0,0,0,0,0,0,0,0,0.355,2.7,
20250427,5,5,1,703,11,1800,1,14,130,100,110,120,240,300,310,700,130,160,290,1,2,3,4,11,5,8,14,7,12,6,13,9,10,0,0,0,0,0.375,1.3,
20250427,5,4,1,703,11,2400,1,11,170,110,180,230,700,960,2100,5750,270,440,930,1,4,2,6,3,7,5,10,11,8,9,0,0,0,0,0,0,0,0.390,1.7,
20250427,5,3,1,703,23,1300,2,15,220,110,130,130,400,620,580,2190,190,250,240,3,2,5,10,12,15,14,1,11,8,13,4,9,6,7,0,0,0,0.344,3.2,
20250427,5,1,1,703,23,1400,2,16,1640,600,530,530,6180,14740,15800,129510,1700,1580,1670,5,3,4,1,8,11,15,14,10,12,2,16,7,9,6,13,0,0,0.507,1.5,
20250427,3,12,2,5,24,1150,1,12,930,240,210,130,3540,7530,3170,25510,1140,650,380,11,9,5,3,6,1,2,8,12,4,7,10,0,0,0,0,0,0,0.244,4.7,
20250427,3,10,2,10,24,1700,1,15,1910,430,600,1230,15980,31260,157520,713150,3580,5280,11330,4,6,12,7,5,9,2,13,14,8,3,15,1,10,11,0,0,0,0.162,3.1,
20250503,4,2,1,703,23,1800,2,15,280,150,320,320,2470,4090,10060,39910,860,870,2520,1,8,5,13,3,0,4,12,6,10,7,9,2,14,11,0,0,0,0.224,2.8,
20250503,4,5,1,703,11,1400,1,16,2290,530,810,250,28770,54430,44640,312510,6530,2320,2420,8,10,4,14,1,5,6,12,3,7,13,16,9,11,2,15,0,0,0.166,2.4,
20250503,4,6,1,703,11,2400,1,16,400,200,270,410,2060,3230,9470,43920,780,1170,2040,2,1,5,9,4,14,3,11,15,16,7,13,12,10,8,6,0,0,0.211,9.2,
20250503,4,7,2,5,23,1800,2,11,190,110,110,130,290,510,370,1370,140,210,250,1,2,3,4,5,8,6,7,9,10,11,0,0,0,0,0,0,0,0.380,1.9,
20250503,4,9,1,5,23,1800,2,15,2680,780,290,220,11200,21280,24650,210150,3490,3040,1130,6,3,4,9,7,2,8,5,1,12,11,10,14,13,15,0,0,0,0.224,2.8,
20250503,4,11,2,16,23,1800,2,15,360,160,200,970,1250,2420,23780,74040,530,1710,6710,1,2,4,11,12,9,5,8,7,10,6,3,13,15,14,0,0,0,0.254,3.6,
20250503,4,12,2,5,10,1000,1,16,540,210,160,220,1370,2310,3080,16510,530,790,710,2,8,1,5,6,7,3,11,10,14,13,16,15,12,4,9,0,0,0.221,3.3,
20250503,5,1,1,703,23,1400,4,16,290,140,280,160,1580,2480,2130,10140,560,310,700,1,3,11,16,6,5,8,4,10,7,2,9,13,14,15,12,0,0,0.238,2.9,
20250503,5,4,1,703,11,2000,2,12,290,140,940,150,5540,9280,5980,31400,1840,270,2720,1,3,11,5,6,10,8,9,7,12,4,2,0,0,0,0,0,0,0.231,2.9,
20250503,5,5,1,5,11,1400,1,9,470,140,110,140,320,980,560,3800,190,390,210,3,2,9,1,4,6,5,8,7,0,0,0,0,0,0,0,0,0,0.311,8.8,
20250503,5,7,2,5,23,1400,3,16,620,200,290,140,3700,6580,3640,26810,1030,490,770,4,3,1,6,2,14,8,10,7,5,11,15,16,13,12,9,0,0,0.259,2.5,
20250503,5,8,2,10,11,2400,1,7,220,130,140,0,300,530,940,3240,150,300,530,4,2,1,3,7,5,6,0,0,0,0,0,0,0,0,0,0,0,0.265,4.0,
20250503,5,9,2,16,23,2100,3,16,990,290,420,1020,7950,15830,75270,307550,2630,5610,5450,1,2,15,8,11,5,10,16,7,6,14,3,9,4,13,12,0,0,0.134,9.9,
20250503,5,11,2,999,11,1400,1,12,410,150,130,170,640,1230,1220,5360,260,460,340,2,1,9,3,5,8,6,7,12,11,10,4,0,0,0,0,0,0,0.281,2.9,
20250503,5,12,2,10,23,1600,3,14,160,110,180,310,410,650,1560,4140,250,460,1070,1,2,6,5,3,8,11,12,14,10,13,4,7,9,0,0,0,0,0.408,1.6,
20250503,8,10,2,10,18,1400,1,8,190,110,110,240,210,350,1220,2850,140,530,620,1,2,4,8,3,7,6,5,0,0,0,0,0,0,0,0,0,0,0.515,1.9,
20250503,8,11,1,999,24,1900,2,13,600,150,110,140,570,1640,910,6090,250,460,220,2,1,3,8,4,13,7,11,10,9,5,6,12,0,0,0,0,0,0.398,1.6,
20250503,8,12,2,10,24,1200,2,16,1300,370,330,570,4810,10980,37800,214130,1610,3200,2970,9,2,4,7,10,3,1,8,11,6,5,13,16,14,15,12,0,0,0.158,3.0,
20250503,4,3,1,703,23,1200,2,15,4300,510,180,110,10620,30250,2840,77100,2070,850,260,2,3,12,6,8,15,5,10,1,11,7,9,4,13,14,0,0,0,0.204,6.7,
20250503,4,8,2,5,12,1600,1,13,250,120,180,130,950,1670,1610,6880,340,270,490,0,6,1,9,10,2,8,7,3,4,0,5,11,0,0,0,0,0,0.237,0.0,
20250503,4,10,2,10,12,1800,1,10,2220,600,170,240,4890,10130,13740,96330,1680,2400,660,6,7,2,8,9,3,1,5,4,10,0,0,0,0,0,0,0,0,0.249,2.9,
20250503,5,3,1,703,23,2100,4,14,380,150,150,230,590,1340,1910,8210,280,620,580,7,2,5,1,11,14,12,3,4,8,13,10,6,9,0,0,0,0,0.251,24.2,
20250503,5,10,1,999,11,1800,1,13,780,230,210,380,2460,5260,9270,44600,860,1480,1130,4,7,2,1,3,13,6,5,10,9,12,11,8,0,0,0,0,0,0.226,2.3,
20250503,8,3,1,703,17,1600,2,18,3710,730,110,660,3750,11420,17620,157200,1560,5190,980,2,4,5,6,17,18,14,9,8,10,3,13,7,1,11,12,16,15,0.233,1.8,
20250503,8,2,1,703,24,1400,3,16,300,130,130,110,780,1160,560,2830,270,200,210,2,13,7,3,1,5,9,6,8,12,16,4,15,10,14,11,0,0,0.155,5.5,
20250503,8,8,2,5,24,1200,3,14,720,290,180,780,1990,4140,26930,134200,860,4710,3380,4,2,1,9,11,5,12,14,3,8,7,6,13,10,0,0,0,0,0.311,4.6,
20250503,8,7,2,5,18,2200,2,8,200,110,140,120,900,1150,730,3280,250,170,350,1,4,3,8,6,5,2,7,0,0,0,0,0,0,0,0,0,0,0.322,2.0,
20250503,8,6,1,5,18,1400,2,9,230,110,130,170,380,640,1020,3190,180,330,460,2,8,5,7,6,1,3,4,9,0,0,0,0,0,0,0,0,0,0.318,3.9,
20250503,8,5,1,703,18,1800,2,12,1010,600,470,450,2340,6690,3600,29010,550,520,470,4,1,3,11,2,5,6,7,9,10,8,12,0,0,0,0,0,0,0.327,1.3,
20250504,4,9,2,10,23,1800,2,15,1420,330,220,210,3710,9270,9500,71790,1410,1170,1120,6,2,8,12,9,7,3,0,1,14,4,13,5,10,10,0,0,0,0.212,5.4,
20250504,4,8,2,5,12,1800,1,9,230,120,140,160,440,810,580,2520,210,250,340,3,1,2,7,5,4,6,8,9,0,0,0,0,0,0,0,0,0,0.290,5.3,
20250504,4,7,2,5,23,1200,2,14,2600,730,230,340,5630,15470,17870,110990,1820,2710,860,5,2,12,9,4,1,10,6,3,7,13,8,11,14,0,0,0,0,0.321,1.9,
20250504,4,5,1,703,11,2000,2,16,1030,230,150,130,2310,5580,2750,23140,810,830,330,3,2,10,9,11,6,13,14,1,12,5,15,4,16,7,8,0,0,0.225,2.6,
20250504,5,3,1,703,23,1600,2,16,460,130,110,190,250,850,610,3700,140,420,230,1,2,11,14,15,5,3,13,12,7,6,8,10,4,9,16,0,0,0.370,4.6,
20250504,4,2,1,703,23,1200,2,15,350,140,170,130,1120,2070,1890,11180,470,330,510,1,4,7,10,3,2,14,6,13,8,12,9,11,15,5,0,0,0,0.189,3.5,
20250504,4,1,1,703,12,1800,2,16,530,200,180,230,2100,4670,5890,34050,760,520,1200,9,1,16,2,8,15,14,10,5,3,11,4,7,13,12,6,0,0,0.188,7.1,
20250504,4,3,1,703,23,1800,2,15,890,210,150,210,1400,2660,2570,15510,530,760,460,15,2,1,9,3,5,11,4,8,6,13,10,12,14,7,0,0,0,0.153,29.0,
20250504,5,9,2,16,11,2000,1,13,240,120,190,230,860,1280,2310,9130,370,430,760,1,7,2,4,10,11,5,12,6,8,3,9,0,0,0,0,0,0,0.193,2.4,
20250504,5,12,2,10,23,1300,2,16,9730,1280,370,230,39500,113220,65330,1116240,8750,7700,790,3,4,2,10,8,11,14,6,7,15,16,5,9,12,13,1,0,0,0.242,4.6,
20250504,8,6,2,5,24,1800,1,7,150,110,460,0,1790,2470,4520,13510,570,400,2580,1,4,3,5,2,7,6,0,0,0,0,0,0,0,0,0,0,0,0.402,1.5,
20250504,8,11,2,999,18,3200,1,15,310,140,290,260,1810,2800,5500,22360,680,630,1690,4,11,1,3,5,10,6,8,7,9,15,2,13,14,12,0,0,0,0.203,4.5,
20250504,5,2,1,703,23,1400,2,16,200,110,150,270,490,660,1530,3280,220,430,790,2,12,1,9,7,16,8,3,13,14,11,6,5,10,4,15,0,0,0.258,6.2,
20250504,4,11,2,999,23,1200,2,15,440,170,340,460,2970,4710,9600,38640,740,1070,1280,13,0,7,3,9,5,8,1,14,2,10,6,3,11,12,0,0,0,0.143,27.4,
20250504,4,12,2,5,11,1400,1,13,480,190,210,490,1910,3740,13660,61520,760,1720,1780,5,1,2,4,6,7,11,9,3,8,10,12,13,0,0,0,0,0,0.317,2.6,
20250504,5,4,1,703,11,1600,1,15,1230,500,850,3640,22080,45920,844280,3447600,6190,26860,38360,10,7,13,1,4,6,9,5,8,2,15,12,14,3,11,0,0,0,0.164,2.9,
20250504,5,5,1,703,11,1800,1,16,1360,230,110,210,850,2810,1410,16230,370,960,310,2,3,9,1,6,11,15,5,7,12,8,10,14,4,16,13,0,0,0.340,1.5,
20250504,5,6,1,5,23,1400,2,16,760,320,1020,280,10050,19560,27170,132100,3030,760,4130,10,3,1,2,5,14,16,8,12,13,15,9,4,11,6,7,0,0,0.465,1.8,
20250504,5,7,2,5,23,2100,2,10,1080,270,470,690,12430,25310,57160,410300,2180,2290,6980,10,6,4,8,9,1,7,5,3,2,0,0,0,0,0,0,0,0,0.317,2.2,
20250504,5,8,2,10,11,1600,1,9,140,100,210,110,870,1190,490,2530,280,130,360,1,9,8,3,4,2,5,7,6,0,0,0,0,0,0,0,0,0,0.413,1.4,
20250504,5,10,2,999,23,2100,2,16,980,350,940,890,19650,25690,124480,543530,4160,3430,11910,4,6,14,16,1,7,5,12,9,3,8,10,11,13,2,15,0,0,0.204,3.4,
20250504,5,11,1,999,11,2000,1,14,620,220,1200,1440,22790,37200,326620,1367210,5850,7740,21810,10,13,11,9,0,1,5,8,2,12,6,4,3,7,0,0,0,0,0.317,4.0,
20250504,4,10,2,10,10,1000,1,16,2390,350,110,160,2380,6200,2230,34400,750,1260,260,2,3,13,11,4,1,16,12,14,8,10,6,5,7,15,9,0,0,0.198,2.2,
20250504,8,9,2,10,24,1900,1,10,560,140,120,130,580,1740,830,6490,290,410,250,4,2,3,1,9,5,8,10,7,6,0,0,0,0,0,0,0,0,0.344,3.5,
20250504,8,10,2,16,17,1200,1,13,450,150,270,120,3210,6090,1740,15480,1010,310,520,3,6,1,11,12,4,5,7,10,9,2,13,8,0,0,0,0,0,0.259,2.3,
20250504,8,12,2,16,24,1200,1,16,430,190,770,440,5380,8230,29560,122010,1750,1480,8640,5,4,8,10,12,1,9,3,15,16,13,11,2,7,14,6,0,0,0.163,4.7,
20250504,8,8,2,10,18,1800,1,7,250,130,200,0,510,1080,1080,4790,230,410,440,3,2,1,4,7,5,6,0,0,0,0,0,0,0,0,0,0,0,0.263,9.9,
20250504,4,6,2,5,23,1800,2,12,1610,350,170,110,6480,13950,2900,41650,1830,660,270,3,8,4,11,2,6,1,5,7,10,9,12,0,0,0,0,0,0,0.320,2.0,
20250504,8,1,1,703,24,1200,2,16,1200,280,420,220,7760,14830,12480,98070,1970,940,1640,4,3,6,7,16,9,10,15,1,2,13,14,11,8,12,5,0,0,0.185,3.6,
20250504,8,2,1,703,24,1800,2,14,230,110,140,110,830,1360,560,3230,270,140,270,1,3,2,11,8,9,14,4,7,13,6,10,12,5,0,0,0,0,0.244,2.3,
20250504,8,3,1,703,17,1400,1,18,1580,580,310,410,8330,22400,33210,188870,2650,3460,2180,4,12,3,2,8,9,10,1,13,18,14,17,5,11,6,16,15,7,0.160,7.8,
20250504,8,4,1,703,17,2000,1,13,150,110,300,120,2510,2870,770,5890,440,120,550,3,1,9,5,13,2,4,12,11,8,10,6,7,0,0,0,0,0,0.319,2.8,
20250504,8,5,1,5,24,1400,1,15,480,230,530,360,6380,9320,17200,75700,1950,1060,3130,9,6,1,10,2,8,11,3,14,13,4,5,7,15,12,0,0,0,0.211,4.3,
20250504,8,7,2,5,18,1600,1,9,620,180,170,140,1710,3770,1300,10960,530,390,260,5,2,1,3,4,7,9,8,6,0,0,0,0,0,0,0,0,0,0.290,2.5,
20250510,5,11,2,999,11,1800,2,18,1320,350,160,500,2420,5660,15830,70460,940,3660,1520,2,1,9,4,6,3,16,7,13,5,15,14,11,8,10,18,17,12,0.265,3.7,
20250510,4,10,2,5,11,2200,2,15,3490,630,180,230,12220,32250,16040,178040,3280,2080,670,6,2,4,3,11,8,12,13,15,5,10,7,9,1,14,0,0,0,0.179,7.7,
20250510,4,11,2,16,10,1000,2,16,440,170,130,490,710,1370,6980,24790,330,1410,960,5,2,1,11,9,16,15,12,13,10,4,3,7,6,8,14,0,0,0.332,4.1,
20250510,4,12,2,5,23,1200,2,14,510,280,970,360,9370,11660,25490,126730,2910,980,4370,3,6,14,8,1,7,13,11,9,2,5,10,4,12,0,0,0,0,0.166,12.9,
20250510,5,1,1,703,23,1300,3,16,120,100,140,110,650,720,400,1620,230,120,330,1,3,6,2,12,13,5,11,10,7,4,15,8,14,9,16,0,0,0.477,1.2,
20250510,5,4,1,703,11,2400,2,8,180,110,110,150,170,330,530,1560,130,310,290,1,2,3,6,5,8,4,7,0,0,0,0,0,0,0,0,0,0,0.430,1.8,
20250510,5,5,1,703,11,1400,2,16,1680,370,110,390,1260,4570,8150,76230,410,3060,600,2,4,7,1,3,13,11,8,14,10,9,16,6,15,5,12,0,0,0.464,1.8,
20250510,5,6,1,5,11,1800,2,9,290,120,110,200,270,590,1140,4370,170,580,400,2,5,1,3,4,7,6,8,9,0,0,0,0,0,0,0,0,0,0.492,1.9,
20250510,5,7,2,5,23,1300,3,16,170,110,550,440,1820,2450,7360,22480,780,730,4330,1,13,10,5,8,2,3,14,12,4,16,11,9,15,6,7,0,0,0.397,1.7,
20250510,5,8,2,10,11,1400,2,12,180,110,370,1310,1690,2460,32220,91130,700,2510,14250,5,1,6,12,11,8,2,4,9,7,3,10,0,0,0,0,0,0,0.285,5.1,
20250510,5,10,1,999,23,1600,3,11,570,150,110,210,390,1080,1270,8170,200,850,340,2,1,4,8,10,3,6,9,7,5,11,0,0,0,0,0,0,0,0.350,1.4,
20250510,4,6,1,703,11,2000,2,16,590,220,290,250,2780,4500,7710,39730,1070,940,1110,7,1,5,14,10,15,3,13,12,4,11,8,2,6,16,9,0,0,0.206,3.0,
20250510,8,9,2,10,18,1600,2,8,290,150,200,1270,960,1610,15430,52010,390,3670,4340,5,1,7,4,2,3,6,8,0,0,0,0,0,0,0,0,0,0,0.306,5.2,
20250510,8,10,2,10,17,2000,2,8,650,150,110,120,550,1500,460,4000,210,280,160,2,1,3,4,5,7,8,5,0,0,0,0,0,0,0,0,0,0,0.301,1.9,
20250510,8,11,1,999,18,2200,2,10,1070,310,230,340,2910,6560,9580,49620,980,1550,1030,4,2,3,7,5,9,1,8,6,10,0,0,0,0,0,0,0,0,0.329,2.4,
20250510,8,12,2,10,24,1800,3,10,140,110,180,140,800,940,980,2620,290,200,720,1,7,4,2,3,5,9,8,6,10,0,0,0,0,0,0,0,0,0.360,1.4,
20250510,4,2,1,703,23,1800,2,15,1030,340,240,1360,2220,6170,19000,106160,720,4310,2370,5,7,4,1,2,12,3,9,10,15,8,14,6,13,11,0,0,0,0.389,1.8,
20250510,4,3,1,703,23,1200,2,15,600,230,910,240,11640,16750,36060,171980,2580,940,5310,13,1,3,4,8,6,5,2,15,10,11,14,7,9,12,0,0,0,0.237,2.0,
20250510,4,5,1,703,12,1600,2,15,4280,520,110,1080,3130,10970,34970,276980,1080,12990,2030,2,4,14,8,1,6,10,5,9,12,6,11,3,13,15,0,0,0,0.207,1.5,
20250510,8,8,2,5,24,1800,3,8,530,180,140,400,680,1580,6180,25420,300,1690,720,5,2,6,1,7,4,3,8,0,0,0,0,0,0,0,0,0,0,0.284,2.1,
20250510,8,7,2,5,17,2000,2,11,350,180,1470,160,12810,14750,8910,62690,3260,360,3630,1,5,3,9,6,7,4,10,2,11,8,0,0,0,0,0,0,0,0.399,3.5,
20250510,8,6,1,5,24,1200,3,16,2060,460,190,160,8470,22790,8390,91640,2270,1530,410,3,2,4,7,10,11,8,1,14,5,9,12,16,6,13,15,0,0,0.210,3.4,
20250510,8,4,1,703,24,1800,3,12,580,150,120,130,680,1730,680,4950,250,360,230,3,2,1,4,8,5,9,11,7,10,12,6,0,0,0,0,0,0,0.256,3.5,
20250510,8,3,1,703,17,1400,2,18,4120,930,240,3750,7770,22700,211450,1402950,1910,44480,8890,2,7,5,4,6,10,11,16,9,14,15,12,3,1,8,13,18,17,0.159,5.6,
20250510,8,2,1,703,24,1900,3,16,1780,480,350,3040,6130,12420,174980,858380,2050,20610,14410,6,4,7,9,8,5,14,11,1,2,10,12,13,16,3,15,0,0,0.211,6.6,
20250510,8,1,1,703,24,1400,3,16,360,150,150,720,630,1280,9990,33250,310,2350,2730,2,1,4,7,5,6,3,10,12,13,14,16,15,9,8,11,0,0,0.182,2.9,
20250510,5,12,2,10,23,1400,3,16,230,140,620,480,2800,3820,20690,71370,1330,1160,8630,7,1,8,4,15,5,6,2,14,10,12,3,11,16,13,9,0,0,0.191,6.4,
20250510,5,9,2,16,11,1600,2,15,550,210,510,300,11340,17850,37720,164780,3480,1070,3940,8,11,4,1,6,10,2,9,7,5,3,13,14,12,15,0,0,0,0.145,5.8,
20250510,5,2,1,703,23,2100,3,14,300,150,480,140,7260,8030,7630,43420,1400,370,1860,4,3,1,13,5,0,11,9,7,6,2,12,8,10,0,0,0,0,0.312,3.5,
20250510,4,9,2,5,12,1600,2,8,1540,290,330,150,6930,15380,6040,62450,1760,680,790,4,3,7,6,1,5,2,8,0,0,0,0,0,0,0,0,0,0,0.384,2.0,
20250510,4,8,2,5,23,1200,2,13,330,150,380,140,5020,7390,3580,31550,1480,270,960,3,4,1,7,13,6,12,10,8,2,9,5,11,0,0,0,0,0,0.363,2.8,
20250510,4,7,2,5,23,1800,2,11,340,140,120,160,710,1260,1110,5010,250,330,400,2,1,3,9,4,10,11,7,6,5,8,0,0,0,0,0,0,0,0.245,3.0,
20250511,5,4,1,703,11,1600,1,16,5020,900,140,770,5930,16080,51210,311240,1940,14330,1820,2,6,5,4,7,1,11,3,12,9,14,8,13,15,16,10,0,0,0.380,2.0,
20250511,5,12,2,16,23,1600,2,16,580,200,210,170,2400,4350,3700,23500,860,610,650,1,5,2,15,6,3,9,4,7,16,11,8,12,10,13,14,0,0,0.177,5.8,
20250511,8,12,2,10,24,1400,2,16,680,300,260,1410,2640,4950,58510,212200,1020,6340,6400,2,8,11,5,16,7,9,15,4,1,6,3,13,12,10,14,0,0,0.154,7.9,
20250511,8,11,2,999,24,1800,2,16,1310,390,300,170,7300,15160,8280,74640,2290,1020,770,10,2,3,12,1,11,6,5,14,7,8,4,9,13,15,16,0,0,0.147,6.1,
20250511,8,10,1,999,18,1400,1,11,1440,360,990,220,30920,52990,34020,356210,6970,1160,1900,5,4,9,3,11,2,6,7,8,1,10,0,0,0,0,0,0,0,0.224,3.0,
20250511,8,8,2,5,24,1400,2,14,3320,470,150,580,6570,14500,43390,362120,1670,8130,1710,2,8,3,14,6,9,4,1,5,13,11,10,7,12,0,0,0,0,0.238,2.7,
20250511,8,7,1,5,17,1600,1,8,370,140,130,180,480,1010,770,4140,250,470,340,3,4,8,2,5,1,6,7,0,0,0,0,0,0,0,0,0,0,0.210,12.3,
20250511,8,6,1,5,24,1800,2,11,600,290,610,380,7380,12610,14670,86430,1940,770,1920,1,6,10,4,2,3,7,11,5,9,8,0,0,0,0,0,0,0,0.313,6.0,
20250511,8,4,1,703,17,1600,1,16,360,160,130,220,620,1250,2630,9150,280,710,660,5,2,3,4,1,7,16,13,12,9,8,15,14,6,11,10,0,0,0.222,3.6,
20250511,8,3,1,703,17,2000,1,18,2390,690,310,620,10420,20190,60160,264720,3360,6890,2760,2,18,6,15,3,17,13,5,9,14,12,8,10,4,1,7,16,11,0.167,7.7,
20250511,8,1,1,703,24,1200,2,16,410,170,170,310,1150,1910,4100,15390,570,820,1000,5,9,1,2,8,13,15,10,16,14,4,7,3,6,11,12,0,0,0.250,9.3,
20250511,4,9,1,5,11,1200,2,14,730,240,370,220,3660,6440,8120,54620,1100,920,1560,13,3,6,9,8,5,12,0,11,1,2,4,10,7,0,0,0,0,0.252,3.4,
20250511,5,10,2,999,11,2400,1,10,450,180,270,360,2140,3870,8500,35040,640,930,1850,7,1,5,9,10,4,3,2,6,8,0,0,0,0,0,0,0,0,0.186,3.3,
20250511,5,9,2,10,23,2100,2,16,480,160,150,1400,810,1750,26880,117170,350,6560,5210,1,11,2,4,5,10,12,7,15,6,8,13,16,3,9,14,0,0,0.228,4.8,
20250511,5,6,2,5,11,1400,1,12,1110,160,110,110,1790,4050,540,8360,360,290,130,3,2,1,7,5,4,9,11,6,8,12,10,0,0,0,0,0,0,0.515,1.7,
20250511,5,5,1,5,23,2100,2,16,780,290,320,200,5730,9460,10200,74060,1980,820,1010,3,11,4,5,12,2,8,15,0,13,1,6,10,7,9,14,0,0,0.221,3.9,
20250511,5,3,1,703,11,2000,1,12,330,230,490,250,2550,4030,4530,19160,690,390,1090,0,1,3,2,6,9,4,8,11,7,5,10,0,0,0,0,0,0,0.332,2.4,
20250511,5,2,1,703,23,1400,2,16,270,120,120,180,360,740,880,2950,170,360,380,2,1,3,5,6,9,14,4,7,16,15,12,10,13,8,11,0,0,0.362,3.2,
20250511,5,1,1,703,23,1600,2,14,190,110,180,150,770,1170,980,4420,350,240,570,1,8,2,3,5,6,13,10,12,7,14,11,4,9,0,0,0,0,0.231,1.9,
20250511,4,12,2,5,11,1200,2,16,310,160,260,620,1090,1870,9610,32710,510,1450,3530,8,1,2,14,6,3,5,4,13,11,7,9,15,10,12,16,0,0,0.232,4.3,
20250511,4,10,2,10,23,1800,2,15,2240,530,290,1050,6520,15400,72410,500290,1800,6140,6400,4,9,8,13,10,14,15,2,1,7,6,11,3,5,12,0,0,0,0.172,4.2,
20250511,4,2,1,703,23,1200,2,15,930,210,150,200,1390,3710,3430,20570,550,760,510,5,8,3,2,13,15,14,1,7,9,4,6,11,12,10,0,0,0,0.297,5.3,
20250511,4,6,1,703,10,1000,2,16,190,110,300,130,2080,2920,2820,13250,760,240,1480,3,11,1,15,13,2,9,4,14,7,10,5,8,16,12,6,0,0,0.243,4.0,
20250511,4,5,1,703,12,1800,2,16,10270,1400,170,560,20660,57590,100380,677040,6240,18160,1550,8,2,9,13,4,1,5,14,10,12,6,3,7,15,11,16,0,0,0.200,4.5,
20250511,4,3,1,703,23,1800,2,14,280,140,150,550,490,750,4180,13790,230,1360,1870,2,1,9,14,11,4,13,6,7,5,10,12,8,3,0,0,0,0,0.305,3.3,
20250511,8,9,2,16,18,2400,1,14,410,130,120,140,500,1290,980,4100,240,340,300,4,3,1,2,5,10,14,9,7,13,12,6,8,11,0,0,0,0,0.231,8.7,
20250511,5,11,1,999,11,1600,1,18,2610,850,390,1560,20740,39730,275990,1505950,4690,23910,8070,11,4,14,5,7,9,1,6,16,13,10,8,12,2,3,17,18,15,0.275,5.4,
20250511,8,2,1,703,24,1800,2,16,160,110,170,2070,410,590,21380,43290,210,4720,13940,2,1,13,4,7,9,6,15,14,16,3,12,11,10,8,5,0,0,0.248,5.6,
20250511,4,11,2,999,11,1400,2,14,900,340,580,840,6280,12640,58940,254490,2010,3930,6780,1,9,4,2,11,3,10,6,7,12,8,14,5,13,0,0,0,0,0.217,9.0,
20250511,4,8,2,5,12,1800,2,13,390,140,160,170,1030,2140,1970,10480,400,470,420,1,2,8,10,5,12,3,4,6,7,13,9,11,0,0,0,0,0,0.162,3.9,
20250511,4,7,2,5,23,1800,2,15,560,240,2960,680,49670,84900,289360,1252190,12190,2310,24960,1,11,7,10,8,6,9,3,12,15,4,13,2,5,14,0,0,0,0.246,5.6,
20250511,4,1,1,703,23,1800,2,15,480,170,150,260,1660,3180,5200,26870,710,1360,670,2,9,3,5,8,12,15,13,6,7,1,10,4,11,14,0,0,0,0.155,3.6,
20250511,5,8,2,5,23,1600,2,12,740,230,110,150,900,1660,1490,6820,380,730,210,2,8,3,5,6,0,1,4,7,9,11,10,0,0,0,0,0,0,0.435,2.2,
20250517,5,6,1,5,11,2400,1,8,530,220,170,440,790,1840,3570,14980,330,1300,750,7,2,1,6,5,8,3,4,0,0,0,0,0,0,0,0,0,0,0.297,2.2,
20250517,5,7,1,5,23,1400,4,14,250,160,270,210,1580,2250,3710,12040,660,580,930,5,2,1,11,3,12,8,10,13,7,6,9,4,14,0,0,0,0,0.297,3.3,
20250517,5,8,2,5,23,1600,4,13,190,120,140,960,460,660,12480,26410,250,3440,4110,1,9,7,2,12,6,5,10,4,3,8,13,11,0,0,0,0,0,0.410,1.9,
20250517,5,9,2,10,11,1800,2,9,350,160,280,160,2190,3690,2710,14780,670,380,850,3,1,6,2,4,8,7,9,5,0,0,0,0,0,0,0,0,0,0.225,4.4,
20250517,8,1,1,703,24,1800,4,11,280,140,320,250,1710,2380,4310,14790,650,580,1490,1,10,8,6,2,9,3,0,7,5,4,0,0,0,0,0,0,0,0.261,2.8,
20250517,8,7,2,10,17,1200,4,13,670,220,320,330,2530,6550,7770,51040,940,1170,1420,9,11,3,5,1,7,2,6,8,13,12,10,4,0,0,0,0,0,0.227,2.8,
20250517,5,4,1,703,11,2000,1,15,340,110,110,310,200,570,1110,4570,150,810,600,2,1,6,5,15,14,12,3,10,11,7,4,13,9,8,0,0,0,0.299,1.6,
20250517,5,3,1,703,23,1300,2,16,450,140,110,470,260,830,2500,11560,140,1450,800,2,1,10,15,13,8,11,5,4,12,6,3,9,16,7,14,0,0,0.449,1.5,
20250517,4,8,2,5,11,1400,2,16,750,280,150,360,1680,3820,8840,51940,720,2330,800,2,1,15,8,12,5,6,3,13,9,16,10,4,7,11,14,0,0,0.163,3.0,
20250517,4,1,1,703,23,1800,2,15,490,150,120,130,500,1120,970,4120,240,430,290,2,1,4,5,14,3,11,9,6,7,9,12,15,13,8,0,0,0,0.225,2.5,
20250517,8,12,2,10,24,1800,4,10,800,220,190,410,2750,5930,8790,49680,820,1200,1360,6,2,4,1,3,9,7,5,10,8,0,0,0,0,0,0,0,0,0.202,2.9,
20250517,5,5,1,703,11,1400,1,18,220,110,120,150,310,600,490,1670,160,300,240,2,1,6,3,17,9,10,15,16,4,11,8,7,5,13,18,14,12,0.200,2.8,
20250517,4,7,2,5,23,1800,2,10,260,120,180,170,640,1150,1480,4790,270,280,710,6,1,3,2,7,8,5,4,9,10,0,0,0,0,0,0,0,0,0.321,4.0,
20250517,5,1,1,703,23,1400,2,16,440,190,190,530,520,1320,2390,10920,280,1010,1110,13,2,1,14,4,16,3,10,9,6,12,7,8,11,5,15,0,0,0.370,2.1,
20250517,4,12,2,5,23,1200,2,15,2380,710,3100,590,119860,218500,574550,3175780,23900,6650,15120,8,11,13,7,3,4,1,6,15,12,10,5,2,9,14,0,0,0,0.285,3.9,
20250517,4,11,2,999,12,2000,2,16,1960,560,290,700,5910,12230,56220,399750,2150,5950,3130,2,6,10,8,13,5,4,12,3,15,7,9,1,14,11,16,0,0,0.410,5.9,
20250517,4,10,2,10,23,1800,2,11,160,110,280,230,1320,1570,2620,7800,500,340,1220,1,4,10,9,0,6,3,8,5,2,7,0,0,0,0,0,0,0,0.487,1.6,
20250517,4,9,2,5,12,2000,2,9,1990,420,580,220,13520,30140,15470,133650,3100,780,1460,8,4,6,3,5,7,1,2,9,0,0,0,0,0,0,0,0,0,0.275,2.0,
20250517,5,12,2,5,23,1600,4,14,3860,490,150,150,8760,21760,7800,101330,1670,1750,320,2,3,9,13,0,6,11,4,5,12,8,1,7,10,0,0,0,0,0.245,3.3,
20250517,8,2,1,703,24,1900,4,10,230,150,810,950,4900,5740,34370,96770,1270,1840,10010,1,8,4,7,10,5,9,3,2,6,0,0,0,0,0,0,0,0,0.294,2.3,
20250517,8,3,1,703,17,1600,4,17,240,140,230,310,750,1210,3560,11370,350,820,1990,1,6,4,2,5,12,3,17,14,11,13,9,8,15,10,7,16,0,0.384,2.4,
20250517,8,4,1,703,18,2400,4,16,260,150,1510,830,13100,21630,121390,461120,3830,1920,21330,1,8,13,16,5,14,4,11,15,9,6,10,12,3,2,7,0,0,0.222,2.6,
20250517,8,5,1,703,18,1800,4,15,250,150,690,440,7750,11520,30130,117060,2250,1020,6200,8,1,7,6,13,3,5,9,10,2,12,14,4,11,15,0,0,0,0.240,4.1,
20250517,8,6,2,5,24,1400,4,14,190,110,180,210,700,940,2320,5810,320,460,1220,1,2,9,5,11,12,4,3,13,6,8,7,10,14,0,0,0,0,0.316,1.9,
20250517,8,9,1,5,17,2000,4,10,580,180,240,190,2030,3000,4310,22940,670,580,920,4,8,10,3,1,2,9,6,7,5,0,0,0,0,0,0,0,0,0.211,2.7,
20250517,8,10,2,16,24,1800,4,16,1670,490,270,1470,7820,19020,122270,513680,2410,9200,3840,4,6,2,1,11,8,12,5,14,9,16,15,7,13,3,10,0,0,0.192,3.3,
20250517,8,11,2,999,17,1200,3,11,3270,680,200,340,8120,18360,24940,197890,1840,3090,980,9,10,7,3,2,4,11,8,5,6,1,0,0,0,0,0,0,0,0.244,2.5,
20250517,4,6,1,703,10,1000,2,16,850,270,300,180,3520,6860,3330,23660,1160,570,590,5,3,9,10,16,11,6,7,13,15,8,4,14,2,1,12,0,0,0.181,4.4,
20250517,4,5,1,703,11,2000,2,16,270,130,200,290,1080,1590,4710,17410,420,670,1830,7,2,1,6,5,13,8,3,4,12,11,15,9,16,14,10,0,0,0.188,4.3,
20250517,4,4,1,703,23,1800,2,12,150,110,150,130,500,600,610,1910,230,200,420,1,3,4,2,10,5,6,8,9,11,12,7,0,0,0,0,0,0,0.335,1.5,
20250517,4,3,1,703,12,1800,2,16,2690,590,150,230,2700,6660,4130,32510,1040,2200,330,13,2,8,4,3,1,5,9,6,7,16,10,11,14,12,15,0,0,0.228,9.7,
20250517,4,2,1,703,23,1200,2,15,290,130,490,170,3020,4810,4040,22570,1020,370,1220,1,12,3,6,11,4,5,9,2,7,10,15,14,8,13,0,0,0,0.305,2.9,
20250517,5,11,2,16,11,2400,2,12,240,120,200,170,1140,1650,1930,7800,450,370,770,1,7,11,9,3,10,2,6,5,12,4,8,0,0,0,0,0,0,0.397,2.4,
20250517,5,10,2,10,23,1400,4,12,430,200,170,690,1370,2350,10480,35710,560,1520,2890,2,6,1,12,4,9,7,11,5,3,8,10,0,0,0,0,0,0,0.206,3.8,
20250517,5,2,1,703,23,1600,2,16,910,280,170,180,2250,4590,3210,20810,770,960,440,2,5,3,1,12,13,9,8,4,6,14,16,11,7,10,15,0,0,0.240,4.3,
20250518,5,12,2,16,23,1400,3,16,5980,1010,670,150,81390,150520,61840,814950,17310,2550,1540,4,3,5,13,6,7,1,15,9,2,12,14,11,10,8,0,0,0,0.270,4.7,
20250518,5,10,2,10,23,1600,3,16,590,260,400,360,3950,6900,19700,82490,1230,1530,2910,12,5,13,2,1,7,11,3,10,14,9,6,4,8,15,16,0,0,0.268,7.1,
20250518,4,2,1,703,23,1200,2,15,260,140,1040,170,8190,10810,10310,65820,2120,370,3120,3,1,5,7,10,8,14,11,15,4,6,13,9,2,12,0,0,0,0.196,4.9,
20250518,4,12,2,5,23,1200,1,15,8980,1360,450,180,40290,121660,57830,600820,10990,4690,1820,11,2,12,5,3,9,4,15,14,7,13,6,1,10,8,0,0,0,0.389,1.9,
20250518,4,11,2,16,12,1800,1,16,570,190,450,320,5940,10430,17160,100940,1730,940,2120,12,3,1,4,10,5,8,15,11,7,16,6,2,14,9,13,0,0,0.184,2.6,
20250518,4,10,2,10,12,2000,1,10,2020,410,190,170,5050,11360,5660,45550,1640,1210,470,6,5,10,4,2,3,9,7,1,8,0,0,0,0,0,0,0,0,0.266,4.0,
20250518,4,8,2,5,23,1800,1,14,840,240,160,210,2730,5080,4460,29700,830,1120,480,5,2,3,7,6,4,12,1,10,9,11,13,14,8,0,0,0,0,0.158,5.1,
20250518,4,7,2,5,12,1800,1,13,260,140,240,190,950,1720,1370,6810,410,320,780,3,1,8,9,2,5,7,11,4,13,6,12,10,0,0,0,0,0,0.312,4.1,
20250518,4,3,1,703,23,1800,2,13,300,150,180,160,1630,2420,2240,8590,490,360,570,5,3,1,11,8,9,0,2,4,10,6,7,12,0,0,0,0,0,0.322,2.2,
20250518,8,1,1,703,24,1400,3,16,120,110,250,150,1380,1700,1600,6350,460,260,1010,1,4,2,3,16,15,13,7,12,5,9,10,8,11,14,6,0,0,0.272,1.2,
20250518,8,3,1,703,17,1200,2,16,1480,530,1230,1480,26760,49850,517460,2110020,7060,10290,27460,4,6,16,9,12,1,7,2,11,8,13,5,13,10,3,15,0,0,0.180,15.3,
20250518,8,4,1,703,17,2000,2,12,190,110,160,140,490,650,640,2580,210,210,630,11,1,2,3,4,6,10,5,9,8,7,12,0,0,0,0,0,0,0.231,25.5,
20250518,8,7,2,5,24,1900,3,10,410,170,170,150,1230,2120,1290,6250,420,390,430,5,1,2,3,4,8,9,6,10,7,0,0,0,0,0,0,0,0,0.202,3.1,
20250518,8,6,2,5,17,1200,2,16,1210,410,220,310,3700,7890,10330,67610,1310,1900,1000,8,9,7,4,2,1,12,13,3,10,5,11,14,16,15,6,0,0,0.179,3.0,
20250518,5,9,2,10,11,1600,1,9,250,120,140,140,620,1030,1010,4450,280,260,360,1,2,4,6,3,7,9,5,8,0,0,0,0,0,0,0,0,0,0.508,2.5,
20250518,8,5,1,5,24,1800,3,13,390,160,120,350,550,1360,3190,14080,270,1180,780,1,8,2,3,4,10,9,7,6,5,11,13,12,0,0,0,0,0,0.204,3.9,
20250518,8,11,2,999,24,1400,2,16,4010,770,380,180,16080,41120,22020,212210,3630,2310,900,3,5,4,2,7,12,8,11,1,6,10,13,16,9,14,15,0,0,0.309,3.8,
20250518,8,10,2,16,18,1600,2,12,390,180,160,330,710,1400,3440,13740,330,1100,910,10,2,1,9,11,4,7,3,5,8,6,12,0,0,0,0,0,0,0.207,5.2,
20250518,8,8,2,5,18,1800,2,10,270,130,470,140,3820,4410,2660,18430,1150,180,750,1,3,7,4,2,5,8,9,10,6,0,0,0,0,0,0,0,0,0.239,2.7,
20250518,5,3,1,703,23,2100,3,14,1080,220,180,280,2270,5460,6270,39220,530,1180,910,9,5,1,2,8,4,14,7,3,12,13,11,10,6,0,0,0,0,0.237,5.0,
20250518,5,8,2,5,11,1800,1,9,130,100,110,120,340,410,330,950,150,140,330,1,3,5,8,2,4,7,9,6,0,0,0,0,0,0,0,0,0,0.562,1.3,
20250518,8,12,2,10,24,1200,2,16,1210,370,640,300,9330,19280,27120,189630,2330,1450,3720,4,6,2,5,8,10,1,3,14,15,7,11,9,16,13,12,0,0,0.208,5.1,
20250518,4,1,1,703,11,1200,2,16,1700,430,220,180,5880,12990,7580,69540,1830,1410,590,6,3,8,11,2,14,5,12,9,7,13,16,1,4,10,15,0,0,0.172,3.2,
20250518,4,6,1,703,23,1800,1,14,1120,280,370,390,5550,14620,25120,169620,1710,1970,2590,6,4,2,14,12,10,11,9,8,13,3,5,1,7,0,0,0,0,0.292,1.8,
20250518,4,9,2,5,10,1000,1,16,330,150,230,680,1260,2300,12220,44170,510,2340,2880,1,11,14,8,6,4,5,2,15,16,7,3,9,10,12,13,0,0,0.321,3.3,
20250518,5,7,1,5,11,1600,1,10,450,160,110,200,420,1100,1080,6330,210,670,340,2,1,7,5,9,3,8,6,4,10,0,0,0,0,0,0,0,0,0.352,2.0,
20250518,5,11,2,999,11,1600,1,18,250,130,260,390,1280,1980,8120,26000,550,1050,2710,1,4,3,7,9,13,8,16,5,17,12,15,6,11,2,10,14,0,0.320,2.5,
20250518,8,2,1,703,24,1800,3,13,280,120,830,170,5630,8680,4900,27560,1780,290,1840,1,0,7,3,10,8,12,4,5,2,9,11,6,0,0,0,0,0,0.220,2.8,
20250518,8,9,2,10,18,2400,2,9,170,110,140,130,460,580,490,1380,190,180,310,1,6,3,8,2,5,9,7,4,0,0,0,0,0,0,0,0,0,0.487,1.7,
20250518,5,4,1,703,11,1800,2,14,1140,240,130,160,1240,3020,1590,11330,460,730,260,2,3,4,7,1,14,6,9,12,5,8,10,13,11,0,0,0,0,0.229,2.7,
20250518,5,5,1,703,11,2400,2,13,530,180,940,130,25910,32280,15870,154180,4560,330,2230,3,6,4,1,8,9,10,7,5,11,2,12,13,0,0,0,0,0,0.217,2.7,
20250518,5,6,1,5,23,1600,3,16,150,110,330,160,1540,1600,2240,7570,570,280,1560,1,2,7,6,8,11,9,5,12,13,3,10,14,4,16,15,0,0,0.290,1.5,
20250524,8,7,2,5,18,2400,2,12,160,110,380,450,2400,2870,11380,36160,670,610,5990,1,7,8,4,6,12,2,3,5,9,10,11,0,0,0,0,0,0,0.293,1.6,
20250524,5,11,2,999,23,1400,1,16,150,110,160,140,620,760,660,2350,250,180,510,1,3,8,2,10,6,5,6,11,4,14,9,13,15,12,16,0,0,0.414,1.5,
20250524,4,12,2,5,23,1200,1,15,1110,330,480,600,6000,12000,34600,203820,2100,3090,4040,5,8,7,12,6,1,3,4,9,0,13,0,11,2,10,0,0,0,0.378,2.1,
20250524,4,11,2,10,11,1200,1,16,190,110,160,180,690,1090,1560,4900,300,370,620,1,5,3,2,16,14,8,4,12,11,9,13,6,7,15,10,0,0,0.246,1.9,
20250524,8,2,1,703,24,1800,1,16,340,180,1130,360,15230,10810,41800,224280,3830,1100,7150,4,1,7,5,12,14,15,16,3,10,9,2,6,11,8,13,0,0,0.241,2.3,
20250524,5,9,1,5,11,1800,1,9,560,130,110,110,820,1980,400,3900,220,200,150,2,3,1,5,6,7,4,8,9,0,0,0,0,0,0,0,0,0,0.278,3.4,
20250524,5,8,2,5,23,1400,1,16,220,130,240,270,1090,1510,3110,8640,450,460,1150,1,4,7,3,2,8,13,15,9,12,11,10,5,14,6,16,0,0,0.345,2.2,
20250524,5,7,2,5,11,1600,1,13,5880,880,160,120,12090,33420,7690,93520,3140,1640,250,2,4,5,3,8,10,11,9,6,1,7,13,12,0,0,0,0,0,0.242,4.5,
20250524,5,6,1,5,23,1600,1,14,1700,410,300,750,5190,13030,44750,204970,1770,6040,3170,6,8,5,7,13,12,11,3,0,2,9,1,4,10,0,0,0,0,0.336,3.1,
20250524,5,5,1,703,11,2000,1,17,290,140,130,200,440,980,1400,4580,240,540,450,2,11,3,1,9,14,5,7,13,10,6,15,8,17,4,12,16,0,0.213,2.7,
20250524,5,4,1,703,11,1600,1,18,290,130,150,210,880,1610,1850,8700,350,440,700,1,2,6,3,5,16,18,12,7,14,8,15,17,4,13,9,11,10,0.303,2.9,
20250524,5,2,1,703,23,1400,1,16,160,110,130,150,340,470,630,1570,180,220,460,1,3,2,9,6,11,4,8,5,12,13,10,7,14,16,15,0,0,0.410,1.6,
20250524,5,1,1,703,23,1600,1,16,210,110,290,120,2220,3400,1720,10720,710,160,780,1,4,3,11,7,9,2,15,14,5,13,10,8,12,6,0,0,0,0.314,2.1,
20250524,4,8,2,5,23,1800,1,15,520,190,150,280,1560,2580,4510,27610,540,1390,890,4,2,1,9,7,8,12,5,10,3,11,6,14,13,15,0,0,0,0.252,2.7,
20250524,4,7,1,703,11,1400,1,16,1370,380,190,170,3120,7530,4910,38460,1100,940,470,4,6,2,3,7,14,11,8,5,15,16,1,13,9,12,10,0,0,0.185,5.4,
20250524,4,6,1,703,23,1800,1,15,570,220,210,260,2290,4840,5600,31190,750,1370,810,8,5,10,2,6,11,13,3,4,7,1,9,15,12,14,0,0,0,0.228,3.6,
20250524,4,3,1,703,23,1200,1,15,230,140,210,380,1350,1830,7850,24340,540,870,2680,4,1,2,9,5,8,10,14,13,11,3,12,7,6,15,0,0,0,0.204,3.2,
20250524,4,10,2,5,12,2000,1,16,1560,290,520,260,13210,25090,37820,273280,3390,1960,2860,8,5,4,6,15,3,1,9,2,10,0,13,7,14,12,11,0,0,0.198,4.1,
20250524,4,5,1,703,12,1800,1,16,560,220,370,190,3910,6380,6180,38070,1350,630,1150,6,2,1,5,7,3,10,9,13,4,8,15,14,16,11,12,0,0,0.156,4.8,
20250524,8,12,2,10,24,1400,2,13,360,150,180,360,940,2080,6190,23990,390,1240,1730,5,2,1,4,10,13,8,9,6,7,3,12,11,0,0,0,0,0,0.278,2.2,
20250524,8,11,2,999,24,1900,2,16,600,240,200,920,1570,3180,20600,83590,730,4480,2860,2,4,6,5,9,3,7,1,8,11,10,16,15,12,14,13,0,0,0.253,4.7,
20250524,8,10,2,16,17,2000,2,8,430,140,110,130,560,1220,720,4730,230,340,200,2,6,1,3,7,4,5,8,0,0,0,0,0,0,0,0,0,0,0.241,2.3,
20250524,8,9,1,5,17,1600,2,13,600,160,580,120,12590,26190,6330,80300,2670,260,1500,3,1,12,10,8,5,2,11,6,9,4,7,13,0,0,0,0,0,0.328,1.9,
20250524,4,9,1,5,10,1000,1,15,1320,430,260,140,10970,14200,7830,55930,2820,1060,570,4,3,11,9,6,14,1,1,12,8,10,5,13,7,15,0,0,0,0.395,2.9,
20250524,8,8,2,5,24,1800,2,16,150,110,240,290,840,950,3340,6820,430,500,2110,1,8,3,14,10,2,9,11,6,13,16,5,12,4,7,15,0,0,0.276,1.5,
20250524,8,6,1,5,24,1400,1,9,180,110,210,150,760,1070,1230,3690,270,240,810,2,1,6,3,4,9,7,8,5,0,0,0,0,0,0,0,0,0,0.278,10.0,
20250524,8,5,1,703,17,2000,1,16,630,210,340,220,3580,6150,6260,30490,1200,690,1510,3,12,1,9,6,15,2,16,5,8,7,13,4,14,11,10,0,0,0.221,7.3,
20250524,8,4,1,703,18,1800,1,18,230,130,140,230,560,740,1780,5310,260,590,490,5,1,2,4,3,8,18,6,16,15,17,12,7,9,13,10,14,11,0.199,14.8,
20250524,8,1,1,703,24,1200,1,16,460,230,650,220,9000,13370,14270,67590,2960,590,2290,2,7,4,10,5,1,3,13,16,6,9,14,12,8,15,11,0,0,0.177,30.3,
20250524,5,12,2,10,23,1600,1,14,400,200,270,630,2860,3910,19340,70850,1020,1920,3520,1,10,8,5,4,2,13,6,7,14,11,9,3,12,0,0,0,0,0.277,4.0,
20250524,5,10,2,10,11,1400,1,12,250,150,150,280,480,800,2500,7150,280,790,790,9,2,1,4,3,5,6,12,11,10,7,8,0,0,0,0,0,0,0.207,5.3,
20250525,8,12,2,10,24,1900,3,9,340,170,220,270,1360,2480,4250,15930,500,810,880,1,6,5,2,4,8,7,3,9,0,0,0,0,0,0,0,0,0,0.379,3.4,
20250525,8,11,2,999,18,1800,2,17,1740,460,2340,280,105610,184450,239870,1672190,21440,2220,11580,10,15,8,6,7,1,16,4,12,5,17,13,3,11,2,14,9,0,0.192,3.7,
20250525,4,2,1,703,23,1200,2,15,270,140,210,690,1050,1680,8740,25430,420,1330,3500,5,1,8,10,6,9,7,12,2,3,13,4,15,14,11,0,0,0,0.211,3.3,
20250525,5,10,2,16,11,1400,1,9,280,160,240,340,1700,2500,7540,26120,650,950,1500,1,2,3,8,9,6,7,5,4,0,0,0,0,0,0,0,0,0,0.418,2.8,
20250525,5,12,2,16,23,2100,3,16,380,190,1700,1950,22570,36910,395490,1462240,6710,5460,47460,1,4,6,7,16,8,4,12,15,10,11,13,9,2,3,14,0,0,0.168,3.8,
20250525,8,1,1,703,24,1400,4,16,380,150,290,110,2510,3990,1400,11230,810,270,470,3,8,2,11,1,15,14,16,4,5,10,9,6,7,13,12,0,0,0.171,2.1,
20250525,8,3,1,703,24,1900,4,14,2770,640,250,140,14410,30520,8400,113870,3610,1260,500,3,8,2,5,12,6,1,4,13,7,10,14,9,11,0,0,0,0,0.219,2.4,
20250525,8,4,1,703,17,1600,3,18,450,150,150,160,790,1520,1010,5020,300,360,380,3,4,2,1,12,18,15,7,5,9,10,13,8,11,16,14,6,17,0.197,4.3,
20250525,8,6,1,5,17,1200,3,13,840,240,150,410,1260,3280,5140,37550,510,1890,860,4,5,2,3,11,10,6,7,1,8,9,12,13,0,0,0,0,0,0.212,4.0,
20250525,8,7,1,5,24,1800,3,16,420,190,210,560,1150,2090,10280,35320,540,2190,2390,9,6,4,2,16,3,13,5,11,1,15,10,14,12,8,7,0,0,0.156,2.8,
20250525,8,8,2,10,18,1800,3,7,260,120,110,0,170,410,220,980,110,190,170,1,2,3,5,4,6,7,0,0,0,0,0,0,0,0,0,0,0,0.375,2.6,
20250525,8,9,2,5,18,1400,3,18,1050,210,360,140,9890,17310,5430,59530,2240,420,740,3,1,13,5,15,18,4,9,7,6,8,2,12,14,11,17,16,10,0.381,2.3,
20250525,8,10,2,16,24,1400,3,16,320,150,770,300,7530,11630,16410,78980,2580,610,3880,1,3,13,11,2,7,16,4,6,5,9,13,10,12,8,15,0,0,0.258,3.2,
20250525,5,8,2,10,23,1600,4,16,1360,340,440,160,12120,28630,13210,136530,4140,950,1270,3,16,12,2,4,11,9,8,10,5,1,15,7,6,13,14,0,0,0.276,2.6,
20250525,4,7,2,5,23,1200,2,15,5430,1610,430,150,36040,81860,27230,480070,8190,2770,950,3,6,8,11,14,12,2,1,9,5,10,15,13,7,4,0,0,0,0.277,2.4,
20250525,4,6,1,703,11,2200,2,16,10690,2010,230,350,35820,100170,102550,1057320,10090,16850,1120,7,4,2,9,11,15,3,8,12,13,6,14,1,5,10,16,0,0,0.175,5.5,
20250525,4,5,1,703,11,2000,2,16,4380,730,160,150,6300,18850,11480,92570,2010,3280,370,6,3,2,8,7,1,9,16,15,11,14,13,4,12,5,10,0,0,0.228,3.9,
20250525,4,3,1,703,23,1800,2,15,520,160,220,110,3550,6070,2710,22200,960,350,390,3,2,4,6,1,5,7,12,9,11,15,8,13,10,14,0,0,0,0.241,1.8,
20250525,4,8,2,5,11,1200,2,16,600,200,290,440,3070,6240,15620,76830,1010,1250,2610,6,9,4,10,7,1,13,5,2,11,3,12,8,15,16,14,0,0,0.224,9.1,
20250525,4,10,2,10,23,1200,2,15,330,150,170,670,730,1170,6160,20240,330,1710,1920,1,2,4,8,13,9,5,3,11,10,14,7,6,15,12,0,0,0,0.311,3.3,
20250525,4,11,2,999,10,1000,2,16,470,230,620,830,7600,11870,66000,290600,2090,2920,7270,10,4,11,9,1,13,12,8,7,6,3,2,15,5,16,14,0,0,0.228,4.8,
20250525,4,12,2,5,23,1800,2,15,540,210,160,640,1050,2250,8160,33870,460,2210,1980,4,2,1,13,11,5,14,3,7,6,15,10,12,8,9,0,0,0,0.209,4.3,
20250525,5,1,1,703,23,1400,4,16,760,290,330,1180,3770,6630,100090,431480,1460,6700,8020,6,5,2,13,14,4,1,10,8,12,7,16,15,3,9,11,0,0,0.289,2.8,
20250525,5,9,2,10,11,1800,1,9,160,110,180,480,490,690,2540,6690,310,940,1840,1,7,4,2,9,5,3,6,8,0,0,0,0,0,0,0,0,0,0.395,1.6,
20250525,5,7,2,5,11,2400,2,8,530,130,110,110,710,1750,520,4700,230,240,170,3,4,2,5,1,6,7,8,0,0,0,0,0,0,0,0,0,0,0.314,2.7,
20250525,5,6,1,5,23,1400,4,9,500,160,150,120,1290,2690,990,6870,440,300,260,4,1,2,7,3,6,9,5,8,0,0,0,0,0,0,0,0,0,0.172,8.4,
20250525,5,5,1,703,11,1800,2,17,470,140,110,160,420,1110,950,5070,210,460,280,2,3,4,1,7,10,13,6,17,12,8,11,15,5,14,9,16,0,0.313,1.9,
20250525,5,4,1,703,11,1600,2,18,8820,920,150,350,13270,37160,44710,572110,3300,9300,950,2,4,6,3,13,11,10,5,7,8,15,12,1,14,18,16,9,17,0.275,2.9,
20250525,5,3,1,703,23,1300,4,16,530,200,140,410,910,1890,3830,14740,450,1570,860,2,4,5,9,1,12,16,3,6,13,7,8,14,10,11,15,0,0,0.264,2.7,
20250525,5,2,1,703,23,1600,4,16,1710,530,340,2650,4740,12420,89700,511670,1170,11330,6540,4,7,2,5,8,1,9,16,3,13,6,10,15,12,14,11,0,0,0.377,1.8,
20250525,4,9,2,5,12,1800,2,16,420,180,280,350,2340,3690,9950,38010,1030,1130,1980,1,10,12,15,13,11,6,5,3,4,0,2,9,8,7,14,0,0,0.197,4.2,
20250525,4,1,1,703,11,1200,2,16,350,150,280,190,1750,2710,2590,12320,600,440,780,6,3,8,1,12,2,16,4,9,5,15,14,7,10,13,11,0,0,0.229,5.5,
20250525,5,11,1,999,11,2400,1,18,1430,340,160,700,2470,6700,21380,130640,900,3890,1900,2,9,5,16,10,11,1,4,13,17,15,3,8,7,18,12,6,14,0.295,3.4,
20250525,8,5,1,703,18,2200,3,14,250,110,120,180,340,670,650,2420,170,330,340,2,1,4,6,3,10,5,9,13,12,14,8,11,7,0,0,0,0,0.207,2.8,
20250531,5,10,2,10,11,1600,3,16,1260,410,250,480,5240,10240,21440,131510,1800,2280,2140,9,2,5,4,15,1,10,7,6,8,13,3,11,14,12,16,0,0,0.265,3.3,
20250531,5,1,1,703,23,1400,4,16,810,490,490,890,2990,4580,8830,36310,860,1800,1450,11,4,8,10,12,9,15,14,1,2,3,5,16,13,6,7,0,0,0.329,1.5,
20250531,5,2,1,703,11,2400,2,16,790,220,230,490,2140,4200,10340,48880,660,1700,1570,10,5,2,9,14,16,4,13,8,1,3,7,12,6,11,15,0,0,0.385,2.0,
20250531,5,3,1,703,11,1400,2,18,1420,200,170,110,3310,7980,1470,22750,810,430,270,3,2,11,4,16,14,13,9,1,5,18,17,10,6,8,15,12,7,0.296,1.6,
20250531,5,5,1,703,11,2000,2,16,520,170,170,400,1240,2110,9240,41240,450,1640,1750,4,2,5,16,6,10,1,13,3,15,8,7,9,12,11,14,0,0,0.477,2.2,
20250531,5,6,1,5,23,1600,4,10,590,170,130,930,540,1350,5190,25640,270,3030,1170,1,2,6,8,5,10,4,9,7,3,0,0,0,0,0,0,0,0,0.205,5.9,
20250531,5,7,1,5,11,1400,2,11,400,160,320,1160,2370,3680,23200,83040,750,3160,4510,1,5,7,6,9,4,2,8,3,10,11,0,0,0,0,0,0,0,0.482,4.0,
20250531,5,8,2,5,23,1600,4,16,6140,1290,110,1230,4060,16530,46400,522640,1620,22020,2350,2,4,12,7,6,5,10,3,13,11,9,15,1,8,16,14,0,0,0.214,1.5,
20250531,5,12,2,10,23,2100,4,15,5110,1370,490,1340,38300,90610,150530,1508120,8890,11490,4570,4,11,15,10,2,6,13,8,3,5,14,1,12,9,7,0,0,0,0.311,1.8,
20250531,8,9,1,999,24,1800,1,9,1300,350,210,420,4110,8900,14720,102640,1190,2600,1290,6,4,9,2,5,8,1,3,7,0,0,0,0,0,0,0,0,0,0.314,2.2,
20250531,8,10,2,16,24,1900,1,16,360,180,440,140,3520,5060,3590,18240,1150,390,1080,1,4,3,14,5,7,6,8,12,11,2,10,9,15,16,13,0,0,0.304,3.6,
20250531,8,11,1,999,17,1200,1,16,6050,1260,710,450,66010,129830,177260,1893020,14500,8820,4040,10,13,8,14,7,16,12,2,4,11,6,5,1,9,3,15,0,0,0.210,10.5,
20250531,8,12,2,10,18,1400,1,13,520,240,420,450,3370,6090,14360,63190,1230,1190,3000,7,1,11,5,12,8,10,4,13,6,2,9,3,0,0,0,0,0,0.273,2.6,
20250531,5,11,2,999,23,1600,4,16,260,150,480,800,2100,3430,19540,63820,1000,1520,8480,1,4,8,6,13,9,12,2,11,10,3,14,7,15,5,16,0,0,0.170,2.6,
20250531,8,2,1,703,24,1400,1,16,660,530,2700,1230,11650,21750,51120,294110,3710,1930,4900,6,5,14,3,7,4,1,2,16,9,15,10,12,11,8,13,0,0,0.170,1.5,
20250531,8,5,1,703,18,1800,1,18,1250,400,350,310,8740,16320,34540,146320,2860,2300,1780,5,4,6,3,2,1,12,9,8,11,7,18,14,17,13,10,16,15,0.221,3.9,
20250531,8,6,2,5,24,1400,1,16,700,270,170,310,1630,3070,6730,30390,670,1920,1030,4,10,9,7,2,14,13,15,12,3,1,16,6,5,11,8,0,0,0.169,5.6,
20250531,8,8,2,5,18,1600,1,18,1850,520,160,1720,3290,7580,68390,334910,1250,15180,5710,7,9,2,4,1,12,10,8,18,14,13,15,5,6,16,3,17,11,0.229,8.3,
20250601,5,10,2,16,11,1800,1,18,380,160,180,290,1040,1830,3590,12510,430,770,1070,1,6,18,3,5,4,2,11,17,13,7,10,15,12,9,8,14,16,0.147,3.8,
20250601,5,12,2,999,11,2500,1,18,330,160,380,500,3560,6160,18500,79580,1010,1270,3620,11,1,7,9,4,3,6,8,2,5,16,15,10,0,14,12,13,17,0.232,3.7,
20250601,8,9,2,10,24,1800,1,14,440,200,500,470,5190,7840,29180,114440,1880,2140,3880,1,5,11,9,7,10,3,8,13,6,12,2,4,14,0,0,0,0,0.182,4.4,
20250601,8,6,1,5,24,1400,1,14,320,170,690,250,5980,7740,16970,68370,1890,770,3700,7,12,2,14,1,5,9,3,8,4,6,11,13,10,0,0,0,0,0.200,3.6,
20250601,8,5,1,703,18,2400,1,13,150,110,170,1000,490,610,15840,33100,230,2030,8410,2,1,7,11,5,6,4,10,13,9,3,12,8,0,0,0,0,0,0.369,6.1,
20250601,8,1,1,703,24,1200,1,16,370,180,310,250,2130,2720,4470,20030,750,590,1150,1,3,5,8,2,15,10,9,12,14,6,7,4,0,13,11,0,0,0.263,3.7,
20250601,8,3,1,703,17,1600,1,18,780,250,590,230,10740,18800,20270,179970,2600,900,2800,3,7,1,8,4,18,6,16,12,9,5,10,13,11,2,15,14,17,0.213,5.9,
20250601,8,7,2,5,17,2000,1,12,250,130,160,200,650,990,1580,4760,300,440,860,1,2,8,3,6,5,0,11,4,7,10,9,0,0,0,0,0,0,0.210,2.5,
20250601,8,8,2,10,24,1200,1,16,450,190,310,140,3570,4920,4840,34150,1270,540,700,3,14,2,1,15,16,11,5,13,7,8,6,10,9,4,12,0,0,0.176,3.4,
20250601,8,10,2,999,18,1400,1,16,1120,400,440,570,9970,16530,57390,279480,2890,4200,3270,5,8,15,11,16,6,4,2,1,12,9,14,13,10,7,3,0,0,0.159,4.1,
20250601,5,8,2,10,11,2400,2,16,210,130,190,530,670,920,5130,14800,340,1250,1840,1,2,13,4,7,6,5,9,8,15,3,12,10,11,14,16,0,0,0.248,2.1,
20250601,8,12,2,16,18,1400,1,14,460,200,240,370,1620,3230,5190,23490,620,1170,1110,3,13,11,1,2,8,10,9,5,14,6,4,7,12,0,0,0,0,0.196,14.0,
20250601,8,11,1,999,18,1800,1,11,540,210,250,340,2940,4950,11560,53020,1050,1530,1470,1,5,2,6,7,3,8,9,4,10,11,0,0,0,0,0,0,0,0.222,5.4,
20250601,5,1,1,703,23,1600,3,16,170,110,210,140,1380,1730,1910,7680,440,230,920,1,5,12,14,15,10,7,4,3,16,2,9,11,8,13,6,0,0,0.281,1.7,
20250601,5,2,1,703,23,1400,3,16,240,110,130,220,360,720,1290,4790,190,510,720,1,2,9,5,7,13,6,3,12,0,14,4,11,8,10,15,0,0,0.301,2.4,
20250601,5,3,1,703,23,1600,3,16,150,110,110,370,230,300,2040,4790,140,680,1120,1,2,4,11,6,5,8,10,3,13,7,12,15,9,16,14,0,0,0.404,1.5,
20250601,5,5,1,5,23,1400,3,11,950,190,130,560,930,2800,10330,71630,360,2210,1480,6,2,7,4,11,5,1,10,8,3,9,0,0,0,0,0,0,0,0.267,2.2,
20250601,5,6,2,5,11,1800,2,16,370,160,150,150,1010,1790,1630,7300,410,470,360,3,5,11,2,6,1,4,16,8,9,7,12,10,15,13,14,0,0,0.349,3.9,
20250601,5,7,2,5,23,1400,3,16,180,110,160,170,500,700,1000,2600,240,300,630,1,2,5,10,13,3,11,7,15,12,6,4,14,9,8,16,0,0,0.400,1.8,
20250601,5,9,2,16,23,1600,2,16,420,180,240,480,1920,3380,10200,38350,700,1550,1700,5,4,10,1,2,15,16,11,14,13,6,8,3,12,9,7,0,0,0.333,2.4,
20250601,5,11,1,999,11,2400,1,18,210,110,190,300,560,870,2990,8460,280,620,1310,6,14,1,8,4,3,7,13,10,2,11,9,17,5,18,15,16,12,0.145,5.7,
20250601,8,2,1,703,24,1900,1,14,1840,290,140,130,2730,7600,2010,26060,730,800,260,3,2,7,1,4,8,5,13,14,12,9,6,11,10,0,0,0,0,0.203,2.5,
20250607,5,3,1,703,23,1600,1,16,150,110,190,140,840,1040,1310,4170,340,220,830,1,3,4,8,6,10,5,16,12,7,15,2,11,14,13,9,0,0,0.369,1.5,
20250607,5,4,1,703,11,2000,1,14,140,110,280,130,1240,1560,1450,5100,450,170,900,1,4,3,11,14,13,2,6,8,10,5,7,9,12,0,0,0,0,0.357,1.4,
20250607,5,6,1,703,23,1300,1,16,700,180,810,110,20400,36180,8270,124600,3790,320,1560,3,10,1,8,4,15,6,2,9,12,13,11,7,14,16,5,0,0,0.322,1.7,
20250607,5,7,1,703,11,1600,1,18,370,140,270,110,2840,4540,1800,13090,780,200,550,3,1,6,2,4,7,18,16,9,8,14,10,5,15,13,12,11,17,0.258,1.8,
20250607,5,8,2,5,23,1600,1,16,1160,370,810,240,13010,28250,10840,111210,1980,510,1100,4,3,1,14,6,13,9,2,7,5,12,15,10,8,16,11,0,0,0.462,1.5,
20250607,5,10,2,10,11,1400,1,15,3910,730,290,320,12070,30400,22810,218630,3040,2300,1310,4,2,9,8,1,7,5,3,14,12,11,10,6,13,15,0,0,0,0.172,3.2,
20250607,5,11,2,16,23,1400,1,16,870,290,270,300,3180,6070,12530,63240,1010,1910,1530,13,1,4,2,10,5,3,12,6,9,16,14,7,15,8,11,0,0,0.170,4.6,
20250607,5,12,2,5,23,1600,1,15,150,110,160,280,470,600,2350,4740,230,510,1060,1,7,13,3,9,6,2,10,5,4,12,14,15,11,8,0,0,0,0.361,1.5,
20250607,9,1,1,703,24,1400,1,15,130,110,380,380,1480,1620,6760,15920,620,500,3970,1,7,12,3,5,6,15,13,2,14,11,10,9,4,8,0,0,0,0.474,1.3,
20250607,9,8,2,5,24,1800,1,9,2410,280,110,140,1820,5770,1830,22360,580,740,190,4,3,2,5,1,7,8,6,9,0,0,0,0,0,0,0,0,0,0.314,3.3,
20250607,9,7,2,5,17,2200,1,10,130,110,650,110,3460,3570,1420,8980,900,140,1450,1,3,5,6,2,4,9,7,8,10,0,0,0,0,0,0,0,0,0.477,1.3,
20250607,9,6,1,703,17,2000,1,13,620,160,130,290,730,2030,2630,16420,330,1000,760,5,1,2,8,6,3,7,4,9,12,10,11,13,0,0,0,0,0,0.246,4.6,
20250607,9,4,1,703,24,1200,1,16,760,340,230,360,2120,4240,11140,36110,870,2170,1290,8,6,7,3,2,15,13,14,16,1,4,11,5,12,9,10,0,0,0.224,3.5,
20250607,9,3,1,703,17,1200,1,16,560,220,330,410,4650,7340,18270,101820,1230,1650,2120,2,4,1,9,6,13,12,10,3,15,14,8,5,11,7,16,0,0,0.161,13.9,
20250607,5,9,2,5,11,2400,1,12,150,110,150,140,420,530,740,2080,200,210,370,2,1,5,4,3,6,9,8,7,11,10,12,0,0,0,0,0,0,0.369,5.7,
20250607,9,12,2,5,24,1400,1,16,210,120,520,190,2190,2610,3300,13070,790,300,1720,8,1,5,6,4,3,2,7,9,13,14,16,10,11,15,12,0,0,0.177,9.1,
20250607,9,11,2,16,17,2000,1,15,530,160,170,200,1240,2820,2430,13310,440,550,650,2,1,15,5,9,3,8,6,7,11,4,13,12,10,14,0,0,0,0.200,4.4,
20250607,9,10,2,10,24,1800,1,9,380,120,100,670,190,460,2560,8040,140,1930,1230,2,1,5,4,6,9,3,7,8,0,0,0,0,0,0,0,0,0,0.432,1.3,
20250607,9,9,2,5,18,1800,1,10,1110,280,170,230,2110,4860,4440,31780,640,1060,600,2,6,3,1,5,10,4,7,9,8,0,0,0,0,0,0,0,0,0.270,4.0,
20250607,9,2,1,703,24,1800,1,16,390,130,160,110,1550,3020,950,8040,540,230,380,3,1,5,6,2,16,4,11,9,8,7,13,15,14,12,10,0,0,0.318,2.1,
20250607,5,2,1,703,23,1400,1,16,280,130,310,150,3620,4740,2990,21170,880,280,1180,3,1,4,5,9,6,8,16,12,11,13,15,2,10,7,14,0,0,0.252,3.3,
20250608,5,2,1,703,23,2100,1,16,450,190,200,150,2050,3560,2430,13750,870,530,410,8,3,4,13,11,2,1,14,16,12,7,10,5,6,9,15,0,0,0.209,4.2,
20250608,5,3,1,703,11,1800,1,18,340,150,180,370,700,1220,2430,10430,310,920,610,4,1,2,9,7,17,11,0,6,3,10,13,5,14,12,8,15,16,0.321,2.1,
20250608,5,4,1,703,23,1400,1,16,150,110,340,250,880,1150,3550,7570,430,390,2070,1,4,3,9,2,16,12,5,8,6,7,10,11,13,15,14,0,0,0.486,1.5,
20250608,5,12,2,10,23,1600,1,14,1720,350,140,1710,1930,5710,49710,289120,730,20920,4290,9,2,5,7,10,4,6,12,11,1,8,14,3,13,0,0,0,0,0.396,3.0,
20250608,9,2,1,703,24,1800,1,14,390,140,130,610,580,1170,7210,22110,280,2240,1630,6,2,1,7,13,3,10,5,11,4,9,8,14,12,0,0,0,0,0.327,5.8,
20250608,9,3,1,703,24,1400,1,16,510,160,120,140,620,1280,970,4220,280,420,280,1,6,3,2,12,8,9,7,15,16,4,13,5,10,11,14,0,0,0.188,5.1,
20250608,9,4,1,703,24,1800,1,15,260,140,440,150,2950,4020,2000,14770,670,230,910,1,11,3,4,8,5,15,10,14,13,6,2,12,9,7,0,0,0,0.201,2.6,
20250608,9,6,1,703,18,1800,1,18,450,150,460,170,6640,9370,10900,68050,1710,360,1980,14,1,5,3,8,12,4,0,11,10,17,6,13,2,7,15,16,9,0.212,8.7,
20250608,9,8,2,5,24,1800,1,13,350,160,140,430,450,890,2500,8910,270,930,970,10,3,2,4,1,5,13,7,6,8,9,12,11,0,0,0,0,0,0.281,5.7,
20250608,9,9,2,10,18,1800,1,8,180,110,130,110,460,690,510,1780,200,160,310,1,3,4,6,2,8,7,5,0,0,0,0,0,0,0,0,0,0,0.324,1.8,
20250608,9,10,2,10,24,1400,1,16,1260,440,180,320,2510,6840,12570,74920,1080,3060,740,4,2,10,11,7,5,1,16,9,3,14,8,6,12,13,15,0,0,0.181,2.5,
20250608,9,11,2,999,24,1200,1,16,760,310,1440,240,33760,62100,53480,402340,8570,1010,7740,8,5,15,10,4,9,6,7,1,11,2,16,3,13,12,14,0,0,0.153,9.2,
20250608,5,9,2,10,11,2000,1,12,110,110,570,200,2940,3290,4960,16570,990,300,2180,1,8,2,11,3,6,4,7,12,10,5,9,0,0,0,0,0,0,0.507,1.1,
20250608,9,7,1,703,18,1600,1,18,2480,550,210,160,6880,17170,8040,85160,1740,1670,530,3,4,2,6,13,1,10,7,12,14,8,11,18,17,5,15,16,9,0.172,3.4,
20250608,9,12,2,5,17,1400,1,16,500,200,150,300,1030,2320,4790,20630,470,1280,980,6,2,9,1,8,12,16,7,13,5,10,14,3,15,4,11,0,0,0.148,6.3,
20250608,5,7,2,5,23,1400,1,16,370,150,120,230,430,1030,1170,4980,260,590,540,2,1,3,12,5,9,4,6,7,15,11,14,10,16,8,13,0,0,0.162,2.3,
20250608,5,8,2,5,11,1600,1,18,190,120,920,140,9400,10890,9970,49490,2410,250,3760,1,7,4,5,12,13,18,3,10,8,2,9,16,11,14,15,6,17,0.322,1.9,
20250608,5,10,2,10,23,1400,1,16,1610,390,200,450,2980,8440,17560,115960,1210,3340,1520,5,11,2,4,1,15,12,8,3,6,13,16,9,10,7,14,0,0,0.184,2.5,
20250608,5,11,2,999,11,1600,1,18,430,180,540,140,9560,13540,10250,65970,2200,380,1730,12,3,1,7,4,5,11,2,13,10,16,8,17,9,15,6,14,18,0.223,4.4,
20250608,5,1,1,703,23,1600,1,16,610,210,440,2120,3750,7590,107740,514240,1070,7080,19130,4,1,7,5,15,11,16,6,2,8,10,9,12,14,13,3,0,0,0.295,2.5,
20250614,2,2,1,703,24,1700,1,14,310,130,110,230,310,640,740,3160,160,680,470,2,1,10,8,4,6,5,9,7,14,3,13,12,11,0,0,0,0,0.501,2.0,
20250614,5,3,1,703,23,1400,1,16,5840,1050,210,150,11440,22030,13590,158710,2940,2980,490,12,3,8,6,10,4,7,5,2,11,1,14,16,9,13,15,0,0,0.206,4.3,
20250614,2,12,2,5,24,1700,1,14,290,130,190,2130,620,1230,25290,76870,290,6130,8150,1,11,2,10,8,5,13,12,6,7,9,4,14,3,0,0,0,0,0.387,2.9,
20250614,2,11,2,999,17,1200,1,16,620,240,280,870,2240,4670,22950,109940,720,2810,3240,8,1,6,4,0,3,2,13,11,5,7,14,9,12,15,10,0,0,0.392,1.7,
20250614,2,9,2,5,17,2000,1,12,1600,350,180,160,3950,8930,6730,70630,1050,1180,620,7,2,0,11,3,1,4,8,6,10,5,9,0,0,0,0,0,0,0.221,5.5,
20250614,2,8,2,5,24,1000,1,12,230,140,320,230,1960,2870,4470,15140,780,440,1600,4,1,3,6,5,12,2,11,9,7,10,8,0,0,0,0,0,0,0.388,7.3,
20250614,2,7,2,5,17,1200,1,14,340,160,260,550,1390,2060,6230,21640,590,1130,2230,1,5,10,3,2,13,4,12,8,7,9,6,14,11,0,0,0,0,0.263,3.4,
20250614,2,6,1,703,24,1700,1,14,350,170,240,200,1540,2870,2950,15160,730,430,1030,4,2,1,7,5,3,11,10,13,9,12,6,14,8,0,0,0,0,0.274,2.8,
20250614,2,3,1,703,24,1000,1,12,340,170,240,550,1110,1800,10830,42520,460,1760,2470,1,4,2,11,6,3,8,9,5,10,7,12,0,0,0,0,0,0,0.292,3.4,
20250614,9,9,2,5,18,1600,3,13,220,130,150,350,430,780,2310,7650,230,840,1170,1,2,10,8,11,9,7,6,3,5,12,4,13,0,0,0,0,0,0.381,2.2,
20250614,9,10,2,10,24,1200,3,16,330,160,130,200,780,1310,2070,8130,380,820,490,4,2,15,1,16,3,12,10,6,8,11,7,14,13,5,9,0,0,0.254,4.5,
20250614,9,11,2,999,24,1800,3,13,180,120,250,500,1470,1720,7540,18340,550,1060,2250,1,6,9,10,11,4,2,12,3,0,5,7,8,0,0,0,0,0,0.368,1.8,
20250614,9,12,2,5,17,1200,3,16,660,290,320,390,2810,4320,10250,50000,1050,1640,1300,5,13,4,2,6,15,1,8,14,12,10,3,7,16,9,11,0,0,0.190,3.2,
20250614,2,4,1,703,17,1800,1,15,860,210,260,950,2460,5760,29000,142760,720,4700,4330,2,1,9,4,13,6,10,14,3,5,8,7,11,12,15,0,0,0,0.145,8.6,
20250614,2,10,2,10,17,1800,1,16,1100,410,590,1460,7830,13130,129720,411090,2650,7440,8350,8,2,13,15,9,12,4,11,1,6,7,3,5,10,16,14,0,0,0.239,3.2,
20250614,5,2,1,703,11,2400,1,11,470,140,110,270,300,710,1320,6920,180,760,510,2,1,4,7,3,11,5,8,10,9,6,0,0,0,0,0,0,0,0.276,1.5,
20250614,5,9,2,10,23,2100,1,16,1550,460,230,1000,4240,12540,28420,175110,1340,3930,2180,9,2,8,15,6,3,4,14,1,7,12,5,10,16,11,13,0,0,0.251,2.0,
20250614,9,1,1,703,24,1800,2,16,1500,240,110,210,900,3310,1380,17670,350,900,300,2,3,7,5,4,1,10,9,13,8,14,11,6,12,16,15,0,0,0.303,1.5,
20250614,9,2,1,703,24,1400,2,16,2390,430,150,180,2310,7220,3570,32120,770,1430,370,3,2,4,1,9,5,8,6,15,10,14,7,12,13,11,16,0,0,0.228,6.3,
20250614,9,3,1,703,24,2000,2,16,270,120,150,420,400,820,3450,11390,210,1420,1140,2,1,7,13,9,16,4,3,5,15,14,8,11,10,6,12,0,0,0.310,3.4,
20250614,2,1,1,703,17,1200,1,16,470,160,150,140,1130,2160,1580,7680,470,440,390,5,3,2,1,7,4,16,10,15,8,6,12,13,9,14,11,0,0,0.211,9.0,
20250614,5,7,1,703,23,1600,1,16,4020,480,110,140,4470,16400,3980,59630,1340,1250,230,2,3,10,13,5,12,11,8,14,7,9,4,15,1,6,16,0,0,0.331,2.0,
20250614,5,8,2,5,11,1400,1,18,1200,310,140,640,990,3190,10480,52620,560,2340,1260,2,1,4,5,3,7,18,10,8,15,14,6,13,12,11,9,16,17,0.158,1.9,
20250614,5,10,2,16,23,1600,1,16,4770,980,270,340,37190,92560,89020,733110,11010,3910,2120,12,13,6,15,16,9,2,5,7,3,4,14,10,1,10,8,0,0,0.220,3.4,
20250614,5,11,2,999,11,1800,1,15,840,230,960,200,20070,33400,21660,206070,4480,670,2820,12,5,9,6,3,1,14,15,7,2,4,11,10,13,8,0,0,0,0.159,12.0,
20250614,5,12,2,5,23,1400,1,16,280,120,140,150,620,1150,750,3540,280,280,360,1,2,3,12,4,7,13,8,14,15,6,10,5,16,9,11,0,0,0.308,2.8,
20250614,9,4,1,703,18,1600,2,18,760,250,680,270,9430,13950,25120,152920,2430,1190,3470,4,5,3,1,11,2,8,13,6,9,10,14,16,7,18,17,12,15,0.210,2.4,
20250614,9,6,1,703,18,1800,2,18,220,120,150,120,600,1050,660,2700,250,220,340,3,1,2,6,17,11,14,5,16,9,7,4,8,12,18,10,13,15,0.229,3.4,
20250614,9,7,2,5,24,1200,3,16,1670,320,180,130,2520,5130,2610,35310,830,730,410,2,3,11,14,5,1,8,7,12,6,16,10,13,9,15,4,0,0,0.152,4.9,
20250615,2,6,1,703,17,2000,1,13,140,110,200,150,900,1400,1260,4710,440,160,850,1,5,4,7,3,12,6,2,10,0,9,11,8,0,0,0,0,0,0.357,1.4,
20250615,2,11,2,10,17,1200,1,14,170,120,360,980,1670,2250,22250,51350,610,1770,5830,1,6,5,4,7,14,12,13,2,11,9,8,3,10,0,0,0,0,0.259,1.7,
20250615,5,4,1,703,11,1400,2,18,9410,970,210,110,18400,52700,10940,193010,3460,1990,310,3,4,2,6,8,13,16,9,11,15,12,1,5,7,17,14,10,18,0.161,2.0,
20250615,9,8,2,10,24,1800,3,16,5730,1540,300,430,20700,49610,92830,476950,6340,12780,1310,5,6,2,4,15,3,7,13,8,1,11,14,12,16,10,9,0,0,0.250,4.2,
20250615,9,2,1,703,24,1800,4,14,640,230,150,260,1250,2700,3820,19070,520,1130,540,6,2,5,4,3,14,11,13,10,7,12,1,8,9,0,0,0,0,0.272,2.7,
20250615,5,9,2,10,11,1600,2,10,370,140,130,110,1010,1790,660,4570,400,240,250,2,1,3,9,5,8,7,6,4,10,0,0,0,0,0,0,0,0,0.176,4.7,
20250615,2,1,1,703,17,1200,1,16,320,120,200,160,1290,2220,1740,6650,550,360,610,10,3,15,8,4,1,2,13,6,14,16,9,5,12,11,7,0,0,0.170,8.5,
20250615,2,3,1,703,24,1000,1,12,460,150,130,250,560,1210,1830,8530,290,800,570,2,1,8,3,5,10,4,9,11,6,0,7,0,0,0,0,0,0,0.253,2.2,
20250615,9,12,2,16,24,1200,3,16,1040,290,1110,190,29780,42810,62560,473250,7830,870,7530,1,3,9,15,4,10,7,8,14,5,13,6,12,2,11,16,0,0,0.159,10.4,
20250615,2,7,2,5,24,1000,1,9,230,130,150,190,700,1030,1350,4080,270,380,590,2,1,6,4,8,3,5,9,7,0,0,0,0,0,0,0,0,0,0.260,5.4,
20250615,2,8,2,5,17,1200,1,13,750,280,200,660,2310,5410,17630,84210,990,1970,2840,2,8,1,3,10,6,12,11,9,7,5,4,13,0,0,0,0,0,0.250,5.0,
20250615,2,9,2,5,17,1800,1,13,660,190,270,160,2590,4580,2850,17200,730,410,800,3,4,7,11,8,5,1,10,12,2,13,9,6,0,0,0,0,0,0.169,3.2,
20250615,2,10,2,10,24,1700,1,14,1370,400,620,220,16800,30080,24960,157620,5110,1230,1750,5,12,8,9,14,3,4,2,10,7,1,11,13,6,0,0,0,0,0.243,6.1,
20250615,2,2,1,703,24,1700,1,14,220,120,2120,190,14340,19490,23530,111090,5030,320,8190,6,1,4,12,8,5,14,13,11,3,2,9,10,7,0,0,0,0,0.216,19.1,
20250615,5,1,1,703,23,1400,3,16,2370,490,160,540,2460,5760,20150,164330,850,5190,930,2,11,7,6,15,13,1,3,9,12,8,16,4,5,10,14,0,0,0.531,3.0,
20250615,5,2,1,703,23,2100,3,16,170,110,130,280,310,490,1430,4270,180,530,700,1,2,3,9,15,12,7,10,6,16,13,5,11,14,8,4,0,0,0.276,1.7,
20250615,5,3,1,703,23,1600,3,16,180,110,130,150,380,570,740,2010,180,210,530,1,2,3,7,8,14,15,5,9,10,6,16,13,4,12,11,0,0,0.257,1.8,
20250615,2,4,1,703,17,2600,1,10,760,180,130,150,960,2390,1640,12630,390,410,380,2,1,4,3,7,8,5,6,9,10,0,0,0,0,0,0,0,0,0.255,2.7,
20250615,9,11,2,999,17,2200,2,17,1140,370,160,640,2370,5380,23200,127550,960,6520,2080,8,2,17,9,11,14,4,5,7,1,15,3,6,10,12,13,16,0,0.302,6.2,
20250615,9,10,2,16,18,1600,2,18,470,220,560,210,5340,8270,9580,59720,1650,690,1660,1,8,4,3,12,2,11,14,6,7,18,10,5,13,9,16,17,15,0.250,4.7,
20250615,9,9,2,10,17,1200,2,15,210,130,230,360,1270,1980,6210,17180,530,690,2830,1,2,8,4,12,11,13,3,15,6,10,14,5,7,9,0,0,0,0.233,2.1,
20250615,2,12,2,5,24,1700,1,11,300,140,180,320,940,1460,4770,17010,390,800,1370,1,6,0,4,2,8,3,9,7,10,5,0,0,0,0,0,0,0,0.417,3.0,
20250615,9,1,1,703,24,1200,4,16,380,140,190,130,1640,2760,1710,11060,610,320,500,1,6,2,5,10,3,11,14,16,9,7,8,4,12,13,15,0,0,0.200,3.8,
20250615,5,12,2,10,23,1600,3,16,210,120,160,330,530,830,2150,7090,280,520,1260,6,2,1,3,4,12,8,15,7,14,5,10,11,13,9,16,0,0,0.215,8.0,
20250615,5,11,2,999,11,1400,2,14,20720,3550,320,470,82420,182130,234090,2391870,18610,23510,1490,8,2,3,4,7,14,13,11,6,5,12,1,9,10,0,0,0,0,0.263,4.7,
20250615,5,10,2,16,11,2400,2,15,380,210,280,700,2160,3620,23250,81510,860,2910,3430,5,2,1,12,13,7,14,6,10,3,8,11,15,9,4,0,0,0,0.380,6.3,
20250615,5,8,2,5,23,1600,3,16,360,170,440,470,3820,4710,20030,72540,1190,1190,3600,3,15,6,5,7,12,1,16,8,2,4,10,9,13,11,14,0,0,0.136,31.4,
20250615,5,7,2,5,11,2000,2,14,1840,410,110,190,1480,4610,3180,30090,620,1490,320,3,2,6,5,4,1,7,11,10,13,9,8,14,12,0,0,0,0,0.214,8.3,
20250615,5,6,2,5,23,2100,3,16,2730,720,220,410,7060,16000,20150,191060,2190,3940,1090,16,5,3,15,1,12,2,7,4,11,13,8,10,9,6,14,0,0,0.172,3.2,
20250615,9,7,2,5,17,2000,2,10,160,110,170,140,600,790,770,2360,250,170,480,1,3,2,7,8,9,10,6,4,5,0,0,0,0,0,0,0,0,0.521,1.6,
20250615,9,6,2,5,24,1800,3,16,450,160,130,660,530,1540,6490,28710,280,2720,960,9,12,4,2,7,1,0,14,3,8,10,6,11,15,13,5,0,0,0.191,25.8,
20250615,9,4,1,703,17,2200,3,15,800,270,470,370,5030,11620,13330,86210,1720,1400,1360,5,6,7,12,8,2,15,1,3,10,4,11,9,14,13,0,0,0,0.235,1.5,
20250615,9,3,1,703,17,1400,3,18,410,170,290,260,2570,4440,6330,36710,970,690,1430,6,7,9,1,16,13,2,15,3,5,17,18,4,12,11,8,10,14,0.219,7.1,
20250621,9,11,2,999,24,1400,1,16,540,180,480,390,5750,9760,17680,87600,1710,1390,2710,1,4,14,5,11,6,7,3,16,2,12,13,8,9,10,15,0,0,0.213,5.4,
20250621,9,10,2,16,17,2200,1,12,1790,350,430,190,10330,21790,13430,116880,2310,1220,1110,7,4,3,5,9,2,1,10,8,11,6,12,0,0,0,0,0,0,0.282,4.5,
20250621,9,3,1,703,24,1200,1,16,530,280,360,490,3180,5410,12360,51000,1060,1000,1970,4,1,9,2,6,5,11,15,14,16,3,8,7,13,12,10,0,0,0.173,1.9,
20250621,5,7,1,703,23,1300,1,16,170,110,300,240,1190,1680,3500,9610,500,350,1480,1,3,7,5,2,6,4,14,16,13,9,12,11,10,8,15,0,0,0.227,1.7,
20250621,2,11,2,10,17,1200,1,15,2000,520,180,280,4610,10410,9420,64880,1520,2010,860,10,2,9,6,5,13,3,8,11,1,15,12,4,14,7,0,0,0,0.179,2.5,
20250621,2,10,2,5,17,2600,1,8,480,170,310,340,2340,4770,6060,28350,880,820,1640,2,8,5,1,4,6,3,7,0,0,0,0,0,0,0,0,0,0,0.209,10.9,
20250621,2,4,1,703,17,2000,1,16,190,110,130,420,320,540,2280,9090,170,1180,720,12,1,2,4,3,6,14,8,7,10,9,5,16,11,15,13,0,0,0.284,12.3,
20250621,9,9,2,10,18,1600,1,13,600,270,490,770,4050,8280,25890,109760,1370,2160,3150,5,8,11,4,6,3,7,1,10,9,12,2,13,0,0,0,0,0,0.274,2.5,
20250621,9,8,2,5,24,1800,1,16,300,130,260,110,1790,2890,1140,7380,570,180,570,2,3,1,6,7,11,4,5,9,8,10,15,13,12,14,16,0,0,0.198,13.9,
20250621,9,7,2,5,18,2400,1,10,3100,1410,1520,630,23340,57510,48800,517440,4380,2300,2870,4,6,7,1,2,10,3,9,5,8,0,0,0,0,0,0,0,0,0.541,1.5,
20250621,9,6,1,703,17,2000,1,15,350,140,150,350,530,1020,2280,9060,230,820,850,1,9,4,6,2,0,13,3,14,8,11,10,7,5,12,0,0,0,0.212,3.5,
20250621,9,12,2,5,18,1600,1,14,1300,330,810,150,21710,34370,26070,227630,5150,1110,2020,4,6,11,3,5,9,10,13,8,2,1,7,12,14,0,0,0,0,0.292,6.7,
20250621,5,12,2,5,23,1600,1,16,200,110,490,190,3620,4740,6730,28980,1070,370,2980,1,4,3,6,8,16,5,9,2,10,11,7,13,14,15,12,0,0,0.259,2.0,
20250621,2,1,1,703,17,1200,1,16,1510,470,4310,910,96540,155100,620700,3026100,20070,5230,44480,5,8,13,6,9,1,16,3,10,12,7,2,4,15,11,14,0,0,0.170,3.9,
20250621,2,2,1,703,24,1000,1,12,170,110,160,140,530,770,1160,3520,280,200,600,8,1,4,3,2,5,6,12,7,9,10,11,0,0,0,0,0,0,0.193,45.2,
20250621,2,3,1,703,24,1700,1,13,340,140,130,210,480,1070,1610,5060,250,700,390,2,13,8,1,3,4,9,12,7,6,5,11,10,0,0,0,0,0,0.159,2.9,
20250621,2,7,1,703,17,1800,1,16,190,110,170,140,790,1280,1390,5240,350,190,560,1,3,5,12,9,15,2,4,6,8,16,14,11,10,13,7,0,0,0.186,1.9,
20250621,2,8,2,5,24,1000,1,12,440,140,140,130,1180,2260,1350,7330,470,290,340,1,3,6,5,2,8,4,12,11,10,9,7,0,0,0,0,0,0,0.277,4.4,
20250621,2,9,2,5,17,1200,1,10,250,110,140,130,520,940,840,3260,230,240,350,2,3,1,4,5,6,9,8,10,7,0,0,0,0,0,0,0,0,0.362,2.8,
20250621,2,12,2,5,24,1700,1,8,120,100,230,240,1150,1340,2840,7580,340,340,1650,1,4,2,5,8,3,7,6,0,0,0,0,0,0,0,0,0,0,0.602,1.2,
20250621,5,2,1,703,23,1400,1,16,800,280,130,320,1590,3790,6450,30220,670,1970,610,2,9,6,12,8,1,14,3,7,11,10,4,13,16,5,15,0,0,0.179,3.5,
20250621,5,3,1,703,23,1600,1,16,200,110,160,250,620,1000,2360,6090,280,560,1030,1,6,4,14,2,3,5,7,15,10,11,9,13,16,8,12,0,0,0.240,2.0,
20250621,5,4,1,703,11,1600,1,16,190,110,270,330,1190,1610,5600,17660,560,680,2320,1,4,7,15,3,12,9,10,16,14,6,5,8,2,11,13,0,0,0.277,1.9,
20250621,5,8,2,5,11,1800,1,16,220,120,180,130,720,1370,1590,5480,340,230,490,1,3,13,8,15,2,4,5,9,6,16,10,7,11,14,12,0,0,0.356,2.2,
20250621,5,9,2,10,11,2400,1,9,360,120,110,180,280,640,720,4170,150,560,250,2,1,3,4,6,5,8,7,9,0,0,0,0,0,0,0,0,0,0.602,1.4,
20250621,5,10,2,10,11,1400,1,14,370,160,480,170,3690,6150,6850,39110,1200,370,1890,1,7,3,6,2,14,4,8,10,5,9,11,13,12,0,0,0,0,0.191,3.7,
20250621,5,11,2,999,23,2100,1,11,590,170,110,260,640,1770,2750,15680,300,1000,590,2,6,8,1,9,4,10,5,3,7,11,0,0,0,0,0,0,0,0.282,2.1,
20250622,5,2,1,703,23,1600,1,16,1040,360,270,140,4860,10950,5250,42410,1620,740,690,5,4,3,9,2,7,6,10,1,11,8,15,16,12,14,13,0,0,0.176,3.5,
20250622,5,3,1,703,23,2100,1,16,620,190,150,320,1100,2430,4070,18420,440,1260,800,8,4,2,3,1,6,15,7,5,14,9,0,11,13,12,10,0,0,0.250,6.2,
20250622,5,4,1,703,11,1800,1,16,210,110,200,110,2420,3160,710,5730,550,140,390,3,4,1,7,2,16,14,5,11,10,9,12,13,8,15,6,0,0,0.363,2.0,
20250622,9,9,2,10,17,2000,1,9,1180,220,110,120,920,2830,1140,9670,340,560,160,2,3,1,4,5,6,7,8,9,0,0,0,0,0,0,0,0,0,0.241,2.3,
20250622,5,7,2,5,23,1600,1,16,3400,1130,820,570,57690,114350,147360,1555490,11360,4900,3270,7,11,6,3,16,2,5,8,10,1,9,14,15,4,13,12,0,0,0.194,5.5,
20250622,5,8,2,5,11,1600,1,15,3310,540,970,200,39630,66180,49160,485460,8820,2180,2610,9,3,6,5,11,8,4,12,1,14,15,2,7,10,13,0,0,0,0.239,4.7,
20250622,5,9,2,10,23,1400,1,16,930,290,220,390,2010,4380,9970,55600,740,2050,1370,1,2,4,5,12,11,3,9,8,7,15,14,13,16,6,10,0,0,0.229,9.3,
20250622,5,10,2,16,11,1400,1,16,2660,550,520,1100,16290,30360,168780,1245070,3910,9030,3770,15,4,3,6,10,7,2,1,8,9,13,12,16,14,5,11,0,0,0.496,1.7,
20250622,2,9,2,5,17,2000,3,10,610,180,140,330,650,1750,2410,14620,320,1040,640,1,3,5,2,4,6,9,9,8,7,0,0,0,0,0,0,0,0,0.239,6.1,
20250622,2,10,2,10,24,1700,3,14,170,120,320,150,2260,2880,3050,10810,850,240,1260,1,3,6,10,2,14,5,7,4,13,11,12,9,8,0,0,0,0,0.296,1.7,
20250622,2,11,2,16,17,1200,3,15,5960,1150,530,260,31660,69880,81490,859980,7000,6130,2240,7,3,9,4,6,11,10,2,8,15,5,13,1,12,14,0,0,0,0.201,4.2,
20250622,2,12,2,5,24,1700,3,12,290,140,390,160,4250,5820,5530,30460,1380,340,1430,3,9,1,4,8,7,6,12,10,5,2,11,0,0,0,0,0,0,0.137,5.1,
20250622,9,10,2,16,24,1800,1,16,430,250,2580,420,21080,27830,43620,287960,4710,650,9910,6,1,5,4,11,2,10,8,3,15,13,9,12,7,16,14,0,0,0.320,1.6,
20250622,9,11,2,999,18,1600,1,14,800,240,200,4190,2100,4400,152740,519650,900,22950,19380,4,7,1,5,2,10,14,11,12,9,6,12,8,3,0,0,0,0,0.186,18.4,
20250622,9,12,2,10,24,1800,1,15,1830,420,180,250,5300,14080,12020,107710,1560,2030,690,6,3,2,8,15,10,7,5,4,1,11,12,9,14,13,0,0,0,0.205,2.1,
20250622,5,12,2,5,23,1400,1,16,650,270,260,330,3440,4860,12050,50260,1160,1720,1180,13,2,5,3,12,6,8,4,1,9,15,7,11,10,16,14,0,0,0.255,6.5,
20250622,2,2,1,703,24,1700,3,14,490,170,220,210,1360,2600,1730,10980,480,470,430,4,5,2,13,1,3,14,12,6,10,7,8,11,9,0,0,0,0,0.210,4.7,
20250622,2,3,1,703,24,1000,3,12,180,110,220,1590,790,1090,13040,27080,310,2380,7930,1,5,2,0,11,8,6,4,7,3,9,10,0,0,0,0,0,0,0.487,1.8,
20250622,2,4,1,703,17,1800,3,16,5820,1140,350,250,26330,69200,36580,352040,4710,3940,1240,3,10,6,11,2,15,4,9,8,12,7,1,5,16,14,13,0,0,0.176,5.5,
20250622,2,6,1,703,24,1700,3,11,470,160,200,290,1340,2280,4160,19500,560,920,1010,1,2,4,5,11,3,9,6,10,7,8,0,0,0,0,0,0,0,0.238,4.7,
20250622,2,7,2,5,17,1800,3,13,3070,660,630,470,23490,60050,106990,560870,5360,4540,6480,9,6,11,1,5,3,7,2,4,0,10,8,0,0,0,0,0,0,0.193,2.2,
20250622,2,8,2,5,17,1200,3,11,190,120,150,450,370,650,3930,9760,250,890,1840,1,5,2,11,10,3,7,4,9,6,8,0,0,0,0,0,0,0,0.274,1.9,
20250622,5,11,2,999,11,1800,1,14,710,260,230,190,3030,5250,5790,42620,1050,950,630,8,5,12,1,9,14,2,10,3,4,11,6,7,13,0,0,0,0,0.158,3.4,
20250622,9,1,1,703,24,1400,1,16,120,110,810,170,3300,3520,5770,25880,1240,220,4530,1,11,15,13,12,9,3,7,5,6,10,8,4,2,14,16,0,0,0.372,1.2,
20250622,9,2,1,703,24,1800,1,14,150,110,160,210,410,530,1090,2300,200,310,750,1,3,2,4,12,7,5,8,6,9,11,10,14,13,0,0,0,0,0.539,1.5,
20250622,9,3,1,703,18,1600,1,18,850,210,150,170,1530,3560,2180,15230,530,580,350,4,3,10,2,7,1,15,18,16,14,12,6,11,9,5,13,17,8,0.223,4.6,
20250622,9,4,1,703,18,2400,1,15,570,130,110,160,640,1600,1240,6950,250,480,300,2,1,7,4,3,10,6,5,9,12,11,8,14,15,13,0,0,0,0.539,1.8,
20250622,9,7,2,5,17,2000,1,9,590,210,220,140,1780,3530,1280,8880,440,260,270,4,3,1,5,2,6,8,7,9,0,0,0,0,0,0,0,0,0,0.380,1.8,
20250622,9,8,2,5,24,1400,1,16,1330,220,110,210,1170,3590,2480,22220,490,1080,370,6,2,5,4,7,10,14,3,1,12,8,15,13,9,11,16,0,0,0.291,16.7,
20250628,2,12,2,5,24,1700,2,14,800,320,270,290,2450,4190,10310,45000,850,1790,1340,10,4,8,7,9,12,2,3,6,13,1,11,14,5,0,0,0,0,0.197,15.6,
20250628,3,7,2,5,17,2600,1,7,180,130,610,0,2250,3090,930,6710,490,150,620,1,3,4,5,2,6,7,0,0,0,0,0,0,0,0,0,0,0,0.481,1.8,
20250628,3,11,2,16,17,2000,1,16,260,140,250,560,1050,1610,9990,31720,540,1640,3490,1,6,4,2,5,9,10,13,15,11,16,8,12,7,3,14,0,0,0.472,2.6,
20250628,10,3,1,703,24,1700,1,16,2210,960,530,670,7930,18020,42320,248930,2500,3500,2580,13,15,10,5,9,2,3,12,11,8,1,4,6,16,14,7,0,0,0.214,1.8,
20250628,10,4,1,703,17,1800,1,16,250,120,160,130,1090,1550,1370,5750,420,260,480,1,3,7,2,6,15,11,8,12,4,14,10,5,9,13,16,0,0,0.262,2.5,
20250628,10,8,2,5,24,1700,1,16,360,220,190,460,1840,3090,9820,31070,760,1080,2130,0,15,6,2,1,8,14,10,4,7,11,5,3,13,12,9,0,0,0.284,0.0,
20250628,10,7,1,703,17,1200,1,15,2340,310,120,170,2010,7040,2910,33640,770,1500,260,2,3,4,8,1,6,11,9,5,15,12,10,14,7,13,0,0,0,0.279,1.8,
20250628,10,6,1,703,24,1000,1,14,2920,510,140,160,5220,12860,7090,84170,1310,2520,280,3,6,2,5,10,7,9,14,12,11,4,8,1,13,0,0,0,0,0.235,4.2,
20250628,2,10,2,10,17,2000,1,16,230,140,260,230,1510,1950,3440,10730,630,470,1130,1,3,4,16,7,6,2,12,9,11,13,8,14,5,15,10,0,0,0.255,2.3,
20250628,2,11,2,999,17,1200,1,16,2580,570,370,170,16280,33630,28450,241040,4080,2640,1110,16,9,5,3,2,15,10,8,7,1,13,12,4,14,11,6,0,0,0.155,25.2,
20250628,3,2,1,703,24,1150,1,16,300,120,120,930,240,540,5940,20100,150,2280,2280,2,1,13,6,11,5,3,14,0,7,12,4,9,8,15,10,0,0,0.285,1.8,
20250628,3,1,0,703,17,1200,1,10,560,380,590,470,2440,5290,2940,21460,610,500,890,9,3,2,1,6,5,8,4,7,10,0,0,0,0,0,0,0,0,0.203,1.5,
20250628,2,9,2,5,17,1200,1,8,600,300,390,180,1260,3080,1340,9770,410,270,270,3,4,1,2,5,8,7,6,0,0,0,0,0,0,0,0,0,0,0.280,2.9,
20250628,2,8,2,5,24,1000,2,12,1580,460,270,200,6420,12790,10700,84480,1850,1770,940,5,3,4,11,10,9,2,6,1,12,8,7,0,0,0,0,0,0,0.260,3.8,
20250628,2,7,2,5,17,1800,2,16,500,220,550,190,5650,9160,9910,64350,1520,650,1690,1,3,7,10,11,14,4,6,2,5,12,13,9,15,16,8,0,0,0.434,5.0,
20250628,2,6,1,703,24,1700,2,12,490,130,220,110,2500,3790,1210,11920,570,180,350,9,3,1,2,4,11,7,5,8,10,6,12,0,0,0,0,0,0,0.280,4.2,
20250628,2,2,1,703,24,2400,2,12,400,150,130,440,580,1380,2770,13450,280,1490,820,2,1,7,5,4,8,12,6,9,3,11,10,0,0,0,0,0,0,0.295,2.0,
20250628,2,1,1,703,17,1200,2,15,370,180,140,310,780,1360,3370,10850,380,1050,790,1,2,7,14,10,5,4,13,12,11,9,6,3,8,15,0,0,0,0.200,3.7,
20250628,2,3,1,703,24,1700,2,14,150,110,430,680,3100,4180,16990,53690,1090,950,10930,1,6,5,3,14,2,12,4,7,11,10,8,9,13,0,0,0,0,0.460,1.5,
20250628,2,4,1,703,17,2000,2,13,210,130,240,410,1290,1890,6810,24230,530,840,3050,1,12,7,8,13,2,10,5,4,3,6,11,9,0,0,0,0,0,0.223,2.1,
20250628,10,12,2,5,17,1200,1,14,170,130,300,2910,1010,1280,42230,86290,470,6750,16500,1,9,6,14,12,8,7,5,10,4,11,3,2,13,0,0,0,0,0.586,1.7,
20250628,10,11,2,16,24,1700,1,16,250,120,260,260,1100,2000,3630,12380,530,490,1440,1,6,9,5,4,3,2,7,8,15,13,11,12,16,10,14,0,0,0.195,2.5,
20250628,10,9,2,5,17,2000,1,8,1580,170,110,110,1970,5910,650,11380,370,270,130,4,2,3,7,5,1,6,8,0,0,0,0,0,0,0,0,0,0,0.286,4.6,
20250628,3,12,2,5,24,1700,1,15,1130,310,150,170,2140,5560,3490,26600,1010,1040,350,3,2,1,8,13,9,6,4,15,7,11,5,10,12,14,0,0,0,0.236,4.4,
20250628,3,10,2,10,24,1700,1,14,120,110,160,350,390,410,1240,2720,240,420,1210,1,2,4,14,3,8,10,5,13,12,7,6,9,11,0,0,0,0,0.464,1.2,
20250628,3,9,2,10,17,2000,1,8,1230,190,110,140,880,2910,1180,13690,320,690,170,2,3,5,1,4,6,7,8,0,0,0,0,0,0,0,0,0,0,0.590,1.4,
20250628,3,8,1,703,17,1200,1,16,520,180,210,140,1990,3560,3860,18850,690,490,700,2,9,7,3,12,13,1,14,15,11,4,8,16,10,6,5,0,0,0.123,6.8,
20250628,3,4,1,703,17,1800,1,16,300,130,630,170,4820,7640,5510,32380,1410,290,2490,1,5,3,6,8,7,4,11,13,2,15,9,10,16,12,14,0,0,0.234,3.0,
20250628,3,3,1,703,24,1700,1,15,360,180,1030,330,11610,16990,32110,150510,2620,1010,6340,1,4,8,5,10,2,9,3,6,13,7,11,15,14,12,0,0,0,0.380,3.6,
20250629,10,10,2,10,24,1700,1,15,1050,290,270,140,5420,13400,4420,41440,1550,640,590,12,14,3,6,1,11,9,13,2,15,8,10,4,7,5,0,0,0,0.191,7.3,
20250629,10,11,2,16,17,1200,1,13,580,170,200,130,1800,3710,1520,9920,640,370,400,3,1,7,9,11,6,5,4,2,12,13,8,10,0,0,0,0,0,0.291,3.1,
20250629,10,12,2,5,24,1700,1,16,650,200,180,130,2280,4060,2360,14870,770,430,370,2,11,3,13,4,1,5,10,16,9,7,14,6,12,15,8,0,0,0.230,5.6,
20250629,10,9,2,5,17,1800,1,8,410,140,110,160,600,1240,1150,5430,240,460,320,5,1,2,3,6,7,4,8,0,0,0,0,0,0,0,0,0,0,0.490,4.4,
20250629,2,6,1,703,17,1800,1,16,220,140,370,180,2620,3510,5920,23530,780,360,2080,1,3,15,5,10,11,9,4,7,2,8,14,6,12,13,16,0,0,0.181,2.2,
20250629,2,7,2,5,17,1200,1,11,2540,650,970,450,29730,67640,118790,683240,6160,4280,6180,4,10,3,7,6,5,8,9,2,1,11,0,0,0,0,0,0,0,0.421,2.1,
20250629,2,8,2,5,24,1700,1,11,260,170,210,530,1480,1990,8910,23150,590,1300,2700,1,11,9,2,5,6,7,4,3,10,8,0,0,0,0,0,0,0,0.477,2.6,
20250629,3,12,2,5,17,1200,1,14,380,180,3390,400,57200,54130,142380,984550,14650,1280,22830,1,5,12,13,11,4,7,8,9,3,10,0,6,2,0,0,0,0,0.396,3.8,
20250629,10,2,1,703,17,1200,1,17,220,120,140,330,360,570,2130,5830,200,700,1120,1,2,8,4,5,17,7,6,3,12,15,9,11,13,14,16,10,0,0.287,2.2,
20250629,10,3,1,703,17,2600,1,16,430,160,360,150,3970,5490,4030,28480,1170,340,910,3,11,1,12,10,6,15,2,9,4,7,13,14,16,8,5,0,0,0.262,3.1,
20250629,10,4,1,703,24,1700,1,16,820,300,210,220,2360,5170,5590,35570,920,1100,910,2,13,1,6,5,3,4,12,11,14,15,8,10,7,9,16,0,0,0.152,6.5,
20250629,10,8,2,5,24,1000,1,14,910,200,160,140,2090,3960,2120,16940,650,460,340,3,8,7,4,13,1,5,2,10,11,6,9,14,12,0,0,0,0,0.223,2.9,
20250629,2,10,2,10,24,1700,1,11,230,120,150,410,490,780,2720,7660,220,980,1230,1,2,10,9,8,7,3,5,6,4,11,0,0,0,0,0,0,0,0.274,2.3,
20250629,10,7,1,703,17,2000,1,18,510,180,160,810,830,1710,14180,49750,360,4140,3120,2,1,8,15,12,3,11,4,10,6,17,0,16,7,9,13,14,5,0.220,3.4,
20250629,3,11,1,999,17,1800,1,14,760,280,200,430,2700,5510,10520,55480,920,1590,1480,6,7,10,2,4,3,8,5,11,1,13,9,14,12,0,0,0,0,0.197,5.0,
20250629,2,12,2,10,17,1200,1,14,3420,760,250,230,7350,16520,15920,136090,2220,2630,650,2,4,9,11,3,13,7,14,5,8,6,1,12,10,0,0,0,0,0.238,5.6,
20250629,2,11,2,999,17,2000,1,14,1300,450,370,1410,7720,14680,155010,697990,2950,13560,8690,8,13,11,2,4,12,5,9,1,6,14,7,10,3,0,0,0,0,0.174,10.7,
20250629,2,4,1,703,24,1700,1,9,240,110,110,140,220,480,400,1480,140,260,220,1,2,4,3,7,9,8,6,5,0,0,0,0,0,0,0,0,0,0.202,2.4,
20250629,2,1,0,703,17,1200,1,12,5030,420,110,290,3250,11690,9400,130120,1030,4520,430,2,6,11,3,1,9,8,7,10,5,12,4,0,0,0,0,0,0,0.388,1.4,
20250629,3,4,1,703,17,2000,1,15,430,160,160,140,1580,2470,2550,14480,550,510,410,3,2,9,1,4,13,10,11,12,6,7,14,8,15,5,0,0,0,0.342,3.4,
20250629,3,3,1,703,24,1700,1,15,220,140,670,210,4790,6660,6930,36380,1500,330,2240,1,5,3,6,4,14,8,7,13,2,12,9,15,11,10,0,0,0,0.163,2.2,
20250629,3,2,1,703,17,2600,1,16,7620,2370,5490,1000,224210,549380,1072240,9163010,35740,9220,20430,13,5,11,4,12,14,10,3,16,7,2,9,1,15,8,6,0,0,0.442,1.5,
20250629,2,3,1,703,17,1200,1,12,330,150,420,310,3700,5520,8780,39970,830,680,2740,7,3,1,5,4,6,10,11,8,2,12,9,0,0,0,0,0,0,0.240,2.0,
20250629,2,2,1,703,24,1000,1,12,1160,240,140,140,1520,3690,1880,13950,510,630,290,6,3,7,2,8,1,4,11,9,10,12,5,0,0,0,0,0,0,0.196,3.1,
20250629,3,1,1,703,24,1700,1,15,310,140,150,600,480,930,5540,19700,260,1700,1760,2,1,4,14,3,6,5,7,11,12,8,13,15,10,9,0,0,0,0.357,2.6,
20250629,2,9,2,5,17,2000,1,10,890,220,120,130,1490,3660,1210,12530,530,440,200,8,1,3,2,10,4,9,6,7,5,0,0,0,0,0,0,0,0,0.453,5.2,
20250629,3,10,2,16,24,1700,1,15,240,140,360,290,1730,2640,5650,18760,720,630,2890,6,1,10,5,3,15,2,12,14,4,13,7,9,8,11,0,0,0,0.224,3.3,
20250629,3,9,2,10,17,1200,1,11,180,110,120,120,510,660,490,1550,190,180,270,1,2,3,7,5,4,9,8,10,11,6,0,0,0,0,0,0,0,0.367,1.8,
20250629,3,8,2,5,17,1800,1,9,5320,860,250,130,20750,52570,9150,144800,3820,1390,490,3,5,0,1,4,2,6,7,8,0,0,0,0,0,0,0,0,0,0.403,2.3,
20250629,3,7,2,5,24,1150,1,16,1140,200,110,180,770,2610,2010,15220,360,990,300,2,3,7,8,16,13,1,11,6,10,5,12,4,15,9,14,0,0,0.235,1.6,
20250705,2,1,0,703,17,1200,3,8,170,110,140,560,450,760,3740,11490,200,1220,1210,1,4,2,5,6,7,3,8,0,0,0,0,0,0,0,0,0,0,0.276,1.7,
20250705,2,2,1,703,24,1000,4,12,220,120,110,250,390,720,980,2980,190,420,620,1,2,12,3,6,5,7,4,9,10,11,8,0,0,0,0,0,0,0.230,2.2,
20250705,2,3,1,703,17,2000,3,13,5700,1330,160,370,6900,14980,16090,144620,2760,5220,540,9,2,3,6,4,0,11,10,8,7,1,5,12,0,0,0,0,0,0.244,3.1,
20250705,2,6,1,703,24,1700,3,12,290,120,160,420,630,1370,3600,12480,320,1110,1350,1,2,6,4,0,10,3,5,9,8,7,11,0,0,0,0,0,0,0.265,2.9,
20250705,2,7,2,5,17,2600,2,12,180,120,150,240,580,940,1950,5480,270,400,750,4,1,2,6,3,7,12,8,9,5,10,11,0,0,0,0,0,0,0.263,6.6,
20250705,2,8,2,5,17,1200,2,9,160,110,150,150,580,650,1150,3490,220,290,840,1,2,3,9,7,5,6,8,4,0,0,0,0,0,0,0,0,0,0.508,1.6,
20250705,2,9,2,5,17,1800,2,8,350,130,200,120,1500,2340,1200,7560,400,190,420,3,1,7,2,5,6,4,8,0,0,0,0,0,0,0,0,0,0,0.326,2.6,
20250705,10,8,2,5,17,1200,1,9,300,120,120,140,570,890,630,2790,240,250,260,2,1,3,6,7,5,8,9,4,0,0,0,0,0,0,0,0,0,0.309,3.5,
20250705,10,6,1,703,24,1700,1,16,9490,1580,260,2950,20350,73360,242550,1935140,5030,31690,10570,4,14,2,11,15,16,3,5,8,12,7,1,9,13,10,6,0,0,0.212,4.8,
20250705,10,4,1,703,24,1000,1,14,370,150,240,130,1910,2930,2380,11860,650,320,580,1,3,4,2,13,12,7,14,11,5,9,6,8,10,0,0,0,0,0.183,3.7,
20250705,10,2,1,703,24,1700,1,16,2750,700,730,260,33860,69750,76360,685190,7050,2830,3380,6,4,3,5,11,15,16,14,8,12,7,10,2,1,9,13,0,0,0.196,2.4,
20250705,3,12,2,5,17,1200,1,15,310,160,350,400,2650,3940,12310,47620,950,1030,3050,1,5,7,8,6,2,11,13,3,4,9,15,10,14,12,0,0,0,0.212,3.1,
20250705,3,10,2,10,24,1700,1,15,150,110,210,330,570,740,3840,7580,340,710,2360,1,5,4,7,3,2,9,13,8,10,12,14,11,6,15,0,0,0,0.458,1.5,
20250705,3,9,2,5,17,2000,1,10,890,280,400,180,7420,9930,9600,62910,1870,650,1270,6,8,3,4,1,5,2,10,9,7,0,0,0,0,0,0,0,0,0.309,3.8,
20250705,3,8,1,703,17,1800,1,16,1030,220,120,240,860,2770,3110,22750,340,1200,520,2,1,5,4,6,13,8,3,14,7,11,10,9,16,15,12,0,0,0.341,1.9,
20250705,10,10,2,10,24,1700,1,11,120,110,250,190,930,960,2560,6230,410,270,1960,1,6,5,3,7,11,2,4,8,10,9,0,0,0,0,0,0,0,0.484,1.2,
20250705,3,3,0,703,17,1800,2,9,340,160,190,560,840,1350,6220,17320,300,1780,1870,7,1,3,2,5,4,8,9,6,0,0,0,0,0,0,0,0,0,0.402,2.0,
20250705,3,2,1,703,24,1700,2,15,2120,360,170,180,2860,8610,3560,32440,1090,1000,420,3,2,9,7,15,4,10,14,1,6,5,8,13,12,11,0,0,0,0.128,4.8,
20250705,2,12,2,5,24,1700,3,13,390,180,340,210,5550,9220,9830,47220,1920,670,1300,8,1,4,11,9,3,4,7,2,6,13,10,12,0,0,0,0,0,0.172,13.4,
20250705,2,4,1,703,17,1800,3,9,3200,250,110,110,1970,8650,750,17790,430,640,120,3,2,6,9,7,8,1,5,4,0,0,0,0,0,0,0,0,0,0.330,2.4,
20250705,2,11,2,16,17,1200,2,14,350,200,180,380,1570,2480,11500,41940,700,1880,1330,1,13,2,7,4,12,10,11,6,3,8,5,14,9,0,0,0,0,0.206,3.5,
20250705,2,10,2,10,24,1700,3,14,920,210,690,120,14240,30270,7620,95350,3770,360,1550,3,5,4,1,12,7,8,11,9,13,2,6,10,14,0,0,0,0,0.290,1.7,
20250705,3,6,2,5,24,1700,2,14,2040,640,2440,770,141000,238200,618630,5076240,25610,5710,30360,10,9,1,7,8,12,5,6,4,3,13,0,2,11,0,0,0,0,0.359,2.0,
20250705,10,9,2,5,17,2000,1,8,230,130,320,210,2420,3160,4680,20080,700,370,1390,1,8,7,3,5,4,6,2,0,0,0,0,0,0,0,0,0,0,0.250,2.3,
20250705,10,7,1,703,17,1800,1,16,540,200,250,130,3460,6000,3470,25080,1200,460,730,1,3,9,14,2,7,12,10,5,4,15,16,13,8,6,11,0,0,0.195,5.4,
20250705,10,3,1,703,17,1200,1,18,2120,440,170,1350,4140,8660,53000,288620,1320,11450,3700,6,8,2,9,18,4,7,13,17,1,16,10,3,14,12,11,5,15,0.373,2.3,
20250705,3,11,2,16,24,1150,1,16,720,220,190,230,1590,3350,4270,18040,730,950,740,6,3,2,1,5,7,4,10,15,13,9,16,8,11,12,14,0,0,0.304,2.1,
20250705,3,7,1,703,17,1200,1,16,1030,300,170,640,1590,4490,12700,84330,690,3330,1670,4,2,15,10,16,6,3,1,13,11,9,5,8,7,12,14,0,0,0.278,2.3,
20250705,10,12,2,10,17,1200,1,10,600,230,270,1770,1790,3870,40270,157830,730,5740,5610,5,7,8,1,9,6,2,4,10,3,0,0,0,0,0,0,0,0,0.206,4.7,
20250705,10,11,2,16,17,1800,1,11,9950,1460,330,250,38540,82280,70790,760220,7900,4620,1320,7,8,10,4,5,2,3,6,11,9,1,0,0,0,0,0,0,0,0.364,2.1,
20250706,10,7,2,5,17,1800,1,9,250,110,110,160,310,610,530,1830,170,330,260,2,1,9,7,3,8,4,5,6,0,0,0,0,0,0,0,0,0,0.250,2.4,
20250706,10,3,1,703,17,1200,1,18,480,180,240,500,2060,3900,9870,40670,670,1610,1920,18,5,2,1,9,14,13,4,16,11,3,6,7,12,10,15,8,17,0.198,5.5,
20250706,3,8,2,5,17,1800,1,14,410,140,120,200,520,1220,1330,5750,220,510,390,2,1,6,4,12,9,3,10,7,5,8,11,14,13,0,0,0,0,0.233,2.3,
20250706,3,12,2,5,24,1150,1,15,340,170,180,660,1030,1670,9750,29860,480,2110,2510,1,5,4,2,15,6,3,11,12,9,8,7,14,13,10,0,0,0,0.469,3.4,
20250706,10,4,1,703,17,2000,1,18,660,180,170,160,1610,3240,2400,16290,580,550,490,2,3,5,7,10,1,17,18,6,9,4,8,11,15,16,12,13,14,0.218,5.0,
20250706,10,8,2,5,24,1000,1,14,260,130,150,200,740,1260,1440,6090,320,590,410,1,3,2,8,10,4,14,12,7,9,6,5,11,13,0,0,0,0,0.312,2.6,
20250706,2,9,2,10,17,1200,2,11,440,180,170,1600,970,1880,28570,98890,390,6740,5940,1,4,2,5,6,10,9,8,11,3,7,0,0,0,0,0,0,0,0.416,4.4,
20250706,2,4,1,703,17,1200,2,15,500,210,240,1130,1740,3150,27080,91390,760,4350,6080,14,4,12,1,8,5,9,2,6,3,15,11,7,13,10,0,0,0,0.227,3.5,
20250706,2,1,0,703,17,1200,2,10,450,110,110,110,610,1380,350,3020,210,180,140,2,3,1,4,10,5,6,8,7,9,0,0,0,0,0,0,0,0,0.334,2.4,
20250706,10,1,0,703,17,1200,1,16,1220,420,310,1130,6450,16600,62710,461330,2030,5180,4220,4,5,16,1,7,10,9,8,2,13,6,12,14,11,15,3,0,0,0.243,2.1,
20250706,2,11,2,999,24,1700,2,10,760,180,170,130,1870,4190,1980,16340,630,490,380,3,10,5,2,9,6,1,8,4,7,0,0,0,0,0,0,0,0,0.355,2.9,
20250706,2,3,1,703,24,1700,2,13,1330,530,530,700,6490,13320,43830,281740,1600,2480,2760,5,10,2,1,7,4,3,12,6,8,11,9,13,0,0,0,0,0,0.276,1.6,
20250706,2,6,1,703,17,2000,2,12,160,110,230,140,1100,1330,1560,5540,390,220,900,1,4,3,6,11,5,2,12,8,7,10,9,0,0,0,0,0,0,0.363,1.6,
20250706,2,7,2,5,24,1000,2,12,510,180,220,260,1620,4300,3150,21900,620,700,590,9,3,5,1,2,10,6,4,8,6,12,11,0,0,0,0,0,0,0.291,6.2,
20250706,2,8,2,5,24,1700,2,13,470,190,270,250,1780,2810,3630,15360,500,560,900,2,1,5,3,9,11,13,6,4,12,8,10,7,0,0,0,0,0,0.198,11.2,
20250706,2,2,1,703,24,1000,2,12,320,130,110,220,390,830,1450,5030,200,580,610,1,2,5,10,3,4,12,9,6,7,8,11,0,0,0,0,0,0,0.298,3.2,
20250706,2,12,2,5,17,1200,2,10,210,110,150,140,690,1080,830,3550,260,200,380,1,4,3,8,9,2,6,5,7,10,0,0,0,0,0,0,0,0,0.234,2.1,
20250706,3,3,1,703,17,1200,1,16,1660,420,220,2180,2890,6440,81320,547660,850,11320,6560,12,4,16,6,10,14,3,1,5,8,9,2,15,13,7,11,0,0,0.376,1.8,
20250706,3,6,1,703,24,1150,1,16,1490,270,170,160,3350,8560,4180,47950,1060,960,400,7,2,3,13,9,1,12,16,11,15,8,4,6,14,5,10,0,0,0.234,2.9,
20250706,3,7,1,703,17,2000,1,16,260,130,420,240,2790,4890,7850,37060,1000,420,3130,9,1,5,4,7,3,13,12,6,2,15,10,14,11,8,16,0,0,0.221,2.7,
20250706,3,9,2,10,24,1150,1,16,900,260,190,220,1330,2850,2960,17500,490,990,600,5,16,2,3,14,6,11,1,10,4,12,9,8,15,7,13,0,0,0.228,6.3,
20250706,3,10,2,10,17,1800,1,16,230,160,910,520,7590,8950,35550,158110,2360,1340,9340,4,1,8,13,5,6,7,12,15,11,2,3,16,9,14,10,0,0,0.435,3.0,
20250706,3,11,2,999,24,1700,1,15,470,240,270,680,2000,3370,13710,51530,840,2440,3060,8,1,6,14,12,7,2,10,9,5,11,4,0,3,13,0,0,0,0.220,4.3,
20250706,2,10,2,10,17,2600,2,10,1190,200,120,120,1580,4270,1360,12610,460,500,210,2,3,5,6,4,10,1,8,9,7,0,0,0,0,0,0,0,0,0.493,2.4,
20250706,10,10,2,10,17,2600,1,7,190,130,160,0,440,640,8050,23160,220,2680,3500,1,2,0,6,4,5,3,0,0,0,0,0,0,0,0,0,0,0,0.597,1.9,
20250706,10,11,2,999,17,1200,1,18,570,270,290,490,3600,5830,16080,67370,1490,1680,2750,1,9,14,5,7,4,17,11,16,12,2,10,15,18,6,3,13,8,0.270,5.7,
20250706,10,12,2,5,24,1700,1,16,1000,320,190,400,3180,7450,11840,64360,1100,2180,950,2,4,3,1,7,15,11,6,14,10,5,16,13,12,8,9,0,0,0.217,3.9,
20250706,10,9,2,5,17,1200,1,8,940,290,240,250,2010,4600,2250,20400,450,510,370,2,6,3,8,1,5,4,7,0,0,0,0,0,0,0,0,0,0,0.343,3.8,
20250712,2,6,1,703,17,2600,1,16,1290,410,400,180,7110,15800,12460,97910,2320,1160,1170,3,11,13,5,15,2,14,10,12,8,1,16,4,7,6,9,0,0,0.261,4.6,
20250712,2,11,2,16,17,1800,1,14,690,210,210,280,2050,4830,6100,35440,710,800,1270,7,13,1,3,5,2,6,10,8,9,12,14,11,4,0,0,0,0,0.295,3.6,
20250712,3,1,0,703,17,1800,1,10,370,120,100,190,180,700,660,3110,130,580,350,1,2,7,10,9,4,8,5,3,6,0,0,0,0,0,0,0,0,0.279,3.7,
20250712,3,10,2,16,17,1200,1,9,130,100,100,140,180,270,500,920,130,230,340,1,2,3,8,7,4,9,6,5,0,0,0,0,0,0,0,0,0,0.356,1.3,
20250712,10,3,1,703,24,1000,1,14,520,140,140,110,1550,2820,760,7090,430,210,240,1,2,3,7,10,9,8,13,4,11,5,6,12,14,0,0,0,0,0.247,5.2,
20250712,3,3,1,703,24,1150,1,16,280,140,450,140,3610,4890,2690,17770,1060,240,1010,6,3,1,8,4,9,5,12,16,7,2,11,15,10,13,14,0,0,0.271,3.1,
20250712,10,12,2,5,17,1200,1,17,2250,590,970,180,29500,60920,53450,431050,7680,1610,4250,11,16,1,2,3,13,15,7,14,6,8,9,5,4,10,12,17,0,0.120,4.9,
20250712,10,11,2,16,24,1000,1,10,1210,410,930,590,15780,32670,40250,310750,3240,2320,3570,4,1,8,7,6,3,2,9,10,5,0,0,0,0,0,0,0,0,0.392,2.7,
20250712,10,10,2,10,24,1700,1,13,210,120,370,200,1650,2280,7940,29410,610,370,3250,1,13,9,3,5,12,8,2,11,10,6,7,4,0,0,0,0,0,0.330,2.1,
20250712,10,9,2,5,17,2600,1,11,190,110,220,130,1060,1500,1230,6460,480,210,710,1,5,7,3,11,4,9,2,6,8,10,0,0,0,0,0,0,0,0.311,1.9,
20250712,10,8,2,5,24,1700,1,16,6400,1240,280,320,28340,66680,52260,464040,7280,6220,1170,8,12,2,4,10,16,5,6,3,1,11,9,14,15,13,7,0,0,0.231,4.5,
20250712,10,7,1,703,17,2000,1,18,2320,330,110,1260,1850,6880,26960,231350,790,13030,2330,2,5,4,13,14,18,3,1,10,6,9,8,12,15,17,11,16,7,0.268,1.5,
20250712,10,6,1,703,17,1200,1,18,1100,270,200,410,3960,8320,17150,98850,1170,2560,1520,6,4,9,2,7,10,15,11,16,18,13,3,1,14,8,5,12,17,0.201,2.3,
20250712,10,2,1,703,17,1800,1,16,620,180,170,320,1500,2910,6890,31480,530,1160,1330,4,9,2,8,5,1,12,14,15,7,16,3,11,10,13,6,0,0,0.183,6.3,
20250712,10,1,0,703,17,1200,1,10,620,170,120,1110,640,1510,6250,31130,280,3240,2450,8,4,2,1,3,9,6,7,5,10,0,0,0,0,0,0,0,0,0.364,4.8,
20250712,3,12,2,5,24,1700,1,15,2910,780,260,300,14670,26820,36200,278410,5010,3690,1260,11,6,4,10,2,9,3,13,8,14,7,5,1,15,12,0,0,0,0.165,3.0,
20250712,3,11,2,999,17,1200,1,14,1030,380,420,440,8500,13160,28060,131570,2700,1600,2740,5,6,8,4,14,1,3,7,2,12,11,10,13,9,0,0,0,0,0.246,3.7,
20250712,3,9,2,10,17,2600,1,12,1200,320,180,150,3210,6360,2570,21660,960,750,350,7,3,5,8,1,2,11,4,10,9,6,12,0,0,0,0,0,0,0.173,7.4,
20250712,3,8,2,10,24,1700,1,15,220,130,500,180,3950,5910,7750,39950,1600,430,2790,1,7,10,5,3,11,2,4,15,13,9,6,12,14,8,0,0,0,0.284,2.2,
20250712,3,7,2,5,17,2000,1,15,460,180,1410,150,17670,27870,10030,91110,3650,320,2180,4,3,6,1,8,9,11,14,10,13,0,7,2,12,5,0,0,0,0.236,3.1,
20250712,2,1,1,703,17,1200,1,14,160,110,170,210,540,720,1710,4640,280,340,910,1,5,4,7,2,6,9,3,8,11,12,10,13,14,0,0,0,0,0.276,1.6,
20250712,2,2,1,703,24,1000,1,12,620,140,110,230,410,1150,1720,9410,180,1080,430,2,1,6,8,11,12,10,5,7,4,3,9,0,0,0,0,0,0,0.257,1.7,
20250712,2,3,1,703,17,1800,1,13,310,130,150,300,630,1070,1740,6910,250,580,790,1,0,5,2,7,10,12,4,3,6,9,8,11,0,0,0,0,0,0.178,3.1,
20250712,2,4,1,703,24,1700,1,14,350,160,190,330,740,1430,3070,13660,400,1050,970,1,6,5,10,2,7,14,12,3,8,13,4,11,9,0,0,0,0,0.250,3.5,
20250712,2,7,2,5,24,1700,1,10,840,230,130,480,990,3040,5700,34460,380,1620,940,2,7,10,1,5,6,3,4,8,9,0,0,0,0,0,0,0,0,0.417,2.0,
20250712,2,8,2,5,24,2400,1,11,300,160,1080,140,10580,16380,9380,48840,3280,250,3910,1,3,9,7,5,11,4,8,2,6,10,0,0,0,0,0,0,0,0.361,3.0,
20250712,2,9,2,5,17,2000,1,11,4720,730,160,160,9760,29800,10880,144300,2470,2450,350,11,6,2,3,1,5,7,10,9,4,8,0,0,0,0,0,0,0,0.297,2.8,
20250712,2,10,2,10,17,1200,1,11,300,160,220,240,1480,2170,3800,14120,540,580,950,8,3,1,10,6,9,5,2,7,4,11,0,0,0,0,0,0,0,0.238,4.8,
20250712,2,12,2,5,24,1000,1,12,210,130,1760,390,10530,10700,27160,107710,3280,690,7910,1,11,9,5,4,7,3,6,12,8,10,2,0,0,0,0,0,0,0.259,2.1,
20250712,3,2,1,703,24,1700,1,15,480,200,170,410,1470,2430,7480,28630,660,1700,1340,1,6,8,3,5,9,2,13,15,10,12,11,4,14,7,0,0,0,0.237,4.8,
20250712,3,4,1,703,17,2000,1,16,820,160,190,110,2350,5010,1080,14350,700,300,330,3,2,1,11,15,9,10,8,13,4,5,12,14,6,7,16,0,0,0.272,1.8,
20250713,3,1,0,703,17,1200,1,9,920,130,110,1370,250,1000,10280,68520,160,6210,2430,2,1,5,6,7,4,8,3,0,0,0,0,0,0,0,0,0,0,0.652,1.1,
20250713,3,2,1,703,24,1700,1,15,1360,370,220,640,2750,7320,18230,111320,990,3720,1610,7,1,8,5,3,2,6,9,12,10,13,15,4,14,11,0,0,0,0.279,2.7,
20250713,3,4,1,703,17,1200,1,16,480,190,730,140,12980,21630,9250,79000,3400,360,1710,3,1,4,2,5,10,9,8,12,13,7,16,11,6,15,14,0,0,0.180,3.0,
20250713,3,6,1,703,24,1700,1,15,370,120,110,150,380,970,520,3370,190,310,260,1,2,4,14,3,5,12,6,13,15,11,7,10,9,8,0,0,0,0.391,3.7,
20250713,3,7,2,5,17,1200,1,15,530,220,330,190,4450,7380,9110,54300,1210,840,1200,13,1,3,5,7,6,12,15,11,2,4,8,10,14,9,0,0,0,0.233,3.5,
20250713,3,8,2,5,24,1150,1,15,320,140,180,170,830,1670,1610,5710,330,430,530,1,10,4,2,6,3,5,7,14,9,13,8,11,12,15,0,0,0,0.229,3.2,
20250713,3,10,2,16,24,1700,1,15,7070,1470,330,470,22260,53150,115410,852280,6000,12290,1900,4,12,10,2,15,5,13,11,7,3,9,6,8,1,14,0,0,0,0.234,1.8,
20250713,3,12,2,10,17,1200,1,9,510,160,110,150,520,1250,630,4750,250,350,240,2,1,4,9,3,6,7,8,5,0,0,0,0,0,0,0,0,0,0.398,2.0,
20250713,2,10,2,10,24,1000,1,12,1570,320,150,540,1430,3870,15300,86350,510,4290,1220,7,2,8,1,3,9,6,12,4,10,5,11,0,0,0,0,0,0,0.305,3.9,
20250713,10,10,2,10,17,2000,1,9,1230,400,200,170,4200,8550,5280,45230,1420,1000,520,2,3,6,5,7,4,1,9,8,0,0,0,0,0,0,0,0,0,0.162,6.7,
20250713,10,12,2,5,17,1200,1,16,2440,750,920,610,32100,55180,128690,825590,8490,5430,6070,0,12,7,5,6,9,1,10,15,13,14,11,4,2,8,3,0,0,0.383,0.0,
20250713,10,11,2,999,24,1700,1,16,910,230,150,490,1450,3320,11020,55990,530,1940,1680,2,16,9,4,1,13,15,5,6,8,14,10,3,7,12,11,0,0,0.185,3.0,
20250713,2,11,2,999,17,1800,1,12,300,140,120,210,430,790,1560,6020,240,610,490,2,1,5,8,3,4,6,11,9,10,12,7,0,0,0,0,0,0,0.249,2.7,
20250713,2,12,2,5,17,1200,1,8,2130,400,680,240,17680,34790,21570,210940,3530,1240,2100,4,7,3,5,8,6,1,2,0,0,0,0,0,0,0,0,0,0,0.248,2.7,
20250713,2,6,1,703,17,2000,1,15,6870,730,290,130,27450,68060,10520,247620,5150,1420,460,14,3,4,2,8,5,9,7,11,1,10,12,6,13,15,0,0,0,0.297,4.1,
20250713,3,3,1,703,17,2000,1,16,480,170,180,120,1250,2500,1540,8040,550,340,410,1,3,2,9,5,13,4,6,8,16,10,14,7,15,11,12,0,0,0.230,4.8,
20250713,3,9,2,5,17,1800,1,13,2840,400,240,110,10380,29220,4060,71290,2100,740,380,3,5,4,10,6,7,1,2,8,9,11,12,13,0,0,0,0,0,0.352,1.6,
20250713,3,11,2,999,17,2000,1,15,420,160,140,790,780,1440,15500,50320,420,4040,3510,2,8,6,1,4,15,11,7,14,9,12,5,3,10,13,0,0,0,0.204,3.0,
20250713,10,9,2,10,24,1000,1,14,1870,430,170,500,4630,12480,27130,176250,1580,3450,1610,7,14,2,5,8,12,3,1,6,9,10,13,4,11,0,0,0,0,0.235,6.4,
20250713,2,3,1,703,17,1200,1,16,1250,360,760,700,12410,27220,91590,428340,4160,4720,6110,11,5,1,4,7,6,10,3,12,8,2,13,16,9,14,15,0,0,0.183,5.1,
20250713,2,4,1,703,24,1700,1,13,160,110,290,320,1590,2450,7550,26610,690,430,4280,1,4,7,8,3,10,13,11,6,5,9,2,12,0,0,0,0,0,0.301,1.6,
20250713,2,7,2,5,17,1800,1,14,180,120,200,180,820,940,1300,3820,350,240,650,1,12,3,8,6,4,2,9,5,13,11,7,10,14,0,0,0,0,0.526,1.8,
20250713,2,8,2,5,24,1700,1,12,890,210,710,110,12740,19330,8060,81980,2960,380,1300,3,6,9,10,4,1,2,11,12,5,7,8,0,0,0,0,0,0,0.317,1.9,
20250713,2,9,2,10,17,1800,1,12,180,130,1060,180,6450,8390,12630,48250,2110,390,4630,1,5,0,11,3,7,10,6,4,2,9,8,0,0,0,0,0,0,0.185,1.8,
20250713,2,2,1,703,24,1700,1,14,410,140,120,120,550,1120,850,3950,290,310,240,2,5,3,8,1,4,9,12,6,13,7,10,11,0,0,0,0,0,0.185,2.6,
20250713,10,2,1,703,17,1200,1,18,5210,950,160,330,9140,26600,36000,282610,2600,11310,750,2,18,12,3,13,8,7,4,16,6,5,10,11,9,14,17,1,15,0.195,3.1,
20250713,10,3,1,703,24,1700,1,16,700,210,130,180,1140,2810,2980,18250,510,960,440,2,3,11,4,1,5,15,8,14,13,6,9,10,12,7,0,0,0,0.206,2.9,
20250713,10,4,1,703,17,1800,1,16,300,130,160,240,600,1120,1420,6380,300,490,580,1,2,10,3,4,14,15,16,12,7,9,6,5,8,11,13,0,0,0.240,3.0,
20250713,10,7,2,5,24,1700,1,16,670,260,520,220,4320,8360,15600,89030,1760,1150,2370,3,8,12,5,1,6,16,7,15,11,2,4,9,13,10,14,0,0,0.166,6.7,
20250713,10,8,2,5,17,1800,1,16,290,150,180,340,1090,1770,4900,17140,430,1050,1430,1,2,9,10,15,13,11,7,8,5,3,16,4,14,6,12,0,0,0.219,2.9,
20250719,2,2,1,703,24,1000,1,12,670,180,110,250,1230,2310,4040,20710,520,1340,630,2,1,6,3,10,9,7,4,5,8,12,11,0,0,0,0,0,0,0.206,2.1,
20250719,2,4,1,703,17,1200,1,15,400,180,160,200,880,1650,1650,6770,390,560,500,2,1,11,8,12,4,9,3,15,10,6,5,7,13,14,0,0,0,0.214,4.3,
20250719,2,5,1,703,17,2000,1,16,300,180,480,370,2750,3850,15350,51030,1050,1190,2850,16,1,4,6,11,3,2,13,14,10,12,7,9,5,8,15,0,0,0.205,7.8,
20250719,2,6,1,703,24,1700,1,14,1950,480,240,270,5960,13510,17860,129740,1430,2770,880,9,5,2,8,0,3,6,0,11,7,4,1,12,10,0,0,0,0,0.204,4.1,
20250719,2,7,2,5,17,1200,1,16,530,190,140,1370,660,1840,18830,86260,350,6680,2810,11,2,1,6,16,5,10,14,13,7,4,15,3,9,8,12,0,0,0.161,16.5,
20250719,2,8,2,5,24,1700,1,10,190,110,180,1350,650,1380,15310,36460,320,3480,7490,1,5,9,6,2,4,7,8,10,3,0,0,0,0,0,0,0,0,0.249,1.9,
20250719,2,1,0,703,17,1800,1,11,110,110,930,320,4000,4080,14000,41390,1630,720,7770,4,1,7,2,6,5,3,10,9,8,11,0,0,0,0,0,0,0,0.399,11.1,
20250719,3,12,2,5,24,1150,1,11,1030,200,940,110,39120,67740,12490,282650,6900,330,1800,3,6,5,4,7,10,1,2,9,8,11,0,0,0,0,0,0,0,0.395,1.5,
20250719,3,10,2,10,24,1150,1,16,860,250,180,320,1200,2870,5330,32970,540,1610,960,2,5,9,1,3,15,4,11,6,7,10,13,16,14,8,12,0,0,0.262,4.2,
20250719,3,9,2,5,17,2600,1,8,260,110,120,150,480,850,850,2980,200,290,320,1,4,2,6,3,8,5,7,0,0,0,0,0,0,0,0,0,0,0.285,2.6,
20250719,3,7,1,703,17,1200,1,16,1140,430,5030,2320,77490,129090,1357680,4385500,20040,13640,69460,6,16,13,12,14,10,8,4,7,11,9,3,1,15,5,2,0,0,0.191,2.5,
20250719,3,6,2,5,24,1700,1,14,1410,490,590,380,12630,27250,27310,174670,3690,1870,2380,7,9,5,11,1,10,2,3,12,6,4,8,13,14,0,0,0,0,0.281,6.5,
20250719,3,3,0,703,17,1800,1,10,400,120,140,120,1040,1450,740,4130,330,230,230,2,9,6,3,5,1,8,7,4,10,0,0,0,0,0,0,0,0,0.290,5.6,
20250719,2,12,2,5,17,1200,1,16,740,310,330,630,3980,6780,21050,75520,1390,2520,2300,12,1,4,7,2,6,3,8,11,14,10,13,16,9,15,5,0,0,0.281,4.4,
20250719,2,11,2,999,24,1700,1,14,580,250,220,230,1750,3060,6300,32530,670,940,930,6,5,3,1,2,4,10,11,7,12,8,13,9,14,0,0,0,0,0.162,3.7,
20250719,10,9,0,999,17,1200,1,18,550,170,250,110,4160,7450,1330,20940,1000,290,410,3,6,1,2,17,16,4,5,8,9,7,12,13,15,11,10,14,18,0.351,1.6,
20250719,10,3,1,703,17,2000,2,18,6040,1120,590,160,72220,168380,53130,882720,15260,3380,1030,3,8,17,5,4,1,7,13,11,2,12,10,6,14,16,9,18,15,0.313,2.6,
20250719,10,1,0,703,17,1800,2,10,340,110,110,110,340,870,210,1540,160,170,140,2,3,4,1,8,5,6,10,7,9,0,0,0,0,0,0,0,0,0.319,2.5,
20250719,3,8,1,703,17,2000,1,16,5070,1290,500,210,61160,111660,62930,570730,15550,4300,1020,12,16,3,15,1,8,7,14,4,5,10,6,2,9,13,11,0,0,0.189,4.4,
20250719,3,2,1,703,24,1700,1,15,530,220,520,1940,4000,6570,54750,185260,1260,6320,11240,4,10,6,1,9,2,15,3,7,5,14,8,12,11,13,0,0,0,0.225,2.3,
20250719,2,10,2,10,17,1800,1,14,180,110,170,320,760,1020,2730,7500,310,580,790,1,5,12,10,2,11,4,13,7,6,3,14,9,8,0,0,0,0,0.302,1.8,
20250719,2,9,2,5,17,1800,1,14,230,130,110,270,250,470,900,2720,170,560,600,2,1,10,4,14,8,3,11,12,7,6,13,9,5,0,0,0,0,0.391,2.5,
20250719,2,3,1,703,24,2400,1,12,2200,520,200,400,3290,10390,11870,86500,1360,2830,810,4,9,2,11,3,5,10,12,1,8,6,7,0,0,0,0,0,0,0.398,1.9,
20250719,10,12,2,5,24,1700,3,16,860,280,120,280,1050,2520,4230,24390,490,1210,570,2,5,6,8,7,4,1,11,3,9,13,16,14,10,12,15,0,0,0.225,2.0,
20250719,10,11,2,16,17,1200,1,17,2020,710,520,600,17160,32780,73500,393950,5070,4900,3380,7,9,2,12,5,1,13,3,6,11,14,4,10,16,15,8,17,0,0.318,3.7,
20250719,10,10,2,10,24,1700,3,16,300,170,210,300,870,1380,4190,12100,420,790,1430,1,2,5,4,7,6,10,3,16,8,11,14,9,15,12,13,0,0,0.223,3.0,
20250719,10,8,2,5,17,2000,1,10,460,140,120,130,760,1570,1130,5220,300,330,270,2,7,1,6,3,4,5,8,9,10,0,0,0,0,0,0,0,0,0.488,2.7,
20250719,10,7,2,5,17,1200,1,9,4050,1990,550,900,9520,26350,21650,234260,1780,2970,1100,8,4,5,3,2,7,6,1,9,0,0,0,0,0,0,0,0,0,0.415,1.6,
20250719,10,4,1,703,17,1800,2,16,1370,440,390,260,7060,14170,14630,90260,1860,1780,1210,6,1,7,4,10,14,3,12,9,15,13,8,5,2,11,16,0,0,0.211,3.6,
20250719,10,2,1,703,24,1000,3,14,350,150,220,120,1230,2230,1340,6870,470,300,440,3,1,4,10,8,2,6,14,13,9,5,11,12,7,0,0,0,0,0.197,2.9,
20250719,3,11,2,16,17,1800,1,11,930,250,150,160,2440,4590,3780,27720,760,760,390,6,2,0,3,7,9,8,1,5,10,4,0,0,0,0,0,0,0,0.269,2.2,
20250720,2,1,0,703,17,1200,1,16,600,210,290,170,3180,4990,4870,28190,1040,530,1070,4,1,8,3,14,6,2,12,5,9,7,10,11,13,16,15,0,0,0.176,6.1,
20250720,10,4,1,703,17,2000,1,18,660,280,330,470,4920,10050,23780,118410,1820,1480,3850,12,8,17,9,2,4,18,14,1,3,6,7,10,16,5,15,13,11,0.193,6.8,
20250720,10,6,2,5,24,1000,1,9,420,170,140,210,720,1540,1900,7760,350,620,470,4,1,9,6,5,7,2,8,3,0,0,0,0,0,0,0,0,0,0.278,4.4,
20250720,10,7,2,5,17,1800,1,10,4130,1190,1650,340,86480,208910,128230,1413210,15110,3270,3860,8,5,6,7,10,3,4,2,9,1,0,0,0,0,0,0,0,0,0.286,4.2,
20250720,10,8,2,5,17,1200,1,12,270,130,210,160,1170,1800,1620,6690,440,300,610,1,2,3,9,5,11,4,7,6,12,8,10,0,0,0,0,0,0,0.207,2.7,
20250720,2,7,2,5,24,1000,1,12,400,150,140,160,880,1710,1670,7520,370,400,360,1,6,2,3,8,4,5,7,12,11,9,10,0,0,0,0,0,0,0.247,4.0,
20250720,2,3,1,703,17,1800,1,14,550,240,920,190,10110,14230,22090,106020,3440,810,4550,1,7,9,12,13,10,8,3,6,5,14,2,4,11,0,0,0,0,0.195,5.5,
20250720,2,6,1,703,17,1200,1,16,660,240,140,300,1240,3200,4790,24890,600,1740,660,7,6,2,4,3,15,12,16,10,5,1,9,11,8,14,13,0,0,0.157,7.2,
20250720,10,12,2,10,17,1200,1,18,210,140,170,420,470,700,3690,8840,290,1210,1280,2,1,5,10,3,17,9,11,8,4,16,15,14,18,6,12,7,13,0.320,4.3,
20250720,10,3,1,703,24,1700,2,16,300,130,220,510,1000,1560,7630,29750,380,1450,2850,1,2,16,14,13,15,5,3,9,11,6,4,10,12,8,7,0,0,0.224,3.0,
20250720,10,2,1,703,17,1200,1,18,440,190,190,320,1380,2150,3960,17360,560,840,880,1,8,3,2,18,16,11,12,7,15,17,5,9,6,13,4,14,10,0.219,4.4,
20250720,3,12,2,5,24,1700,1,15,360,140,180,170,960,1760,2610,10700,380,360,820,1,2,4,3,6,5,8,7,9,10,11,13,14,15,12,0,0,0,0.474,3.6,
20250720,3,8,1,703,17,1800,1,14,1050,230,200,130,3310,7540,2450,24940,940,380,420,3,6,1,2,8,12,5,10,4,13,7,9,14,11,0,0,0,0,0.238,2.5,
20250720,2,8,2,5,17,2600,1,9,150,110,120,170,360,520,630,1910,160,230,500,1,6,4,3,2,5,7,9,8,0,0,0,0,0,0,0,0,0,0.396,1.5,
20250720,3,10,2,10,17,2000,1,10,220,110,120,120,600,860,430,2280,190,180,290,1,5,3,2,10,6,4,8,9,7,0,0,0,0,0,0,0,0,0.357,2.2,
20250720,2,4,1,703,24,1700,1,14,1640,220,110,130,1610,4700,950,10810,410,490,140,3,2,5,1,6,7,9,8,11,4,12,10,13,14,0,0,0,0,0.307,3.5,
20250720,2,2,1,703,24,1700,1,13,300,130,240,140,2170,3250,1770,10020,640,240,720,1,3,2,11,4,6,5,10,9,8,12,13,7,0,0,0,0,0,0.172,3.0,
20250720,2,10,2,10,24,1700,1,12,300,130,190,200,1090,1760,2130,8520,400,410,850,1,8,3,2,9,10,4,6,5,12,11,7,0,0,0,0,0,0,0.304,3.0,
20250720,2,12,2,5,24,1700,1,13,600,190,180,280,1200,2640,4100,22730,470,1050,940,3,2,11,9,12,6,8,0,7,1,4,10,5,0,0,0,0,0,0.207,8.8,
20250720,3,2,1,703,24,1700,1,15,480,190,260,250,2320,4390,6820,31140,980,1020,1210,5,9,4,1,8,3,2,13,15,10,11,7,6,12,14,0,0,0,0.136,8.8,
20250720,3,6,1,703,17,1800,1,14,620,180,370,140,7230,11170,4950,42380,1780,370,950,3,1,10,4,7,11,6,12,9,2,14,5,8,13,0,0,0,0,0.380,2.6,
20250720,3,7,1,703,24,1150,1,15,190,120,320,250,1850,2690,4050,14990,690,440,1810,1,5,7,14,3,2,15,6,4,8,12,10,13,9,11,0,0,0,0.273,1.9,
20250720,3,9,2,5,17,1200,1,11,380,170,140,180,700,1420,1520,7030,360,560,420,1,3,8,2,11,10,7,6,5,9,4,0,0,0,0,0,0,0,0.265,3.8,
20250720,3,11,2,999,24,1150,1,13,1020,360,150,1520,1520,4640,55920,259380,750,13210,5660,2,7,1,6,8,12,4,9,5,10,3,11,13,0,0,0,0,0,0.178,2.7,
20250720,2,9,2,10,17,1200,1,13,560,250,280,1130,1980,4540,34770,149770,930,5910,6290,10,6,1,4,8,2,13,9,7,12,11,3,5,0,0,0,0,0,0.226,10.9,
20250720,10,9,2,10,17,1800,1,8,570,170,320,130,5980,9610,4340,40570,1110,320,710,3,7,4,8,5,1,2,6,0,0,0,0,0,0,0,0,0,0,0.215,2.8,
20250720,10,10,2,16,24,1700,1,13,480,220,410,190,4440,6790,11490,51580,1550,860,1540,3,1,4,11,13,2,10,9,6,5,12,7,8,0,0,0,0,0,0.202,6.2,
20250720,10,11,2,999,17,2000,1,16,1630,440,220,220,4740,10850,9900,74990,1550,1810,740,8,2,9,6,4,3,10,15,11,7,16,13,5,1,12,14,0,0,0.154,14.9,
20250720,2,11,0,999,17,1200,1,12,4870,650,120,130,9310,27020,6900,91020,2170,2660,210,2,3,4,12,10,9,5,1,7,11,6,8,0,0,0,0,0,0,0.213,2.5,
20250726,4,11,2,5,12,1800,1,14,1240,330,1060,190,24990,39910,29960,304230,7060,780,2660,6,3,9,11,8,1,10,4,13,7,14,2,5,12,0,0,0,0,0.244,2.5,
20250726,7,12,2,5,11,1600,1,10,240,110,110,160,290,510,410,1620,160,270,280,2,1,3,4,9,8,6,7,10,5,0,0,0,0,0,0,0,0,0.394,2.3,
20250726,7,10,2,5,23,1800,1,11,2970,590,570,140,35060,70150,26340,313280,8140,1210,1370,9,3,4,2,10,1,5,8,11,6,7,0,0,0,0,0,0,0,0.176,4.3,
20250726,7,8,2,10,23,1800,1,7,180,120,210,0,530,700,1340,3930,210,280,780,1,6,5,7,2,3,4,0,0,0,0,0,0,0,0,0,0,0,0.400,1.8,
20250726,7,7,2,16,11,2000,1,10,620,190,220,150,2940,4840,3610,23310,930,560,560,4,3,5,2,1,8,6,10,9,7,0,0,0,0,0,0,0,0,0.507,3.7,
20250726,7,6,2,10,23,1400,1,16,1330,480,420,420,8420,15710,30410,177630,2620,2490,2260,5,7,2,4,8,13,9,3,9,1,6,15,11,16,12,14,0,0,0.254,3.6,
20250726,7,2,1,703,23,1800,1,16,2630,800,220,240,9280,24450,17100,167470,2980,3040,630,6,2,4,3,1,12,10,5,11,8,9,14,15,16,7,13,0,0,0.284,2.8,
20250726,4,12,1,703,11,1400,1,17,4190,1010,260,440,9170,23690,17420,170630,2280,2680,790,7,2,5,15,3,13,17,9,16,1,14,6,11,4,10,8,12,0,0.299,1.7,
20250726,4,9,1,703,23,1200,1,14,3580,590,140,320,2380,10220,10210,100440,1000,5230,670,2,9,13,7,3,5,11,6,4,1,10,14,12,8,0,0,0,0,0.182,2.0,
20250726,4,8,2,5,10,1000,1,14,990,260,210,140,3730,7740,4540,37470,1200,610,500,12,2,1,4,9,14,5,7,13,3,11,10,8,6,0,0,0,0,0.176,7.7,
20250726,4,7,2,16,11,1400,1,10,240,130,140,520,400,680,3500,8700,210,1220,1630,6,1,7,2,5,4,3,9,10,8,0,0,0,0,0,0,0,0,0.223,7.6,
20250726,4,5,1,703,12,1800,1,18,230,120,160,160,720,1060,910,3600,250,270,520,1,2,3,4,18,16,6,12,13,11,14,5,15,17,9,8,10,7,0.301,2.3,
20250726,4,4,1,703,23,1800,1,15,180,110,290,710,1490,1940,12630,29210,640,1410,4350,1,5,11,3,15,13,12,2,14,4,8,6,7,9,10,0,0,0,0.369,1.8,
20250726,1,11,2,16,17,1200,1,12,200,130,330,330,1970,3030,5760,21800,780,780,2000,10,1,7,11,9,5,8,12,4,2,3,6,0,0,0,0,0,0,0.174,30.2,
20250726,1,10,2,10,17,2600,1,13,490,180,210,2000,1430,2880,52840,196610,650,8460,8720,1,6,2,4,8,13,7,5,12,9,3,11,10,0,0,0,0,0,0.169,4.9,
20250726,1,9,2,5,24,1700,1,13,330,180,1410,500,13810,18250,47550,220790,3180,1130,8990,1,13,5,8,4,3,11,6,9,7,2,12,10,0,0,0,0,0,0.186,3.3,
20250726,1,6,1,703,17,1800,1,14,600,190,170,150,1850,3620,2270,13730,570,380,420,3,1,9,2,4,5,6,13,7,0,10,8,11,12,0,0,0,0,0.249,3.7,
20250726,1,4,1,703,17,1500,1,14,400,170,250,190,1490,2840,2830,15410,590,520,1010,3,5,14,7,11,1,8,9,10,4,2,6,13,12,0,0,0,0,0.294,4.5,
20250726,1,3,1,703,24,1700,1,14,200,110,230,120,1020,1420,1150,4450,430,180,600,1,3,10,5,6,7,8,4,2,12,9,11,13,14,0,0,0,0,0.256,2.0,
20250726,1,2,1,703,24,1000,1,12,160,110,190,170,820,960,1610,5000,330,340,1130,1,10,5,9,2,3,12,7,6,4,11,8,0,0,0,0,0,0,0.345,1.6,
20250726,1,1,0,703,17,1200,1,12,480,130,110,140,640,1500,750,4960,240,360,260,3,2,6,1,9,7,8,12,5,10,11,4,0,0,0,0,0,0,0.321,4.2,
20250726,4,10,2,5,23,1200,1,14,3910,820,520,510,20320,59110,69790,595040,5050,5980,3290,14,4,11,12,5,10,3,6,1,7,9,2,8,13,0,0,0,0,0.211,3.7,
20250726,7,5,1,703,23,1400,1,16,570,200,270,220,2310,4230,3860,21110,790,520,850,3,1,16,8,15,10,5,2,6,14,4,11,13,7,12,9,0,0,0.256,6.2,
20250726,7,11,1,703,11,2000,1,14,610,210,250,710,3060,5780,19820,109520,940,2660,3040,9,14,1,12,7,11,2,8,10,5,3,6,4,13,0,0,0,0,0.264,2.5,
20250726,4,6,2,10,23,1800,1,15,310,140,560,180,3730,5320,4530,31480,1190,340,1280,1,6,2,3,15,4,7,13,8,11,12,5,9,14,10,0,0,0,0.384,3.1,
20250726,1,12,2,10,24,1700,1,14,200,120,690,250,3500,4370,13770,57070,1390,560,5810,1,5,3,12,14,13,10,6,7,11,8,2,4,9,0,0,0,0,0.295,2.0,
20250726,1,7,2,5,17,1200,1,8,280,120,140,170,450,770,920,2770,210,310,530,2,1,8,3,7,6,4,5,0,0,0,0,0,0,0,0,0,0,0.344,3.4,
20250727,7,2,1,703,23,1800,1,16,720,230,190,510,1850,4060,9560,51750,670,2070,1450,2,4,10,9,8,1,14,3,5,15,6,13,7,11,12,16,0,0,0.202,4.7,
20250727,7,5,1,703,11,1400,1,18,400,160,390,240,4080,6290,11230,64490,1280,640,1840,5,1,14,7,6,2,3,4,8,10,16,11,12,15,17,9,13,18,0.239,3.2,
20250727,1,1,1,703,24,1700,4,14,2530,440,220,120,7250,14760,4430,43540,1790,860,340,3,1,2,7,12,11,14,10,9,5,8,6,4,13,0,0,0,0,0.196,2.4,
20250727,1,4,1,703,17,2000,3,9,260,200,410,440,1950,2970,6280,22100,550,680,1420,6,3,1,2,5,8,4,9,7,0,0,0,0,0,0,0,0,0,0.287,2.1,
20250727,1,8,2,5,17,1800,2,8,250,120,260,200,2060,2680,3650,16970,550,350,1000,5,4,3,1,6,7,2,8,0,0,0,0,0,0,0,0,0,0,0.336,2.7,
20250727,4,4,1,703,23,1800,1,15,660,230,570,410,9610,15460,36250,186180,1990,1510,5670,4,11,1,5,3,9,14,2,10,7,13,12,8,15,6,0,0,0,0.290,2.9,
20250727,7,4,1,703,23,1200,1,16,860,250,220,160,3510,7890,5140,36250,1230,690,640,8,2,9,7,1,15,14,16,10,3,5,4,6,12,11,13,0,0,0.217,5.2,
20250727,7,7,2,999,23,1400,1,16,750,270,190,160,2920,5610,2970,19390,1100,790,500,3,6,1,2,5,14,15,4,8,16,11,7,9,13,10,12,0,0,0.267,3.6,
20250727,1,3,1,703,24,1700,4,14,220,130,270,150,1660,2320,2120,9540,610,280,710,1,8,3,14,13,2,9,12,11,6,7,5,4,10,0,0,0,0,0.213,2.2,
20250727,1,2,1,703,17,1200,3,14,680,200,490,150,8920,16390,6030,57830,2230,430,1000,3,1,4,14,5,2,6,8,9,11,7,13,10,12,0,0,0,0,0.192,3.4,
20250727,1,6,2,5,24,1000,4,9,640,250,210,1290,1300,3250,16030,78360,470,3330,2870,7,2,5,4,1,3,6,9,8,0,0,0,0,0,0,0,0,0,0.363,1.7,
20250727,1,7,2,5,24,1700,4,13,1350,390,460,770,7410,15010,52890,308490,2230,4480,3980,10,9,8,13,4,3,5,12,11,1,2,6,7,0,0,0,0,0,0.227,3.1,
20250727,1,9,2,5,17,1500,2,9,730,150,110,130,920,2160,680,6240,290,370,210,3,4,0,2,1,8,5,7,6,0,0,0,0,0,0,0,0,0,0.356,3.4,
20250727,4,1,0,703,12,1600,1,7,110,100,960,0,2170,2450,4270,12840,660,290,3420,1,6,4,5,7,3,2,0,0,0,0,0,0,0,0,0,0,0,0.552,1.1,
20250727,1,12,2,10,17,1500,2,8,520,150,150,170,930,2210,1830,10110,340,420,400,5,6,3,2,7,4,1,8,0,0,0,0,0,0,0,0,0,0,0.363,2.5,
20250727,7,12,2,5,11,1200,1,9,690,200,300,180,4310,8160,6340,47220,1170,590,900,5,1,4,9,8,7,2,3,6,0,0,0,0,0,0,0,0,0,0.492,1.8,
20250727,1,11,2,999,17,2600,2,10,340,160,300,210,2630,4330,3900,20200,850,520,1040,8,4,1,3,6,5,9,10,2,7,0,0,0,0,0,0,0,0,0.220,4.0,
20250727,7,11,1,703,11,2200,1,11,200,130,180,310,710,970,3040,7930,300,650,1300,1,5,7,8,2,10,3,9,6,4,11,0,0,0,0,0,0,0,0.363,2.0,
20250727,7,10,2,5,23,1400,1,12,210,130,890,420,6770,8180,33470,136630,2100,890,11570,1,5,11,4,7,9,2,6,8,3,10,12,0,0,0,0,0,0,0.196,2.1,
20250727,7,8,2,5,11,2000,1,7,290,170,260,0,930,1510,590,3850,250,160,240,1,3,2,5,6,4,7,0,0,0,0,0,0,0,0,0,0,0,0.368,2.9,
20250727,7,6,2,10,11,2000,1,10,270,110,110,160,240,480,610,2160,150,350,320,2,1,3,8,6,4,9,5,10,7,0,0,0,0,0,0,0,0,0.571,1.8,
20250727,7,9,2,5,23,1800,1,9,440,130,120,110,1020,1820,480,3940,270,190,160,3,2,1,5,6,4,8,7,9,0,0,0,0,0,0,0,0,0,0.351,2.0,
20250727,1,10,2,16,24,1700,3,8,330,130,120,190,570,1170,1270,5680,230,510,440,5,1,3,8,2,4,6,7,0,0,0,0,0,0,0,0,0,0,0.315,3.2,
20250727,4,12,2,5,11,1400,1,16,690,280,680,1630,6750,12900,118350,479380,2140,6190,18740,8,6,5,14,7,1,15,4,9,13,11,12,10,3,2,16,0,0,0.161,2.6,
20250727,4,11,1,703,10,1000,1,16,3060,610,190,140,6510,17610,5670,57980,2170,1530,340,3,4,8,1,10,9,7,12,5,2,6,11,16,14,13,15,0,0,0.196,2.8,
20250727,4,10,1,703,11,2200,1,14,240,140,370,220,1960,2870,5290,18950,800,500,2000,1,4,7,3,14,13,2,6,11,10,9,5,8,12,0,0,0,0,0.424,2.4,
20250727,4,9,2,5,23,1800,1,13,390,170,340,440,2920,5150,12300,49370,930,1030,3230,5,8,4,1,12,10,9,3,2,13,7,11,6,0,0,0,0,0,0.238,4.6,
20250727,4,8,2,10,23,1200,1,15,250,130,300,300,2180,4340,7810,39320,890,720,1610,1,3,5,8,2,14,4,12,9,10,11,7,13,6,15,0,0,0,0.296,2.5,
20250727,4,6,2,10,12,1600,1,11,320,170,320,330,1510,2660,3870,15710,490,570,1130,1,5,7,2,4,9,3,6,10,8,0,0,0,0,0,0,0,0,0.410,3.2,
20250727,4,7,2,999,12,1600,1,18,440,170,570,220,3620,5940,12750,39780,2000,600,2610,2,9,16,5,1,11,4,13,7,6,12,2,15,14,10,8,17,18,0.139,5.4,
20250727,4,5,1,703,23,1200,1,15,200,120,560,840,3720,4780,28650,76190,1310,1360,13380,1,7,3,8,12,9,4,14,5,11,6,2,13,10,15,0,0,0,0.321,2.0,
20250802,1,8,2,5,24,1700,1,11,160,110,150,180,650,830,1560,4100,270,350,540,1,3,2,11,4,10,8,5,9,6,7,0,0,0,0,0,0,0,0.328,1.6,
20250802,1,2,1,703,24,1000,1,12,780,210,120,160,910,2380,1490,8420,390,740,250,2,5,7,3,10,11,6,8,1,4,12,9,0,0,0,0,0,0,0.277,2.3,
20250802,7,12,1,703,11,1200,1,16,1820,420,160,270,3000,9260,9530,75620,1010,2600,660,4,2,9,8,7,6,5,3,1,16,12,13,14,11,10,15,0,0,0.179,4.0,
20250802,7,10,2,5,23,1400,1,13,420,160,130,570,680,1690,5240,25040,290,2760,1040,2,1,9,10,3,4,11,5,6,12,8,7,13,0,0,0,0,0,0.237,2.8,
20250802,7,9,2,5,23,1800,1,10,340,140,160,210,690,1330,1300,6450,330,410,530,2,3,4,8,6,1,9,10,5,7,0,0,0,0,0,0,0,0,0.239,3.4,
20250802,7,8,2,10,23,1200,1,14,180,110,210,300,740,1180,3350,7970,360,570,1190,1,6,9,2,7,3,13,14,4,8,12,10,5,11,0,0,0,0,0.430,1.8,
20250802,7,7,2,16,11,1400,1,13,580,210,180,210,2110,4700,4540,28950,650,620,730,0,1,4,6,3,10,12,8,2,7,5,11,9,0,0,0,0,0,0.429,0.0,
20250802,7,6,2,10,23,1800,1,12,810,260,240,330,2660,5520,8080,44570,800,1110,1140,8,3,1,2,10,9,6,7,11,4,12,5,0,0,0,0,0,0,0.305,1.8,
20250802,7,5,1,703,23,1400,1,16,360,140,120,910,490,960,8410,35890,220,2910,2490,2,15,1,8,5,11,4,7,9,6,14,10,16,13,12,3,0,0,0.208,2.0,
20250802,7,4,1,703,11,2000,1,14,300,150,200,130,2270,2800,1590,11070,610,240,400,10,3,1,5,2,11,6,9,13,4,14,8,7,12,0,0,0,0,0.275,3.6,
20250802,7,3,1,703,23,1800,1,16,1840,290,160,110,3870,10160,1530,20780,940,510,210,3,2,7,8,5,6,16,11,1,10,15,12,13,14,4,9,0,0,0.343,1.6,
20250802,1,9,2,5,17,1200,1,10,670,240,240,170,3140,4520,2930,18360,960,450,610,9,6,1,3,2,4,5,10,7,8,0,0,0,0,0,0,0,0,0.246,2.5,
20250802,4,12,1,703,11,2000,1,12,460,230,280,1100,1970,4040,35650,134500,690,4040,4540,5,4,1,6,8,2,3,7,9,10,12,11,0,0,0,0,0,0,0.542,1.9,
20250802,4,8,2,10,23,1800,1,12,400,140,130,160,700,1530,1270,6690,290,360,310,1,2,7,3,12,5,4,8,6,9,10,11,0,0,0,0,0,0,0.331,4.0,
20250802,4,6,2,5,12,1600,1,15,260,150,180,400,630,980,4610,13530,370,1270,1680,13,2,5,1,9,0,3,4,6,7,10,8,11,14,12,0,0,0,0.199,7.6,
20250802,4,5,1,703,23,1200,1,15,7510,920,140,210,12200,36760,14640,233060,3040,5440,400,2,4,5,6,11,3,9,8,12,1,14,15,7,10,13,0,0,0,0.199,2.8,
20250802,4,3,0,703,10,1000,1,12,1150,360,280,290,8120,20420,24410,162830,2220,1600,1060,8,6,7,9,5,1,2,4,11,10,12,3,0,0,0,0,0,0,0.340,2.3,
20250802,4,2,1,703,23,1800,1,15,600,170,160,130,1700,3510,1540,9950,520,330,380,3,1,13,2,5,14,11,4,7,12,15,10,9,6,8,0,0,0,0.301,3.3,
20250802,1,10,2,10,17,1800,1,14,400,130,300,130,2390,3960,2660,18370,810,300,950,3,6,5,1,2,12,8,9,13,4,7,11,10,14,0,0,0,0,0.228,2.4,
20250802,1,11,2,16,17,2000,1,16,4160,790,330,310,20930,44950,62800,491390,5460,3770,1850,13,4,10,2,7,3,5,8,1,6,14,12,15,11,16,8,0,0,0.213,3.1,
20250802,4,11,1,703,12,1600,1,17,830,250,300,130,6370,13630,4470,45330,1770,410,730,3,4,1,9,6,2,17,15,10,16,5,13,8,11,7,12,14,0,0.216,2.7,
20250802,4,10,2,5,23,1800,1,13,200,130,180,720,850,1120,10560,25390,350,1170,3490,1,8,6,7,2,4,11,12,9,3,10,5,13,0,0,0,0,0,0.393,2.0,
20250802,7,11,2,5,11,2000,1,13,410,170,210,230,1940,3000,4940,18390,750,770,790,1,8,13,7,6,2,9,10,3,11,4,12,5,0,0,0,0,0,0.353,4.1,
20250802,4,7,2,16,23,1800,1,15,1910,530,210,240,5010,11610,11530,90370,1810,2020,710,5,13,2,0,1,3,4,9,6,12,10,7,14,8,11,0,0,0,0.308,1.8,
20250802,1,12,2,10,24,1700,1,14,560,220,180,190,2910,6120,4510,32950,910,670,750,1,5,3,11,7,6,4,2,14,9,10,13,12,8,0,0,0,0,0.272,5.6,
20250802,1,3,1,703,24,1700,1,14,270,150,170,450,1230,2400,8380,37850,460,2150,1480,5,14,12,2,6,7,8,13,10,11,1,4,3,9,0,0,0,0,0.115,28.9,
20250802,1,4,1,703,17,2000,1,16,240,120,160,200,740,1540,1660,5680,360,360,600,2,3,1,14,8,4,13,10,16,5,12,6,7,9,15,11,0,0,0.171,4.1,
20250802,1,6,2,5,24,1000,1,7,250,120,110,0,170,390,330,1590,110,200,210,2,3,1,4,7,6,5,0,0,0,0,0,0,0,0,0,0,0,0.398,1.7,
20250802,1,1,0,703,17,1800,1,8,570,120,100,170,280,1130,1050,11090,150,810,500,2,4,3,1,7,6,8,5,0,0,0,0,0,0,0,0,0,0,0.627,1.2,
20250802,1,7,2,5,17,1800,1,10,180,110,170,170,660,860,920,3210,260,270,550,1,3,9,2,6,7,4,5,8,10,0,0,0,0,0,0,0,0,0.499,1.8,
20250803,4,10,2,5,23,1200,1,15,860,280,140,520,1060,2870,8360,39010,540,3300,1270,2,1,11,15,10,12,13,5,4,9,6,3,8,7,14,0,0,0,0.185,2.2,
20250803,4,8,2,5,11,2200,1,11,330,150,560,130,6330,6980,3630,29260,1700,250,1060,3,1,11,5,6,4,7,10,9,2,8,0,0,0,0,0,0,0,0.450,2.2,
20250803,4,7,2,999,10,1000,1,18,460,200,150,440,1200,2330,7110,25830,520,1670,1310,1,12,2,4,9,16,15,6,17,10,7,3,14,13,5,11,18,8,0.217,4.6,
20250803,7,6,2,16,23,1400,1,16,1180,260,320,140,6350,15050,4030,46030,1670,480,740,3,1,4,2,8,16,13,15,11,9,6,7,5,14,12,10,0,0,0.189,2.5,
20250803,4,5,1,703,23,1200,1,15,520,200,500,710,5280,8850,31400,156690,1660,2390,6290,6,9,11,4,12,14,1,10,13,7,2,8,5,3,15,0,0,0,0.196,18.2,
20250803,1,3,1,703,17,2000,1,16,220,120,310,230,2100,3530,6420,21060,860,490,1820,5,1,9,4,2,15,12,3,8,13,14,7,11,6,16,10,0,0,0.201,6.2,
20250803,4,9,1,703,23,1800,1,15,180,110,190,210,780,1030,2030,5930,340,370,1230,1,14,8,9,3,2,7,6,4,5,12,11,13,15,10,0,0,0,0.361,1.8,
20250803,1,2,1,703,24,1700,1,14,710,460,660,440,5600,10340,13970,66430,1220,880,1500,6,2,1,7,10,8,12,4,14,11,5,9,3,13,0,0,0,0,0.321,1.9,
20250803,7,11,2,5,11,2200,1,8,260,130,270,150,2100,2530,1980,9960,590,230,840,1,3,4,5,2,7,6,8,0,0,0,0,0,0,0,0,0,0,0.464,2.6,
20250803,7,12,2,5,11,1400,1,18,960,280,980,200,24850,40750,41870,353260,5790,900,4520,15,3,7,6,5,16,4,1,9,8,14,11,18,10,12,13,2,17,0.104,15.0,
20250803,7,9,1,703,11,2000,1,18,290,140,150,220,730,1410,1940,7280,350,540,490,0,2,4,7,0,3,1,6,0,10,14,9,12,15,5,13,8,11,0.216,0.0,
20250803,7,8,2,10,11,1600,1,8,190,110,130,130,400,520,410,1240,180,170,230,3,1,2,6,5,4,8,7,0,0,0,0,0,0,0,0,0,0,0.320,3.6,
20250803,7,7,2,999,23,1800,1,12,2880,470,170,160,6040,15440,6460,67920,1630,1830,400,3,5,12,2,8,7,11,4,10,1,9,6,0,0,0,0,0,0,0.354,3.0,
20250803,1,10,2,10,17,1200,1,13,390,180,410,220,3410,4700,8720,45030,1100,750,1840,5,8,1,4,6,3,13,12,2,10,9,7,11,0,0,0,0,0,0.208,9.3,
20250803,4,12,2,5,11,1200,1,12,280,150,390,1010,2840,3700,50650,161210,890,3880,12850,5,4,1,7,3,11,10,6,2,12,8,9,0,0,0,0,0,0,0.214,4.7,
20250803,7,5,1,703,11,1600,1,16,350,120,160,120,1420,2420,1040,6390,440,190,310,3,1,4,15,6,2,8,5,10,13,14,7,12,11,9,16,0,0,0.218,2.8,
20250803,1,11,2,999,17,1800,1,14,290,120,150,170,800,1740,1730,6540,350,360,590,1,10,9,2,8,6,3,7,5,14,11,13,4,12,0,0,0,0,0.369,2.9,
20250803,1,9,2,10,24,1000,1,10,1510,550,410,350,9820,18840,22550,149780,2650,2540,1600,10,4,6,5,3,1,9,2,8,7,0,0,0,0,0,0,0,0,0.226,3.3,
20250803,7,4,1,703,23,1900,1,16,400,140,180,130,1650,2630,1720,10720,480,300,430,3,1,2,5,12,9,10,8,15,13,6,4,7,14,16,11,0,0,0.240,3.0,
20250803,7,10,2,5,23,1200,1,16,290,170,310,290,1300,1960,2910,12070,520,530,1190,0,1,4,2,12,10,3,9,14,8,11,15,13,6,7,5,0,0,0.199,6.3,
20250803,4,11,1,703,11,2000,1,14,410,150,300,140,2970,4810,2650,19710,850,250,830,3,4,10,1,2,8,6,11,5,7,9,12,13,14,0,0,0,0,0.409,2.9,
20250803,1,8,2,5,17,2000,1,11,220,140,400,150,2810,4470,4110,20070,1030,280,1390,1,3,10,2,8,4,9,11,7,6,5,0,0,0,0,0,0,0,0.432,2.2,
20250803,1,4,1,703,24,1700,1,14,300,150,340,280,1990,3540,5990,26980,910,640,2050,1,4,6,9,10,3,14,7,13,5,12,8,2,11,0,0,0,0,0.164,3.0,
20250803,1,7,2,5,24,1700,1,12,460,180,340,280,2140,3310,3840,20970,760,530,1120,4,3,1,6,8,9,12,2,7,5,11,10,0,0,0,0,0,0,0.277,4.2,
20250803,1,6,1,703,17,1500,1,14,350,160,1240,350,11320,16060,27980,137680,3480,870,8010,9,7,1,2,6,3,11,10,12,8,4,14,13,5,0,0,0,0,0.141,3.6,
20250809,4,10,2,10,23,1200,1,15,200,150,300,250,1330,1630,3860,10230,620,450,1320,6,1,2,4,3,11,9,5,7,14,8,10,13,15,12,0,0,0,0.207,4.7,
20250809,7,12,2,5,11,1600,1,12,550,190,150,380,980,2290,5130,22710,420,1510,840,2,4,1,6,9,10,8,11,3,12,5,7,0,0,0,0,0,0,0.273,2.9,
20250809,7,10,2,5,23,1400,1,15,490,180,390,370,2290,3970,7400,30780,800,830,1760,6,10,4,1,8,11,2,5,0,14,3,12,7,9,13,0,0,0,0.359,2.1,
20250809,7,9,2,5,23,1800,1,9,170,110,390,240,3120,4530,6980,26850,830,500,2060,1,4,6,5,3,2,7,8,9,0,0,0,0,0,0,0,0,0,0.313,1.7,
20250809,7,8,2,5,11,2000,1,7,310,160,260,0,860,1340,2420,7860,260,490,750,5,1,2,6,7,3,4,0,0,0,0,0,0,0,0,0,0,0,0.265,2.0,
20250809,7,7,2,16,23,1800,1,16,420,150,150,180,1120,2280,1900,8530,430,490,450,2,1,15,3,7,9,4,16,14,5,11,8,6,10,12,13,0,0,0.253,4.0,
20250809,7,6,2,10,11,1400,1,11,530,240,500,590,5640,8340,30730,117430,1760,1980,4220,8,5,10,2,9,6,1,3,7,11,4,0,0,0,0,0,0,0,0.321,4.3,
20250809,7,5,1,703,23,1200,1,16,440,170,180,350,1030,2160,3560,13280,370,870,1180,1,11,4,12,2,9,5,13,3,8,6,7,15,16,14,10,0,0,0.197,4.4,
20250809,7,3,0,703,11,1200,1,12,5370,530,310,130,19770,62600,15360,253300,5060,1450,600,3,9,10,2,4,1,8,5,6,7,11,12,0,0,0,0,0,0,0.302,2.3,
20250809,7,2,1,703,23,1800,1,15,760,320,400,1250,4500,8550,50540,183730,1410,3650,4650,4,5,14,7,1,3,2,13,15,9,6,8,10,12,11,0,0,0,0.260,1.8,
20250809,4,12,1,703,11,1400,1,18,1270,320,170,330,2260,5720,7410,43960,1020,1970,960,2,8,18,6,3,12,16,17,9,1,5,13,10,7,15,4,14,11,0.249,3.5,
20250809,4,11,1,703,10,1000,1,18,730,220,170,160,4080,5100,4300,31950,1570,550,520,3,5,12,2,6,8,9,16,1,10,11,18,7,4,15,17,14,13,0.248,3.9,
20250809,1,1,0,703,17,1500,2,12,1110,210,110,250,1050,3370,2390,26210,400,1580,290,2,9,3,1,7,10,12,5,4,6,11,8,0,0,0,0,0,0,0.365,1.4,
20250809,4,9,2,5,23,1800,1,14,570,180,140,360,600,1490,3540,16180,310,1580,850,2,1,7,10,5,11,3,6,12,13,8,14,9,4,0,0,0,0,0.375,2.2,
20250809,4,8,0,999,11,1400,1,9,510,170,140,130,1350,3120,1480,11440,520,410,320,1,4,7,2,8,9,3,5,6,0,0,0,0,0,0,0,0,0,0.409,5.1,
20250809,4,7,2,999,12,1800,1,13,340,170,890,420,14140,18320,50280,203000,2680,1240,7280,1,9,12,10,8,3,7,5,2,11,4,13,6,0,0,0,0,0,0.238,3.4,
20250809,4,5,2,5,23,1200,1,15,810,240,280,230,3320,6160,6780,48790,1030,790,1250,8,13,1,11,12,2,3,7,6,4,10,5,9,15,14,0,0,0,0.210,17.2,
20250809,4,4,1,703,23,1800,1,15,160,110,130,1130,340,440,13260,28580,190,3270,5860,1,2,9,5,12,13,10,14,4,7,3,6,15,8,11,0,0,0,0.386,1.6,
20250809,1,12,2,5,17,1500,1,11,160,110,110,330,280,400,1610,3510,170,700,650,1,6,2,11,3,10,7,9,4,8,5,0,0,0,0,0,0,0,0.244,1.6,
20250809,1,11,2,999,24,1700,2,14,890,240,130,580,1060,2940,10620,60680,480,3560,1570,2,14,12,8,4,3,6,7,1,5,11,10,13,9,0,0,0,0,0.353,2.6,
20250809,1,10,2,10,17,2000,2,11,130,110,150,180,560,800,1090,2980,260,310,620,1,3,6,2,4,0,7,8,9,5,10,0,0,0,0,0,0,0,0.330,1.3,
20250809,1,6,1,703,17,2000,2,15,340,180,770,470,4270,5500,33560,111660,1390,1320,7660,4,1,8,11,7,3,9,6,2,5,10,12,15,13,14,0,0,0,0.224,2.4,
20250809,1,3,1,703,17,1200,2,16,320,180,250,580,1140,2070,9040,29580,490,1620,3300,1,9,14,12,2,6,4,15,7,13,3,11,8,5,0,10,0,0,0.258,3.2,
20250809,1,2,1,703,24,1700,3,14,160,110,270,170,1090,1440,2560,8210,330,310,1170,1,7,3,4,8,12,6,14,2,10,13,11,9,5,0,0,0,0,0.357,1.6,
20250809,1,9,2,5,17,1800,2,10,140,110,110,110,250,300,330,880,130,170,240,1,2,4,3,5,9,8,10,6,7,0,0,0,0,0,0,0,0,0.428,1.4,
20250809,1,4,1,703,24,1700,3,14,790,230,130,240,1040,3100,3710,24170,520,1320,650,2,1,3,12,13,4,11,10,7,8,14,9,6,5,0,0,0,0,0.248,2.8,
20250809,1,7,2,5,24,1000,3,12,280,130,180,180,960,2480,3260,13810,400,350,850,4,1,3,2,5,6,11,9,7,10,8,12,0,0,0,0,0,0,0.301,3.5,
20250809,1,8,2,5,24,1700,3,11,280,160,600,340,5340,7850,19920,88740,1590,660,4170,6,1,8,11,7,5,4,10,2,3,9,0,0,0,0,0,0,0,0.261,3.3,
20250809,4,2,0,703,11,2000,1,10,150,110,320,410,2040,2460,7630,21410,660,590,3970,1,8,5,0,2,7,3,6,4,9,0,0,0,0,0,0,0,0,0.385,1.5,
20250809,4,6,2,10,12,1800,1,16,1420,310,230,1720,3300,10250,54450,312440,1060,5620,5330,4,11,9,5,16,12,7,13,10,1,6,2,3,8,14,15,0,0,0.235,2.7,
20250809,7,11,1,703,11,1400,1,18,910,290,410,390,6030,10770,18760,104120,1780,1520,2380,7,6,10,2,3,15,1,8,5,12,17,9,14,11,16,4,13,18,0.152,3.7,
20250810,1,8,2,5,24,1700,2,9,340,140,140,330,700,1380,3700,12070,280,830,1020,2,8,5,1,9,4,3,7,6,0,0,0,0,0,0,0,0,0,0.307,4.1,
20250810,7,2,1,703,23,1800,1,15,310,150,290,190,1220,2590,2360,11060,620,450,900,5,8,12,1,3,15,7,11,9,4,13,2,10,6,14,0,0,0,0.235,5.1,
20250810,7,3,0,703,11,1600,1,12,140,110,160,140,640,770,1080,2810,240,210,560,4,1,3,5,8,2,12,9,6,10,11,7,0,0,0,0,0,0,0.322,17.2,
20250810,4,10,2,5,23,1800,4,15,680,270,670,640,6880,11440,26060,128150,1900,1360,5360,6,13,10,8,1,15,7,4,12,9,11,2,3,14,5,0,0,0,0.186,1.9,
20250810,7,6,2,10,11,2000,1,9,180,110,270,360,1260,1650,5890,16500,480,770,2240,2,4,6,1,9,8,3,7,5,0,0,0,0,0,0,0,0,0,0.239,14.8,
20250810,1,7,2,5,17,1200,1,15,380,180,310,220,2270,3520,5570,22390,980,610,1360,3,1,8,14,5,2,9,7,10,15,13,4,6,12,11,0,0,0,0.154,8.1,
20250810,1,4,1,703,24,1700,2,14,310,140,140,170,560,1040,1280,4760,250,480,450,1,3,4,2,8,7,14,13,10,5,12,6,9,11,0,0,0,0,0.160,3.1,
20250810,1,6,1,703,17,2600,1,14,440,160,140,190,950,1830,1890,11280,390,500,550,2,4,8,7,10,1,9,3,6,5,12,14,13,11,0,0,0,0,0.276,3.8,
20250810,1,9,2,5,17,2000,1,9,140,110,240,300,540,760,2370,5210,350,510,1270,1,7,6,5,2,3,4,9,8,0,0,0,0,0,0,0,0,0,0.593,1.4,
20250810,4,1,0,703,11,1400,2,18,520,210,290,310,2810,5290,7510,35590,920,1110,1330,9,3,2,15,1,6,4,12,10,14,7,8,5,16,11,18,13,17,0.160,2.5,
20250810,1,3,1,703,17,2000,1,16,520,190,260,130,2360,3470,2050,12060,720,330,570,3,1,2,9,10,8,15,6,7,14,5,16,4,12,13,11,0,0,0.197,2.8,
20250810,1,2,1,703,24,1000,2,12,3010,580,150,200,3860,9790,4810,46090,1400,2360,340,5,2,9,12,10,4,3,6,11,1,8,7,0,0,0,0,0,0,0.300,3.7,
20250810,4,4,1,703,23,1800,2,14,1010,250,290,140,6060,11780,2930,31170,1460,380,610,3,5,11,14,4,7,13,6,1,9,2,12,8,10,0,0,0,0,0.290,2.4,
20250810,4,5,1,703,12,1800,2,18,350,150,220,190,970,1830,2570,9690,390,430,990,1,2,3,5,4,10,7,15,6,17,11,16,9,12,14,13,18,8,0.173,3.5,
20250810,4,6,2,16,12,1800,3,14,300,180,480,330,8250,9720,24280,116010,2250,990,4970,1,10,5,3,12,9,6,7,8,2,4,13,11,14,0,0,0,0,0.174,3.0,
20250810,4,8,2,10,10,1000,3,18,190,120,150,150,530,670,800,2420,250,270,370,2,3,5,10,1,14,17,16,15,18,9,4,8,6,13,12,7,11,0.206,4.8,
20250810,4,9,1,703,23,1200,4,14,480,180,240,340,3290,5280,10480,43410,860,1280,1640,14,9,4,6,1,3,13,11,2,5,12,8,7,10,0,0,0,0,0.220,5.5,
20250810,4,11,2,5,12,2000,3,14,790,200,180,160,2250,4810,2550,21280,740,470,570,2,3,9,1,11,12,8,14,5,10,7,4,6,13,0,0,0,0,0.217,6.0,
20250810,4,12,2,5,11,1400,3,18,550,240,330,320,3700,6560,12330,64390,1580,1240,2430,2,4,9,5,6,13,14,10,1,3,8,18,11,16,12,7,15,17,0.169,6.3,
20250810,1,10,2,10,17,1500,1,14,490,220,580,260,10540,16380,10850,83120,2600,640,1860,1,11,3,4,9,7,14,6,5,10,2,8,12,13,0,0,0,0,0.265,4.9,
20250810,7,9,1,703,11,2000,1,14,390,160,150,180,860,1350,1780,6080,380,510,490,1,2,12,3,7,6,10,14,13,9,4,8,5,11,0,0,0,0,0.232,3.9,
20250810,7,7,2,999,11,1200,1,18,1390,360,160,410,2090,5120,15520,96460,990,5300,1310,16,6,12,2,5,10,13,14,1,3,0,4,8,15,17,11,7,9,0.189,25.7,
20250810,4,7,1,999,23,1800,4,15,890,360,840,820,13320,19930,100940,448110,3600,4170,9710,10,12,15,2,14,7,6,4,3,5,13,1,11,8,9,0,0,0,0.137,5.5,
20250810,7,8,2,10,23,1800,1,12,270,140,180,280,560,890,2210,6040,290,590,1130,7,1,2,3,5,4,8,12,11,6,10,9,0,0,0,0,0,0,0.190,5.6,
20250810,7,10,2,5,23,1900,1,13,1560,380,180,730,1990,5600,18310,98080,730,5250,2730,9,10,2,8,6,4,7,1,5,3,12,13,11,0,0,0,0,0,0.204,12.7,
20250810,7,11,1,703,11,1600,1,16,830,250,2010,220,34590,54460,35300,277180,7110,740,5430,5,3,4,7,1,0,10,11,6,13,12,8,2,9,14,15,0,0,0.175,7.0,
20250810,7,12,2,5,11,1400,1,15,1490,380,160,190,2410,6580,3720,29140,980,1240,390,2,1,3,4,5,8,6,12,9,14,11,10,6,15,13,0,0,0,0.278,3.0,
20250810,1,12,2,10,24,1700,1,14,160,120,260,200,1550,1930,4790,14980,670,430,1350,1,2,6,14,13,10,11,9,4,3,12,7,5,8,0,0,0,0,0.281,1.6,
20250810,1,11,2,999,17,1200,1,16,670,320,990,880,11930,16090,139320,442640,3940,4630,11310,1,6,12,9,2,14,11,4,13,15,16,3,5,10,7,8,0,0,0.196,6.7,
20250816,1,2,1,703,24,1700,1,14,1640,480,170,190,3220,7480,5780,41020,1200,1820,410,2,8,4,3,9,14,13,1,7,5,12,10,6,11,0,0,0,0,0.238,4.5,
20250816,1,1,0,703,17,1800,1,7,230,120,130,0,250,480,180,860,120,130,150,1,2,3,4,6,7,5,0,0,0,0,0,0,0,0,0,0,0,0.557,2.3,
20250816,1,3,1,703,24,1000,1,12,440,160,110,270,680,1470,2900,11690,320,1090,500,2,7,1,5,3,6,11,4,8,9,12,10,0,0,0,0,0,0,0.214,2.1,
20250816,1,4,1,703,17,1500,1,14,310,140,330,170,3170,4830,4270,22610,790,400,1080,3,14,10,1,2,8,5,7,12,11,4,6,9,13,0,0,0,0,0.264,6.0,
20250816,1,8,2,5,24,1700,1,14,200,130,640,420,2390,3180,10640,32060,900,690,3600,8,1,3,11,4,0,5,7,2,9,12,6,10,13,0,0,0,0,0.212,6.8,
20250816,1,10,2,10,17,1200,1,13,520,220,460,220,4430,6300,9580,54460,1330,1010,1410,5,4,11,1,8,3,12,2,6,9,10,7,13,0,0,0,0,0,0.212,7.7,
20250816,1,11,2,16,24,1700,1,14,1360,480,440,400,8550,16290,36850,217140,2710,2520,2830,11,10,3,4,6,1,13,2,12,5,8,7,9,14,0,0,0,0,0.319,3.1,
20250816,1,12,2,5,17,1800,1,12,460,230,210,330,2030,2970,6270,25390,690,790,1170,5,1,4,2,11,3,6,10,12,8,9,7,0,0,0,0,0,0,0.236,3.8,
20250816,4,1,0,703,12,1800,1,13,150,110,490,240,2530,3220,6810,20300,820,610,3300,1,6,4,3,5,11,12,2,13,10,9,7,8,0,0,0,0,0,0.444,1.5,
20250816,4,3,1,703,23,1800,2,14,430,200,370,4070,2880,4540,156320,408370,900,10620,21120,5,1,6,7,13,10,2,0,4,8,11,3,9,12,0,0,0,0,0.217,5.0,
20250816,4,6,2,5,12,1800,1,12,220,110,110,230,300,500,840,2350,150,420,360,1,2,8,11,5,0,9,3,4,6,7,10,0,0,0,0,0,0,0.371,2.2,
20250816,4,7,2,16,23,1200,1,15,510,170,130,160,1140,2840,2010,11380,450,550,320,7,3,1,6,2,9,5,14,11,4,8,12,10,13,15,0,0,0,0.171,7.3,
20250816,4,8,2,10,23,1800,1,13,160,110,230,320,1360,1540,4390,10520,490,660,1580,1,6,2,9,8,4,5,12,3,7,10,13,11,0,0,0,0,0,0.306,1.6,
20250816,7,3,1,703,11,2200,1,18,1450,410,160,270,2320,6850,4770,34750,820,1390,540,5,7,2,3,8,10,15,13,4,1,9,16,6,12,14,18,17,11,0.304,2.4,
20250816,7,4,1,703,23,1800,1,16,300,130,120,170,400,860,890,3240,200,360,420,2,1,5,3,11,9,14,15,7,0,4,13,8,12,6,10,0,0,0.197,2.4,
20250816,7,5,1,703,23,1400,1,16,1160,320,460,210,10000,21660,23080,160810,2220,1210,1710,11,3,1,7,4,8,6,2,10,15,14,13,5,9,12,16,0,0,0.276,3.8,
20250816,7,7,2,16,11,2000,1,9,960,240,120,300,1050,2570,4150,24450,490,1650,660,2,8,1,7,6,3,5,4,9,0,0,0,0,0,0,0,0,0,0.326,2.1,
20250816,7,8,2,10,11,2000,1,8,380,120,100,160,250,690,860,4550,150,630,270,2,4,1,6,8,7,3,5,0,0,0,0,0,0,0,0,0,0,0.524,1.4,
20250816,7,9,2,5,23,1200,1,16,340,130,120,230,460,1030,1830,6740,220,630,580,1,2,11,14,4,8,5,3,6,10,7,9,12,15,13,16,0,0,0.304,3.4,
20250816,7,10,2,5,23,1800,1,8,280,120,110,130,690,1670,790,4810,240,230,250,4,2,3,6,1,5,8,7,0,0,0,0,0,0,0,0,0,0,0.193,7.6,
20250816,7,11,1,703,11,1400,1,17,350,150,390,150,4720,7960,5780,44500,1370,330,1100,1,3,6,11,16,2,14,15,5,8,10,4,9,7,13,17,12,0,0.194,3.5,
20250816,7,12,2,5,11,1600,1,10,380,140,120,150,500,1000,930,4040,240,380,290,1,2,3,9,7,8,4,6,5,10,0,0,0,0,0,0,0,0,0.196,3.8,
20250816,1,6,1,703,24,1700,1,14,460,160,170,250,1050,2180,2640,13080,440,650,810,4,2,1,3,11,5,12,8,6,13,9,7,14,10,0,0,0,0,0.228,2.7,
20250816,1,7,2,5,17,2600,1,9,3480,380,130,130,3780,11760,2780,39070,920,770,220,2,9,3,4,6,1,8,7,5,0,0,0,0,0,0,0,0,0,0.411,3.2,
20250816,1,9,0,999,17,1800,1,8,160,100,160,100,880,1170,370,2280,270,120,280,3,1,4,5,2,8,6,7,0,0,0,0,0,0,0,0,0,0,0.285,2.6,
20250816,4,2,1,703,11,2400,1,18,300,140,400,150,3130,4310,4380,27450,1160,330,1370,3,1,5,12,10,17,11,2,9,13,8,15,6,7,14,16,4,18,0.212,3.4,
20250816,4,11,2,5,10,1000,1,18,840,280,540,170,10820,18470,12010,87580,3290,720,1700,1,5,3,2,16,18,9,8,6,4,15,17,13,10,7,14,11,12,0.254,8.4,
20250816,4,12,1,703,11,2000,1,17,1690,400,310,800,6010,16250,51730,378880,1650,4590,3780,10,17,8,2,5,4,9,11,1,6,12,15,7,13,3,16,14,0,0.258,1.9,
20250816,7,6,2,10,11,1200,1,13,170,110,150,220,430,570,1490,3390,230,410,850,1,2,11,4,7,3,6,10,8,5,12,13,9,0,0,0,0,0,0.528,1.7,
20250817,1,8,2,5,24,1700,2,13,280,130,160,220,720,1250,1860,6060,310,460,680,4,3,1,2,6,12,9,8,5,10,13,7,11,0,0,0,0,0,0.205,3.3,
20250817,7,1,0,703,11,2000,1,7,110,100,120,0,120,130,270,400,100,190,280,2,1,7,3,4,5,6,0,0,0,0,0,0,0,0,0,0,0,0.453,5.3,
20250817,7,4,1,703,11,2000,1,13,2370,460,570,370,21320,47490,70370,627710,4720,2700,3460,7,6,10,2,3,8,5,4,11,13,9,12,1,0,0,0,0,0,0.242,2.4,
20250817,7,5,1,703,23,1800,1,16,3760,770,1100,320,49730,96030,106740,647820,8210,3510,3960,12,6,8,3,4,9,15,14,16,7,10,13,2,1,5,11,0,0,0.169,3.5,
20250817,1,3,1,703,17,2000,1,16,510,160,150,120,1150,2630,1210,9000,390,330,260,3,1,7,2,0,5,4,9,13,6,10,8,12,15,14,11,0,0,0.233,2.5,
20250817,1,7,2,5,17,1500,2,14,340,150,210,250,1330,2300,3420,13870,540,710,950,2,3,5,1,11,4,10,9,12,8,13,14,7,6,0,0,0,0,0.158,7.2,
20250817,4,8,2,10,11,2200,1,9,150,110,120,360,270,390,1930,3870,170,700,1150,1,2,4,6,8,7,3,9,5,0,0,0,0,0,0,0,0,0,0.463,1.5,
20250817,7,10,2,5,23,1400,1,16,300,160,220,310,1640,2810,7840,29400,630,1130,2090,1,7,2,9,13,10,5,4,8,12,3,16,6,14,11,15,0,0,0.410,3.0,
20250817,1,1,0,703,17,1200,1,10,890,290,170,220,880,1880,1200,8090,340,460,300,4,2,1,3,6,5,8,7,10,9,0,0,0,0,0,0,0,0,0.428,1.9,
20250817,1,6,2,5,24,1000,2,12,1270,190,110,220,690,2090,1630,14820,300,1070,330,2,1,11,10,6,3,8,4,9,5,7,12,0,0,0,0,0,0,0.498,1.4,
20250817,4,12,1,703,11,1200,1,18,2130,440,140,270,2980,7880,7680,63880,980,2090,640,3,2,8,5,9,10,17,1,12,15,6,13,18,11,7,4,16,14,0.233,9.5,
20250817,1,10,2,10,24,1000,2,11,370,170,150,310,1160,2200,3000,12000,470,760,790,1,11,6,2,4,5,10,3,8,7,9,0,0,0,0,0,0,0,0.256,3.7,
20250817,1,2,1,703,24,2400,1,12,360,150,220,170,1630,2390,2420,13050,490,410,590,3,5,1,11,2,10,4,8,12,9,7,6,0,0,0,0,0,0,0.243,4.8,
20250817,1,4,1,703,24,1700,1,14,520,170,150,310,810,1990,3810,23290,380,1330,970,2,8,5,7,14,1,3,10,4,9,6,12,11,13,0,0,0,0,0.374,2.8,
20250817,4,10,2,5,23,1800,1,10,250,120,110,230,240,510,910,2810,160,410,490,2,0,1,0,3,4,8,6,7,5,0,0,0,0,0,0,0,0,0.386,1.8,
20250817,4,11,2,5,11,2400,1,11,270,140,190,510,780,1260,4650,16360,350,940,1700,1,2,5,7,9,4,6,3,10,11,8,0,0,0,0,0,0,0,0.205,2.7,
20250817,1,9,2,5,17,1200,2,16,730,280,660,200,10260,12340,14170,78020,2660,730,2000,10,13,5,3,1,11,16,12,4,8,6,2,14,7,15,9,0,0,0.186,3.4,
20250817,7,9,1,703,23,1200,1,16,1060,280,160,180,1780,4740,2210,18610,620,780,330,3,2,7,8,4,6,11,9,1,10,12,5,14,16,13,15,0,0,0.273,5.2,
20250817,7,6,2,10,23,1400,1,16,4000,760,290,170,17070,39410,27640,328510,4350,2890,940,8,7,3,6,9,2,4,15,5,11,12,1,13,14,10,16,0,0,0.185,5.7,
20250817,7,7,2,999,11,1600,1,12,870,340,830,1110,11300,20110,90630,367690,3040,4320,10170,4,8,1,9,7,5,10,3,6,2,11,12,0,0,0,0,0,0,0.341,3.8,
20250817,7,11,1,703,11,1600,1,15,350,130,110,180,310,660,700,2860,170,430,330,2,1,4,3,13,8,10,6,5,11,9,12,14,15,7,0,0,0,0.281,2.2,
20250817,7,12,2,5,11,1200,1,18,680,220,330,250,3020,6650,6460,38160,970,790,840,7,1,10,4,8,17,2,6,15,11,5,3,18,13,14,16,12,9,0.268,3.2,
20250817,4,7,2,999,23,1200,1,15,370,160,770,410,8660,13580,47350,294590,2360,1100,7900,7,5,11,1,10,12,8,6,15,3,2,4,9,13,14,0,0,0,0.258,8.1,
20250817,4,6,2,16,10,1000,1,11,220,120,210,280,910,1420,2790,8390,380,430,1460,10,9,5,8,6,1,7,3,2,4,11,0,0,0,0,0,0,0,0.215,3.9,
20250817,1,11,2,999,17,2000,2,16,2560,530,260,1970,7140,20750,193350,1307650,1740,21700,9690,7,10,15,2,4,6,5,9,7,12,11,14,3,16,13,1,0,0,0.135,3.7,
20250817,4,9,2,5,23,1200,1,15,510,170,110,1130,630,1450,11350,49600,350,5620,2440,1,2,8,9,6,4,14,3,13,11,10,12,5,7,15,0,0,0,0.240,5.1,
20250817,4,5,1,703,23,1200,1,15,210,110,850,130,7550,9570,6060,42790,2060,200,2620,3,1,10,5,2,15,13,7,4,12,8,14,9,6,11,0,0,0,0.308,3.0,
20250817,4,3,0,703,12,1600,1,11,120,110,140,260,410,450,1570,3840,200,470,1180,1,11,4,2,3,6,5,8,7,10,9,0,0,0,0,0,0,0,0.221,1.2,
20250817,4,2,1,703,23,1800,1,15,320,150,240,2000,1300,2140,27440,103530,570,4610,8440,1,4,2,13,9,6,8,7,14,5,3,15,11,10,12,0,0,0,0.303,3.2,
20250817,1,12,2,10,17,2600,2,14,310,150,600,320,3310,5290,12110,49930,1020,680,3260,1,11,3,6,7,5,10,13,2,4,9,8,14,12,0,0,0,0,0.273,3.1,
20250823,7,8,2,5,11,2000,1,8,420,130,110,190,360,860,1320,6200,180,620,440,1,2,4,3,5,7,6,8,0,0,0,0,0,0,0,0,0,0,0.290,4.2,
20250823,7,10,2,10,11,1600,1,13,390,160,170,570,1030,1830,7100,24690,490,1960,1740,2,7,1,8,11,4,12,3,9,5,6,10,13,0,0,0,0,0,0.220,4.6,
20250823,7,11,2,16,23,1400,1,16,940,320,480,320,9380,15990,28690,173930,3450,1480,2810,4,5,8,1,2,9,6,13,3,16,11,14,15,10,12,7,0,0,0.297,2.5,
20250823,7,12,2,5,23,1800,1,7,170,110,420,0,1140,1610,2580,11630,450,400,1420,1,5,3,7,4,2,6,0,0,0,0,0,0,0,0,0,0,0,0.408,1.7,
20250823,1,3,1,703,17,2000,2,16,490,190,190,600,1230,1960,6680,31310,500,1490,1260,0,8,6,2,10,1,5,3,0,9,13,7,4,12,14,11,0,0,0.203,3.7,
20250823,1,9,0,999,17,1500,1,9,660,210,670,1910,10100,15440,75830,348530,2020,4970,8170,4,6,1,7,3,2,8,5,9,0,0,0,0,0,0,0,0,0,0.256,2.3,
20250823,4,4,1,703,12,1800,1,16,230,110,110,190,200,430,630,2100,130,430,380,2,1,5,4,3,13,8,6,7,9,14,11,10,15,12,16,0,0,0.312,1.9,
20250823,4,7,2,5,12,1800,1,11,1770,330,130,170,2410,5660,2890,26100,770,930,260,2,3,4,1,9,11,6,7,10,8,5,0,0,0,0,0,0,0,0.254,2.8,
20250823,4,8,2,5,23,1800,1,11,270,130,170,130,750,1080,1080,3610,310,250,350,1,6,3,2,4,5,7,10,8,0,9,0,0,0,0,0,0,0,0.283,2.7,
20250823,4,9,2,10,23,1200,1,15,4990,1850,410,230,25540,46670,44350,507130,5430,5210,950,5,3,8,7,6,2,15,13,9,12,4,10,14,1,11,0,0,0,0.277,1.7,
20250823,4,10,2,10,11,1400,1,17,3220,820,320,370,15220,34030,54960,419360,4070,3860,1950,17,9,5,12,15,8,13,16,2,4,6,1,7,3,10,11,14,0,0.205,12.2,
20250823,4,11,2,999,23,1800,1,12,340,150,270,170,2820,4250,2810,16490,970,290,710,3,1,5,6,2,4,9,8,12,7,10,11,0,0,0,0,0,0,0.343,4.1,
20250823,4,12,2,5,12,1600,1,12,270,190,170,290,870,930,2220,6010,350,810,640,11,1,5,3,1,4,6,10,7,12,9,8,0,0,0,0,0,0,0.268,8.7,
20250823,7,2,1,703,23,1800,1,16,2720,950,1320,670,38710,79970,122240,818630,8310,4450,5030,12,13,10,1,6,16,14,5,3,8,9,4,2,11,15,7,0,0,0.316,1.7,
20250823,7,4,1,703,11,1200,1,18,560,250,560,390,4410,8230,11590,57930,1860,1270,1720,9,5,7,1,2,3,4,12,11,8,6,10,13,17,14,15,18,16,0.179,10.8,
20250823,7,3,0,703,11,1400,1,9,320,140,150,140,900,1430,710,4330,320,210,210,2,4,3,1,9,8,7,6,5,0,0,0,0,0,0,0,0,0,0.247,4.7,
20250823,4,3,1,703,12,1600,1,18,750,230,140,170,1730,3540,2750,15700,700,1020,380,3,2,5,13,8,1,17,10,4,18,7,9,6,12,15,14,16,11,0.220,5.2,
20250823,1,1,0,703,17,1800,2,8,110,100,200,360,620,680,2670,5290,280,620,1950,1,2,8,4,6,5,3,7,0,0,0,0,0,0,0,0,0,0,0.479,1.1,
20250823,1,2,1,703,24,1000,3,12,890,230,250,210,2850,5750,5810,38840,1030,770,950,8,11,6,1,2,5,3,4,12,10,7,9,0,0,0,0,0,0,0.295,2.4,
20250823,1,4,1,703,24,1700,3,14,800,240,310,180,4540,7000,4540,32420,1350,470,900,3,9,1,13,14,10,6,2,4,8,7,5,11,12,0,0,0,0,0.205,3.7,
20250823,1,6,2,5,17,1800,2,14,510,160,450,130,4610,7230,5150,36650,1150,300,1190,3,7,8,1,5,6,4,2,0,10,12,11,9,13,0,0,0,0,0.235,2.6,
20250823,1,7,2,5,17,1500,2,14,220,110,860,2370,6560,9270,115030,405710,1420,4790,33520,5,1,4,3,10,7,8,11,14,6,13,2,9,12,0,0,0,0,0.442,2.8,
20250823,1,8,2,5,24,2400,2,9,2170,360,150,140,2480,7740,3240,37200,830,870,330,2,4,3,5,7,6,1,9,8,0,0,0,0,0,0,0,0,0,0.315,2.4,
20250823,1,10,2,10,17,1200,1,14,780,180,330,130,9450,15650,4930,51630,2020,380,710,3,11,5,4,1,12,8,13,6,2,10,14,7,9,0,0,0,0,0.290,1.8,
20250823,1,11,2,16,17,2000,1,14,2080,480,180,480,4170,9680,14130,87200,1410,3480,1170,1,3,6,2,4,9,8,11,10,14,12,7,5,13,0,0,0,0,0.263,20.8,
20250823,1,12,2,5,24,1700,2,7,250,150,220,0,690,1230,390,2440,200,130,220,3,1,2,5,6,0,4,0,0,0,0,0,0,0,0,0,0,0,0.290,2.3,
20250823,4,2,1,703,23,1800,1,14,1900,580,470,570,13560,28530,50520,326220,4210,3470,2760,13,2,1,10,8,4,12,7,5,9,3,11,6,14,0,0,0,0,0.179,11.0,
20250823,4,6,1,703,23,1200,1,15,430,170,170,220,1000,2030,2220,8480,400,510,580,4,10,2,1,13,3,15,6,9,5,8,12,7,11,14,0,0,0,0.226,5.5,
20250824,7,12,2,5,23,1400,1,14,790,190,540,130,8230,17250,5510,59020,1990,320,1300,3,13,5,4,9,10,12,2,7,1,11,8,6,14,0,0,0,0,0.335,2.0,
20250824,7,11,2,16,11,1200,1,9,270,130,220,330,780,1190,5460,16800,350,980,1830,2,1,8,4,5,3,6,7,9,0,0,0,0,0,0,0,0,0,0.326,7.9,
20250824,1,11,2,999,17,1200,1,16,550,230,250,220,2870,4670,5780,30510,1170,690,1050,1,7,5,9,3,11,4,2,12,10,14,6,13,15,8,16,0,0,0.214,5.5,
20250824,7,9,2,5,11,1400,1,14,190,110,150,150,630,900,1500,3630,300,290,660,1,4,3,5,12,8,9,2,6,10,14,7,11,13,0,0,0,0,0.521,1.9,
20250824,7,8,1,703,11,2000,1,15,700,250,220,550,1820,4640,15070,64440,520,1580,2300,4,9,2,14,12,11,7,6,1,3,5,13,10,8,15,0,0,0,0.311,1.7,
20250824,7,7,2,5,23,1800,1,7,1030,220,110,0,440,1480,700,6660,180,430,160,2,3,1,6,4,5,7,0,0,0,0,0,0,0,0,0,0,0,0.446,1.4,
20250824,7,6,1,703,11,1400,1,17,370,170,170,990,790,1500,10480,45770,360,3800,2740,1,12,2,8,9,5,17,13,7,3,14,4,6,16,11,15,10,0,0.218,3.7,
20250824,7,4,1,703,23,1400,1,16,14780,2170,170,210,38130,93700,57790,793860,7790,8720,490,12,3,2,10,5,11,9,1,15,4,6,7,8,13,16,14,0,0,0.228,3.4,
20250824,7,3,0,703,11,1600,1,8,740,180,110,150,1010,2520,1080,9120,340,400,230,7,2,1,3,8,4,5,6,0,0,0,0,0,0,0,0,0,0,0.211,41.0,
20250824,4,12,2,5,23,1200,1,15,660,220,190,290,1510,3100,4410,21550,580,1060,760,8,1,2,3,7,6,5,9,4,15,14,11,10,12,13,0,0,0,0.255,3.5,
20250824,4,9,2,16,12,1600,1,18,340,190,280,330,1520,2430,4990,18890,700,710,1640,1,8,3,6,15,7,18,2,10,17,5,4,11,13,9,14,12,16,0.181,3.4,
20250824,4,8,2,5,23,1800,1,10,380,160,220,190,1630,2820,3870,17920,640,800,800,2,4,9,3,5,1,6,7,8,10,0,0,0,0,0,0,0,0,0.260,6.6,
20250824,4,7,2,5,10,1000,1,18,290,170,250,1520,1110,1880,30250,81700,500,3400,11380,4,10,1,5,8,13,9,11,2,16,12,15,14,6,3,7,17,18,0.183,4.6,
20250824,4,4,1,703,23,1200,1,15,530,180,190,240,1340,2680,3120,16150,520,640,760,7,4,2,3,1,5,8,0,10,11,13,9,14,12,6,0,0,0,0.183,3.0,
20250824,4,2,1,703,23,1800,1,15,430,140,120,210,540,1310,1030,6260,260,480,430,1,2,7,15,3,10,4,11,5,6,13,12,8,14,9,0,0,0,0.272,4.3,
20250824,4,1,0,703,12,1600,1,7,1340,970,740,0,2220,4330,3460,20500,360,680,440,1,4,2,5,6,3,7,0,0,0,0,0,0,0,0,0,0,0,0.412,13.4,
20250824,1,12,2,10,17,1800,1,14,970,310,430,270,6190,13420,16510,130990,1910,1650,1870,7,4,1,6,14,2,3,5,9,12,13,10,8,11,0,0,0,0,0.225,12.7,
20250824,1,10,2,10,24,1700,1,14,370,160,250,410,1760,3080,7180,27650,660,960,1580,1,4,6,7,2,5,10,14,13,3,12,8,9,11,0,0,0,0,0.435,3.7,
20250824,4,11,0,999,12,1600,1,10,230,120,230,150,1650,2260,2040,10290,500,260,700,1,6,10,8,4,3,5,2,7,9,0,0,0,0,0,0,0,0,0.340,2.3,
20250824,1,9,2,5,17,2000,1,13,2070,390,130,130,3070,8520,3410,35420,1080,970,240,11,3,2,5,6,4,10,9,7,1,12,13,8,0,0,0,0,0,0.357,7.0,
20250824,4,3,1,703,11,2000,1,17,370,170,300,170,3070,4370,4970,22370,910,380,1390,1,3,8,9,12,15,4,2,6,7,10,5,14,11,17,16,13,0,0.232,3.7,
20250824,1,7,2,5,24,1000,1,11,810,130,120,110,1840,4500,770,9780,420,190,200,3,1,6,5,2,8,11,4,10,7,9,0,0,0,0,0,0,0,0.321,1.5,
20250824,7,10,2,10,23,1800,1,16,1080,250,260,150,5150,10350,4880,52770,1430,570,640,6,3,2,5,1,4,10,7,9,8,12,16,14,15,11,13,0,0,0.335,4.2,
20250824,1,8,2,5,24,1700,1,11,540,170,120,270,850,2320,3210,16520,350,840,770,2,8,6,4,1,5,3,7,10,11,9,0,0,0,0,0,0,0,0.196,2.6,
20250824,7,2,1,703,23,1900,1,16,610,280,2190,300,43180,79700,69070,555410,9410,930,10040,5,3,4,11,6,16,9,14,1,13,12,7,2,10,15,8,0,0,0.423,2.1,
20250824,1,1,0,703,24,1700,1,14,1310,390,1670,170,76820,164510,86190,1054700,11320,1070,6220,3,6,4,10,13,12,7,1,2,5,8,14,9,11,0,0,0,0,0.208,5.1,
20250824,4,10,2,999,11,1400,1,13,920,270,500,160,10520,13970,9430,87390,2640,540,1430,3,4,13,11,8,5,1,6,7,8,2,10,12,0,0,0,0,0,0.194,3.5,
20250824,1,6,1,703,17,1200,1,16,930,230,200,150,3780,8110,3540,29710,970,520,530,4,1,3,8,2,11,5,7,14,13,9,12,16,10,6,15,0,0,0.124,7.2,
20250824,1,3,1,703,24,1700,1,14,240,120,140,190,500,870,1250,3770,240,350,560,2,5,1,3,6,10,13,14,7,8,4,11,9,12,0,0,0,0,0.244,4.3,
20250830,7,2,0,703,23,1800,1,14,1000,200,190,130,2300,5770,1710,16520,730,370,360,3,4,1,2,10,8,9,12,6,11,14,7,13,5,0,0,0,0,0.409,2.1,
20250830,7,1,0,703,11,2000,1,12,430,140,150,110,1620,2620,1100,7610,490,250,260,3,2,4,11,5,6,1,10,9,7,8,12,0,0,0,0,0,0,0.351,2.0,
20250830,4,8,2,5,23,1800,1,10,260,110,150,210,480,870,1240,3870,260,400,600,2,6,1,8,3,5,7,9,4,10,0,0,0,0,0,0,0,0,0.469,3.9,
20250830,1,1,0,703,17,1500,2,8,350,110,110,140,330,800,670,2800,160,350,250,1,6,2,5,8,3,4,7,0,0,0,0,0,0,0,0,0,0,0.290,3.5,
20250830,1,2,0,703,17,1800,2,7,190,110,110,0,160,360,360,1200,110,270,250,3,5,2,1,7,6,4,0,0,0,0,0,0,0,0,0,0,0,0.476,15.5,
20250830,1,3,1,703,24,1700,3,14,480,160,110,340,590,1630,2690,19880,320,1470,600,2,3,6,7,1,13,4,9,5,8,12,14,10,11,0,0,0,0,0.292,1.7,
20250830,1,4,1,703,17,1500,2,14,200,110,250,180,1400,1810,2020,8440,540,280,800,3,1,8,2,14,6,12,7,5,9,11,4,10,13,0,0,0,0,0.278,5.4,
20250830,1,6,1,703,17,2000,2,16,10830,3450,1260,700,186050,360930,679690,5395300,44860,14250,11250,4,12,16,11,15,8,3,2,14,9,1,6,10,5,7,13,0,0,0.285,2.9,
20250830,1,7,2,5,24,1000,3,12,260,130,320,250,2760,3570,6710,24060,870,630,2170,6,1,4,5,2,9,7,8,3,12,10,11,0,0,0,0,0,0,0.273,6.6,
20250830,1,8,2,5,24,1700,3,11,200,110,130,530,410,650,2850,9220,200,800,1530,1,7,8,4,11,5,2,10,3,9,6,0,0,0,0,0,0,0,0.543,2.0,
20250830,4,2,0,703,23,1800,1,15,420,160,120,690,530,1170,8600,33120,270,3300,1920,2,6,5,10,12,9,3,15,1,14,4,7,8,11,13,0,0,0,0.240,2.0,
20250830,1,11,2,10,17,2000,2,14,230,120,140,250,500,890,2730,7790,230,640,1100,1,14,5,2,3,12,8,4,6,11,7,13,10,9,0,0,0,0,0.351,2.3,
20250830,1,12,2,5,17,1200,2,16,1800,530,410,290,13100,24570,26510,201970,3580,2050,1170,9,3,2,5,6,4,7,1,8,13,0,12,14,11,15,10,0,0,0.197,8.6,
20250830,4,3,0,703,12,1800,1,11,450,180,190,530,600,1310,8830,26650,300,1670,1850,7,4,1,8,2,6,3,10,9,5,11,0,0,0,0,0,0,0,0.375,2.9,
20250830,4,4,1,703,23,1800,1,15,1610,340,280,120,8570,16950,3520,37220,2160,420,370,3,5,2,6,1,7,11,4,13,9,12,10,8,15,14,0,0,0,0.383,2.0,
20250830,4,6,1,703,12,1800,1,18,760,280,1260,500,14230,26770,80240,416760,4330,1620,9130,10,9,4,13,5,16,7,18,1,12,3,11,6,8,2,14,17,15,0.217,3.8,
20250830,4,9,2,5,11,1400,1,18,1920,390,220,140,8650,21440,5280,74240,2540,810,460,3,4,18,2,8,7,1,11,9,13,10,16,6,12,17,5,14,15,0.205,2.5,
20250830,4,7,1,703,11,1400,1,18,360,180,250,700,1340,2330,10820,40290,580,1930,2860,1,11,9,4,5,2,7,8,10,15,3,13,14,0,6,17,16,12,0.231,3.6,
20250830,4,10,2,10,12,1800,1,13,340,140,220,120,2110,3360,1650,10680,650,230,540,3,1,11,2,5,7,4,13,8,6,10,9,12,0,0,0,0,0,0.327,2.4,
20250830,4,11,2,16,11,2200,1,16,140,110,290,410,1160,1440,6960,17220,500,780,3010,1,8,11,12,6,2,10,15,14,3,7,5,13,4,16,9,0,0,0.515,1.4,
20250830,4,12,2,5,23,1200,1,15,780,180,110,190,870,2370,1940,14120,360,640,350,7,2,3,9,15,4,1,5,11,12,14,8,13,10,6,0,0,0,0.201,9.6,
20250830,7,3,1,703,11,2200,1,15,1340,290,130,160,2100,5760,3040,29570,690,1280,310,2,3,6,5,1,7,4,10,15,12,11,8,13,9,14,0,0,0,0.183,2.8,
20250830,7,4,1,703,23,1800,1,16,1300,260,120,280,1370,4540,4220,35470,630,2010,510,2,4,5,3,0,10,1,14,9,7,6,11,8,15,12,13,0,0,0.194,2.4,
20250830,1,10,2,10,24,1700,3,14,240,130,140,150,500,800,950,2870,260,350,370,1,2,3,5,9,4,12,10,6,11,8,13,14,7,0,0,0,0,0.215,2.4,
20250830,1,9,0,999,17,1200,2,13,1130,310,130,220,1690,4050,4340,26450,700,1450,380,3,2,6,7,11,13,1,4,9,12,5,10,8,0,0,0,0,0,0.144,5.9,
20250830,7,12,2,5,23,1400,1,12,2230,360,150,130,5550,11490,2890,35550,1390,910,240,2,3,4,8,1,5,10,6,7,12,11,9,0,0,0,0,0,0,0.205,3.9,
20250830,7,11,2,999,23,1800,1,16,340,170,300,370,2250,3410,12740,52520,950,1230,2820,8,2,7,6,14,9,1,10,5,4,3,11,15,16,13,12,0,0,0.120,8.9,
20250830,7,10,2,10,11,1400,1,11,1310,410,250,1110,3260,7080,56090,285000,1100,8030,4090,4,5,10,2,1,9,7,11,6,3,8,0,0,0,0,0,0,0,0.524,3.4,
20250830,7,9,2,10,23,1200,1,16,1650,360,160,150,2670,8830,2970,35790,1080,790,330,2,3,13,15,16,4,5,6,9,8,12,10,7,1,14,11,0,0,0.422,2.8,
20250830,7,7,2,5,23,1800,1,10,140,110,120,120,390,530,440,1290,160,160,300,1,3,2,4,7,8,6,9,10,5,0,0,0,0,0,0,0,0,0.461,1.4,
20250830,7,6,1,703,11,1600,1,16,260,170,1180,550,5980,7780,33390,104800,2580,1400,9570,1,16,4,6,12,5,8,3,2,7,11,9,10,13,15,14,0,0,0.272,2.6,
20250830,7,8,2,5,11,2000,1,8,240,110,110,180,340,680,840,2800,170,320,390,1,5,6,2,3,4,8,7,0,0,0,0,0,0,0,0,0,0,0.421,2.4,
20250831,7,7,2,5,23,1800,1,13,220,110,140,250,480,720,1540,5920,250,480,900,2,1,7,4,3,11,5,6,8,12,9,13,10,0,0,0,0,0,0.264,3.3,
20250831,7,9,2,10,11,2200,1,8,230,110,120,110,490,810,270,1670,170,140,210,3,1,2,4,5,7,8,6,0,0,0,0,0,0,0,0,0,0,0.399,2.2,
20250831,7,10,2,16,23,1900,1,16,380,170,140,330,650,1480,3360,12670,350,1320,660,1,2,9,13,3,14,11,16,5,4,6,7,12,8,10,15,0,0,0.357,3.8,
20250831,7,11,0,999,11,1400,1,13,1320,260,110,180,960,3260,2720,24580,390,1430,370,1,13,2,4,8,11,7,3,6,5,10,12,9,0,0,0,0,0,0.183,13.2,
20250831,7,12,2,5,23,1200,1,14,550,170,160,120,940,1810,890,4220,360,290,270,0,3,2,4,12,7,1,5,10,8,9,0,6,11,0,0,0,0,0.360,0.0,
20250831,4,11,2,999,12,2000,1,17,340,140,150,330,580,1170,3550,12010,280,700,1310,1,6,2,9,12,0,11,5,4,13,3,7,8,15,10,14,16,0,0.316,3.4,
20250831,1,1,0,703,17,1200,2,10,140,100,140,140,450,520,880,2200,200,200,570,1,3,7,2,10,6,9,5,8,4,0,0,0,0,0,0,0,0,0.318,1.4,
20250831,7,1,0,703,11,1400,1,13,300,110,270,110,3130,4710,1630,14580,710,200,780,7,3,1,6,12,13,2,9,5,4,10,11,8,0,0,0,0,0,0.311,6.3,
20250831,7,3,1,703,11,2000,1,18,3270,730,400,2980,14380,31890,446620,2728670,4590,22270,15670,7,0,5,1,4,6,12,17,2,10,13,16,14,11,9,3,15,8,0.166,4.5,
20250831,1,4,1,703,17,2000,2,16,670,180,120,420,660,1750,3530,22860,270,2450,860,2,1,13,12,9,11,10,16,4,5,14,8,3,6,7,15,0,0,0.242,1.9,
20250831,7,8,2,5,11,1600,1,16,170,120,370,210,1430,1710,2490,9500,600,280,1950,1,3,5,2,14,13,6,4,12,7,8,15,11,9,10,16,0,0,0.346,1.7,
20250831,7,4,1,703,23,1400,1,16,260,140,850,190,5880,8270,8430,44960,2070,350,4370,1,3,5,7,9,15,2,8,12,6,4,11,10,14,16,13,0,0,0.272,2.6,
20250831,1,9,2,5,17,2600,2,14,1650,380,160,220,2260,4950,7120,56900,830,1520,810,4,2,10,1,5,13,12,3,9,7,8,11,6,14,0,0,0,0,0.249,5.2,
20250831,7,2,1,703,23,1800,1,16,430,150,150,140,1260,2460,1250,7300,440,310,340,3,1,2,15,7,5,12,11,16,4,13,6,14,9,10,8,0,0,0.162,3.1,
20250831,1,6,1,703,24,1700,2,14,180,110,260,590,1160,1560,8770,27610,460,1250,3640,1,6,9,2,8,4,14,3,11,13,12,7,10,5,0,0,0,0,0.368,1.8,
20250831,1,7,2,5,17,1800,2,13,230,110,130,590,320,700,2270,8830,200,1020,970,1,2,7,10,11,6,4,12,8,5,3,9,13,0,0,0,0,0,0.354,2.3,
20250831,1,8,2,5,24,1700,2,13,720,170,160,140,1390,3430,1310,9580,490,320,280,3,1,2,5,8,12,10,6,13,11,7,4,9,0,0,0,0,0,0.281,3.6,
20250831,1,2,1,703,24,1700,2,14,420,160,500,150,4990,8550,5850,32500,1620,310,1500,11,3,1,9,4,10,13,6,12,0,5,8,7,2,0,0,0,0,0.255,6.2,
20250831,1,11,2,16,17,1500,2,13,770,220,260,150,4900,9650,4370,48710,1280,410,580,3,4,2,10,7,1,9,13,6,11,5,8,12,0,0,0,0,0,0.263,2.8,
20250831,4,2,1,703,23,1800,1,15,460,210,1450,560,22710,32560,114730,511560,5820,1820,16900,4,5,12,1,6,3,7,14,13,9,8,10,2,0,11,0,0,0,0.296,2.5,
20250831,1,12,2,5,24,1700,2,12,440,150,150,150,1030,2060,1110,6850,350,300,360,1,8,2,6,3,5,10,4,7,12,11,9,0,0,0,0,0,0,0.343,4.4,
20250831,4,3,0,703,11,1400,1,18,420,220,1340,1250,13700,21530,113430,469150,3770,2910,17660,5,1,6,7,9,10,12,2,3,16,8,11,15,13,18,4,14,17,0.310,3.7,
20250831,4,4,1,703,11,2200,1,18,280,160,850,230,6220,7810,11230,48560,2350,520,3940,1,4,3,16,9,11,5,15,12,10,6,7,14,2,17,8,13,18,0.546,2.8,
20250831,4,7,1,703,23,1200,1,15,810,200,130,120,990,2670,600,5160,320,360,200,2,1,3,6,5,4,7,14,8,9,10,12,15,13,11,0,0,0,0.298,2.7,
20250831,1,10,2,10,17,1200,2,16,500,210,210,1140,1940,3610,25460,96390,770,4130,6050,2,1,5,4,6,16,8,10,13,11,12,7,3,14,9,15,0,0,0.293,5.3,
20250831,4,8,2,5,12,2000,1,9,680,120,100,100,520,1480,280,3770,170,240,120,2,3,6,4,1,7,8,9,5,0,0,0,0,0,0,0,0,0,0.614,1.7,
20250831,4,9,2,5,11,2200,1,12,190,110,130,190,310,460,940,2400,170,400,480,2,1,7,6,3,0,10,11,5,9,8,4,0,0,0,0,0,0,0.399,3.2,
20250831,4,12,2,10,10,1000,1,12,390,170,220,570,1300,2470,8890,35320,520,1370,2330,5,4,1,2,8,9,3,7,11,12,10,6,0,0,0,0,0,0,0.432,3.7,
20250831,4,10,2,10,23,1800,1,11,590,150,110,120,520,1230,350,2910,210,240,150,2,3,1,6,10,8,11,4,5,9,7,0,0,0,0,0,0,0,0.362,1.8,
20250831,1,3,1,703,24,1000,2,12,570,150,430,110,7610,14660,3850,37950,1490,180,960,3,11,12,1,5,9,4,7,8,2,6,10,0,0,0,0,0,0,0.271,2.0,
20250906,9,9,2,10,24,1800,2,9,160,110,190,190,610,900,1290,3830,300,270,860,4,3,1,5,2,7,8,9,6,0,0,0,0,0,0,0,0,0,0.349,5.8,
20250906,9,10,2,16,18,1800,1,12,530,160,210,170,1820,3580,3340,20630,680,510,740,12,11,3,2,1,8,4,9,7,6,5,10,0,0,0,0,0,0,0.252,4.6,
20250906,6,11,2,999,18,1600,1,16,8950,1670,600,250,51340,107070,88130,934100,11450,6480,2170,11,13,3,7,5,4,9,14,8,6,1,10,2,16,15,12,0,0,0.350,2.8,
20250906,6,9,2,5,17,1800,1,11,510,150,110,180,360,1000,1330,6950,180,670,330,2,1,5,9,7,10,8,4,11,3,6,0,0,0,0,0,0,0,0.365,1.6,
20250906,1,11,0,999,17,1800,1,12,340,170,590,170,4640,6300,6410,32110,1370,460,1580,12,1,7,6,3,4,9,5,8,2,11,10,0,0,0,0,0,0,0.220,22.9,
20250906,1,7,2,5,17,1500,1,14,280,130,950,200,4850,11700,13880,83790,3120,560,3680,8,4,5,3,1,9,7,11,12,10,14,6,13,2,0,0,0,0,0.159,22.0,
20250906,1,6,1,703,24,1700,1,14,970,320,250,340,3660,7440,13880,74190,1210,1970,940,5,4,2,8,13,9,3,1,6,11,10,7,14,12,0,0,0,0,0.334,2.3,
20250906,1,4,1,703,17,2000,1,16,1530,400,170,170,3220,7310,5370,48570,1120,1470,400,4,3,2,5,15,11,16,10,7,13,6,1,8,14,12,9,0,0,0.236,3.7,
20250906,9,11,2,999,24,1400,2,14,170,110,180,160,750,970,900,3140,310,240,570,1,13,3,2,9,12,11,8,4,10,6,14,7,5,0,0,0,0,0.225,1.7,
20250906,9,8,2,5,17,2000,1,9,200,110,130,120,450,660,490,1700,190,190,260,1,2,7,3,4,9,8,6,5,0,0,0,0,0,0,0,0,0,0.314,2.0,
20250906,9,7,2,5,18,1600,1,13,260,120,160,270,690,1100,2600,8950,290,530,1060,1,6,4,3,7,2,13,5,8,10,11,12,9,0,0,0,0,0,0.231,2.6,
20250906,9,4,1,703,18,1600,1,18,1150,340,410,560,4780,11050,28720,169080,1770,2670,3540,9,4,6,10,1,17,5,2,8,15,3,13,12,11,16,14,7,18,0.277,3.5,
20250906,9,3,1,703,24,1800,3,16,520,170,180,150,2000,3340,2200,12700,670,340,510,7,3,1,2,16,13,15,6,4,12,8,5,10,14,9,11,0,0,0.242,3.0,
20250906,6,12,2,5,24,1200,2,16,300,150,620,230,6980,11420,12860,61630,2410,500,2320,1,9,3,4,2,5,7,11,12,6,14,8,9,15,13,16,0,0,0.274,3.0,
20250906,6,10,2,10,17,2000,1,8,300,110,110,140,200,520,420,1830,130,270,250,2,0,1,4,6,5,3,7,0,0,0,0,0,0,0,0,0,0,0.321,1.8,
20250906,1,1,0,703,24,1700,1,10,240,110,130,190,380,610,730,2490,180,320,510,1,2,4,10,5,9,8,3,6,7,0,0,0,0,0,0,0,0,0.309,2.4,
20250906,1,2,0,703,17,1200,1,11,370,140,420,180,5410,8770,5780,34580,1140,350,1590,3,1,7,4,5,10,6,2,9,8,11,0,0,0,0,0,0,0,0.198,6.3,
20250906,1,3,1,703,24,1000,1,12,540,170,240,130,2120,3900,2020,15800,590,310,550,7,3,5,1,4,10,2,6,9,8,11,12,0,0,0,0,0,0,0.227,3.3,
20250906,6,7,1,703,17,2000,1,18,750,280,280,570,3440,6940,16320,77510,1150,1350,2690,8,1,5,11,13,14,2,9,16,4,3,12,15,6,10,17,18,7,0.304,2.9,
20250906,6,3,0,703,24,1800,3,9,180,110,110,120,330,500,350,1050,150,170,240,1,9,6,5,8,4,2,3,7,0,0,0,0,0,0,0,0,0,0.296,1.8,
20250906,6,4,1,703,24,1800,3,16,1890,370,250,230,4510,9230,9410,69150,1360,1370,760,0,5,8,3,2,15,10,11,4,1,6,14,13,7,9,12,0,0,0.215,0.0,
20250906,1,8,2,5,24,1700,1,14,530,190,210,130,2580,4060,3180,18320,910,360,580,6,3,5,4,10,1,9,14,2,8,7,13,11,12,0,0,0,0,0.195,14.4,
20250906,1,9,2,5,17,2000,1,15,670,220,120,400,840,1960,3050,14140,430,1230,760,3,1,2,4,0,11,9,4,8,10,7,6,12,13,14,0,0,0,0.310,14.1,
20250906,1,12,2,5,24,1700,1,14,2070,530,160,150,7710,18220,6730,63360,2090,1190,330,5,3,6,2,13,1,14,4,10,9,11,8,7,12,0,0,0,0,0.297,3.5,
20250906,1,10,2,10,17,1200,1,16,720,280,170,200,2050,4050,3000,17030,870,810,470,5,2,3,16,4,1,12,7,14,13,6,10,8,9,15,11,0,0,0.192,4.5,
20250906,6,2,0,703,18,1600,1,12,790,310,180,2180,1370,3250,35810,146750,540,8420,4510,8,11,2,1,10,4,9,3,6,5,7,12,0,0,0,0,0,0,0.378,2.0,
20250906,9,12,2,5,24,1400,2,13,440,290,340,1220,1620,3240,16210,86560,490,3010,2160,5,8,2,1,9,7,12,6,4,13,11,3,10,0,0,0,0,0,0.399,1.7,
20250906,6,8,2,5,24,1800,2,7,310,120,110,0,150,430,700,2250,110,450,390,2,1,4,5,3,6,7,0,0,0,0,0,0,0,0,0,0,0,0.583,1.5,
20250907,1,4,1,703,17,1200,2,16,1400,340,200,190,4060,9960,7750,64560,1320,1120,800,2,3,13,4,6,1,16,15,7,14,8,5,10,12,11,9,0,0,0.139,5.0,
20250907,1,5,1,703,24,1700,2,14,600,220,110,300,800,1700,2890,14110,390,1080,490,2,6,9,1,3,4,10,5,14,13,7,12,11,8,0,0,0,0,0.342,2.1,
20250907,1,6,2,5,24,1000,2,12,510,140,130,150,630,1350,1550,6320,250,530,410,1,2,4,11,10,8,3,7,5,6,9,12,0,0,0,0,0,0,0.251,5.1,
20250907,1,8,2,5,17,1200,2,16,260,130,230,160,1370,2120,2030,9810,500,310,980,1,3,9,14,6,15,13,5,2,7,12,10,4,16,11,8,0,0,0.187,2.6,
20250907,6,12,2,5,18,1200,1,16,900,290,1180,650,22070,38240,95160,552310,5490,2650,10900,12,5,1,11,9,8,6,2,3,4,15,14,13,10,7,16,0,0,0.337,2.8,
20250907,1,2,0,703,17,2000,2,10,280,110,140,110,1120,1770,490,4400,300,130,280,3,1,5,9,4,6,8,2,10,7,0,0,0,0,0,0,0,0,0.300,1.9,
20250907,1,10,2,10,17,1800,2,14,1020,300,260,370,4180,9890,15670,98740,1230,1500,1570,6,2,7,5,4,9,1,8,3,12,14,11,13,10,0,0,0,0,0.312,2.1,
20250907,1,12,2,5,24,1700,2,14,1160,310,210,1820,1740,5090,22040,114540,640,6280,3690,5,11,4,12,1,10,2,6,9,7,8,3,13,14,0,0,0,0,0.285,2.5,
20250907,6,2,1,703,18,1600,1,16,260,130,180,1660,840,1410,27910,80680,410,5930,9880,1,11,6,5,9,8,12,14,15,2,10,7,13,4,16,3,0,0,0.251,2.6,
20250907,6,4,0,703,17,2000,1,10,300,110,110,120,290,770,320,1980,150,190,190,2,1,3,6,4,8,10,7,5,9,0,0,0,0,0,0,0,0,0.379,1.9,
20250907,6,7,1,703,24,1200,1,16,190,120,270,230,1520,2370,3070,13780,650,310,1610,1,7,4,6,3,12,14,11,8,2,9,5,10,16,13,15,0,0,0.260,1.9,
20250907,6,8,2,5,24,1800,1,15,820,170,110,430,520,1960,3160,22250,270,2030,760,2,1,4,6,12,7,11,3,5,9,8,13,10,15,14,0,0,0,0.440,1.6,
20250907,6,9,2,10,24,1200,1,16,460,140,130,190,710,1510,1300,8630,280,470,480,2,1,13,9,4,3,14,16,12,6,7,11,5,10,8,15,0,0,0.365,3.0,
20250907,1,9,2,10,24,1700,2,14,780,240,190,2480,1670,3480,44180,258650,660,8700,8400,4,9,2,14,11,6,8,1,13,10,12,5,3,7,0,0,0,0,0.149,4.0,
20250907,9,6,2,5,24,1400,1,15,710,330,230,720,2970,5670,26940,86780,1350,3940,3150,14,2,8,4,12,13,10,1,6,3,5,9,7,15,11,0,0,0,0.228,5.7,
20250907,9,7,2,5,24,1800,1,9,1210,220,110,240,1130,3230,2880,22310,400,1480,420,4,2,5,3,1,9,8,7,6,0,0,0,0,0,0,0,0,0,0.313,2.8,
20250907,9,9,2,5,17,1200,1,13,580,180,160,110,2040,3650,1580,13130,610,360,300,3,1,8,10,7,4,5,2,11,6,12,9,13,0,0,0,0,0,0.231,2.2,
20250907,9,11,2,999,17,1200,1,16,1940,370,120,130,3010,7830,2120,24560,870,900,200,3,2,9,1,7,4,11,16,6,10,13,5,8,14,12,15,0,0,0.162,2.5,
20250907,9,12,2,10,24,1400,1,12,750,270,380,340,7530,11790,21260,125160,1980,1650,2870,2,7,9,3,1,8,11,10,4,6,12,5,0,0,0,0,0,0,0.192,18.8,
20250907,6,11,1,999,17,2000,1,13,2490,440,200,230,5970,14840,14260,141040,1720,2320,800,2,8,5,3,7,10,0,6,1,12,9,11,4,0,0,0,0,0,0.272,4.8,
20250907,1,3,1,703,24,1700,2,14,340,140,190,1180,740,1420,17220,58280,300,3100,4950,8,9,1,5,11,4,10,12,2,7,13,6,3,14,0,0,0,0,0.201,9.4,
20250907,1,7,2,5,17,1800,2,13,1270,310,510,190,8420,16810,12490,101920,2150,790,1840,6,7,8,12,3,1,11,10,2,9,4,5,13,0,0,0,0,0,0.278,3.8,
20250907,1,11,2,999,17,2600,2,12,1670,420,140,330,2560,6980,9160,68930,1070,2570,820,1,5,9,2,10,7,12,6,4,3,8,11,0,0,0,0,0,0,0.234,16.7,
20250907,6,10,2,16,18,1200,1,13,500,140,110,380,420,1160,3070,17300,200,1360,610,1,2,0,6,3,7,5,4,12,11,10,8,9,0,0,0,0,0,0.291,5.0,
20250907,9,10,2,16,24,1200,1,12,130,110,120,160,340,400,640,1450,150,240,440,1,2,12,6,3,7,11,5,4,9,8,10,0,0,0,0,0,0,0.522,1.3,
20250907,9,2,0,703,18,1600,1,7,250,120,110,0,140,350,340,1380,110,280,230,2,1,6,4,5,3,7,0,0,0,0,0,0,0,0,0,0,0,0.365,1.4,
20250907,9,3,1,703,24,1400,1,16,490,250,220,240,2040,3270,7130,28140,860,900,1360,5,7,6,2,8,15,10,1,11,4,14,13,3,9,12,16,0,0,0.198,7.1,
20250907,9,4,1,703,17,2000,1,16,830,240,130,170,1330,3020,2260,13370,530,1030,300,3,2,14,16,1,7,5,6,4,12,15,8,11,10,13,9,0,0,0.185,4.6,
20250907,1,1,0,703,17,1500,2,8,140,100,140,110,600,830,430,1960,190,130,330,1,2,3,7,5,8,4,6,0,0,0,0,0,0,0,0,0,0,0.357,1.4,
20250913,9,9,2,5,17,1400,1,18,240,130,190,580,750,1180,5690,18450,350,1320,2280,1,17,2,5,4,14,9,13,7,3,8,16,6,12,10,18,11,15,0.253,2.4,
20250913,6,12,2,5,17,2000,2,16,230,140,170,850,620,910,8670,25100,310,1690,3140,1,4,12,2,7,9,14,10,3,6,11,8,13,5,16,15,0,0,0.320,2.3,
20250913,6,11,2,16,24,1200,3,10,400,170,140,310,550,990,1600,6360,270,670,550,2,10,7,1,8,4,3,6,5,9,0,0,0,0,0,0,0,0,0.254,3.4,
20250913,6,10,2,10,18,1200,2,11,610,200,160,210,1760,3380,2650,16780,580,520,660,8,10,1,3,2,5,4,6,9,7,11,0,0,0,0,0,0,0,0.287,5.2,
20250913,6,9,2,10,24,2400,4,11,320,190,290,210,2460,3670,4020,17650,830,430,950,5,11,3,1,4,8,2,6,7,9,10,0,0,0,0,0,0,0,0.285,3.5,
20250913,6,8,2,5,24,1200,4,16,320,140,120,1190,400,840,8010,22970,200,2970,2600,1,2,7,13,10,9,4,5,8,0,11,6,3,14,15,12,0,0,0.348,3.2,
20250913,9,4,1,703,24,1800,1,16,720,240,440,320,4010,6680,9340,48000,1190,1020,1920,14,5,1,3,11,8,15,13,6,4,9,2,12,10,16,7,0,0,0.199,4.8,
20250913,6,3,1,703,24,1200,4,16,530,240,430,150,6400,9720,8230,48280,2330,680,1230,3,2,5,4,7,6,9,14,1,16,11,8,10,13,15,12,0,0,0.155,3.7,
20250913,6,2,0,703,18,1600,2,11,1410,440,410,330,11090,19620,34950,186060,2620,2170,2140,8,3,4,11,7,5,1,2,6,9,10,0,0,0,0,0,0,0,0.360,3.9,
20250913,9,7,1,703,18,1800,1,18,1080,360,440,500,10250,18370,55750,268510,3140,2720,4170,6,13,11,8,7,2,9,3,1,10,4,15,12,16,17,14,5,18,0.172,9.4,
20250913,9,12,2,5,24,1800,1,14,700,190,120,150,820,2250,1220,8980,340,610,230,2,3,7,4,1,6,5,9,11,8,12,14,10,13,0,0,0,0,0.284,1.8,
20250913,9,10,2,10,24,1800,1,9,680,180,140,140,1390,3260,1770,13700,450,460,340,1,3,5,6,9,4,2,8,7,0,0,0,0,0,0,0,0,0,0.189,6.8,
20250913,9,2,0,703,24,1200,1,8,140,110,110,470,190,290,1600,3110,120,770,940,2,1,7,6,5,4,8,3,0,0,0,0,0,0,0,0,0,0,0.251,3.9,
20250913,6,7,1,703,24,1800,4,16,180,120,390,310,1550,1940,5900,16620,620,630,2700,1,7,3,11,13,5,12,9,14,10,4,6,2,8,16,15,0,0,0.225,1.8,
20250913,9,11,2,999,17,2000,1,15,470,180,140,270,910,1830,3050,12720,430,810,760,1,3,2,4,8,6,5,14,9,7,13,10,12,11,15,0,0,0,0.180,4.7,
20250914,9,11,1,999,18,1800,1,18,290,140,500,840,3500,5640,29720,121090,1220,1880,8260,1,13,8,11,5,2,10,9,4,16,3,12,0,14,7,6,17,15,0.187,2.9,
20250914,9,9,2,10,17,2000,1,9,2510,160,110,100,3000,8800,420,17640,370,230,140,3,2,9,4,1,8,6,5,7,0,0,0,0,0,0,0,0,0,0.545,1.1,
20250914,6,7,1,703,17,2000,1,18,350,170,190,410,1090,1600,3450,11280,530,990,1160,1,4,6,2,14,3,5,9,11,17,15,12,13,10,8,16,7,18,0.203,3.5,
20250914,9,7,2,5,18,1600,1,14,310,160,360,650,1980,3140,12250,38430,810,1270,3520,1,4,10,5,7,2,13,3,9,11,6,8,12,14,0,0,0,0,0.270,3.1,
20250914,9,8,2,5,24,2000,1,13,170,110,130,390,230,340,1510,3410,160,820,790,2,1,6,5,3,13,4,9,11,8,10,12,7,0,0,0,0,0,0.363,3.3,
20250914,9,10,2,16,18,1600,1,11,240,130,190,260,770,1200,2090,6820,310,500,900,3,6,7,10,1,2,5,0,8,9,4,0,0,0,0,0,0,0,0.330,11.3,
20250914,6,10,2,16,17,2000,1,14,1190,340,150,720,1430,4250,24350,146430,720,4820,2020,2,6,10,9,1,13,4,8,7,12,5,14,11,3,0,0,0,0,0.330,2.6,
20250914,6,4,0,703,24,1800,2,11,560,610,710,2540,2780,4230,26860,93560,770,2330,4320,4,2,3,11,8,9,5,1,7,6,10,0,0,0,0,0,0,0,0.290,1.4,
20250914,6,6,1,703,24,1800,2,16,4330,720,200,1060,9590,29050,117620,828840,2730,13060,3610,6,8,7,2,5,13,1,12,4,14,15,3,9,11,10,16,0,0,0.165,5.3,
20250914,6,2,0,703,18,1200,1,16,230,130,350,1550,1900,2520,26600,78370,680,2970,11700,1,5,6,7,2,10,3,9,14,11,8,4,13,15,16,12,0,0,0.281,2.3,
20250914,6,11,2,999,24,1200,2,16,1310,520,1820,430,48060,94120,271600,1467150,13920,3570,14050,4,15,6,10,11,16,1,13,5,14,8,9,7,2,3,12,0,0,0.231,3.0,
20250914,6,12,2,5,18,1600,1,16,290,170,250,650,1360,2010,9660,29510,580,1320,3070,13,1,2,8,10,15,6,7,4,3,11,14,9,16,5,12,0,0,0.280,3.0,
20250914,9,2,0,703,17,1400,1,10,440,170,140,330,640,1400,2790,11010,340,930,880,2,6,1,10,8,7,3,4,5,9,0,0,0,0,0,0,0,0,0.190,3.1,
20250914,9,4,1,703,24,1200,1,16,770,250,320,180,5710,9640,7200,55020,1530,760,880,11,6,5,4,3,2,13,10,12,9,15,1,0,14,7,8,0,0,0.209,3.8,
20250914,9,12,2,5,24,1200,1,16,180,120,570,610,3880,4660,23310,77780,1260,1350,8850,1,6,15,10,16,5,13,14,7,3,8,12,2,11,9,4,0,0,0.512,1.8,
20250914,6,9,2,10,18,1600,1,8,1620,260,410,160,8790,21410,10210,112600,1760,560,1070,4,2,6,3,8,5,1,7,0,0,0,0,0,0,0,0,0,0,0.209,2.6,
20250914,6,8,2,5,24,1800,2,16,660,260,230,160,2020,3310,2630,17270,720,640,480,2,10,3,1,11,9,5,4,6,0,8,0,7,12,13,14,0,0,0.137,6.3,
20250915,6,10,2,10,17,1800,1,9,360,120,110,160,250,660,530,2700,150,450,280,2,1,3,7,6,5,4,8,9,0,0,0,0,0,0,0,0,0,0.601,1.5,
20250915,9,12,2,5,24,1400,1,15,580,250,580,350,5970,8960,18740,80590,1790,1340,3330,1,5,9,10,4,7,6,2,14,8,11,13,3,12,15,0,0,0,0.198,5.8,
20250915,9,11,2,16,24,1800,1,14,1110,350,160,130,2780,5220,2790,21080,980,830,330,2,1,3,13,6,12,10,7,9,5,4,11,14,8,0,0,0,0,0.204,4.2,
20250915,9,10,2,10,17,1400,1,9,360,250,780,960,4060,6550,21700,94170,810,1180,4900,4,9,6,1,8,2,7,3,5,0,0,0,0,0,0,0,0,0,0.484,1.9,
20250915,9,8,2,5,18,1800,1,8,260,110,120,110,780,1310,350,2410,240,150,200,3,4,1,2,5,6,8,7,0,0,0,0,0,0,0,0,0,0,0.368,2.2,
20250915,9,7,2,5,24,1800,1,13,330,120,110,130,450,920,380,2170,190,230,220,2,1,9,3,7,11,13,6,10,4,12,5,8,0,0,0,0,0,0.337,2.3,
20250915,9,6,1,703,17,2200,1,18,190,130,360,1220,1410,2180,39080,130330,630,2440,13900,1,12,7,15,2,10,8,5,14,11,17,9,13,4,3,18,16,6,0.236,1.9,
20250915,9,4,1,703,24,1800,1,16,330,140,160,150,1010,1820,2060,9330,370,420,500,5,3,1,9,2,4,10,15,11,8,12,7,6,14,13,16,0,0,0.202,4.3,
20250915,6,12,2,5,24,1200,1,16,200,120,190,530,470,710,3600,10160,280,1000,2210,13,1,5,2,6,8,11,9,4,7,3,16,10,12,14,15,0,0,0.331,5.0,
20250915,6,11,1,999,18,2200,1,12,260,130,420,160,3480,5140,3280,19770,1060,300,1240,4,1,3,12,5,11,2,7,8,6,9,10,0,0,0,0,0,0,0.295,8.2,
20250915,6,8,2,5,17,2500,1,14,780,190,110,550,480,1830,6130,48660,250,3840,1140,2,7,14,4,5,8,9,12,13,6,1,3,10,11,0,0,0,0,0.470,1.4,
20250915,6,7,2,5,24,1800,1,16,430,180,220,180,1600,2890,3330,19010,700,400,850,3,1,2,13,10,5,9,4,12,0,15,11,6,8,14,7,0,0,0.209,4.9,
20250915,6,4,1,703,18,1600,1,16,290,150,700,460,4010,5540,25490,81320,1490,1290,7310,1,7,12,9,5,8,6,15,4,2,13,3,11,14,16,10,0,0,0.308,2.9,
20250915,6,2,0,703,17,1800,1,10,340,120,190,190,970,1900,1910,11070,400,420,800,4,9,1,6,2,4,7,3,10,8,0,0,0,0,0,0,0,0,0.266,2.6,
20250915,6,1,0,703,24,1200,1,16,1440,860,5630,940,50330,101360,183370,1052470,9620,2120,16010,16,14,12,8,1,10,2,13,9,7,11,6,15,4,3,5,0,0,0.446,1.2,
20250915,9,9,2,10,24,1200,1,13,170,110,190,160,950,1170,1500,4840,350,260,720,1,5,2,3,6,9,8,4,10,7,12,13,11,0,0,0,0,0,0.415,1.7,
20250915,6,9,2,10,24,1800,1,11,190,110,110,230,240,410,1430,3750,150,630,740,1,2,5,4,3,9,7,11,8,10,6,0,0,0,0,0,0,0,0.517,1.9,
20250915,9,2,0,703,18,1600,1,8,670,240,160,220,880,2100,950,7780,330,460,290,6,1,7,3,2,4,8,5,0,0,0,0,0,0,0,0,0,0,0.308,2.3,
20250920,6,3,2,5,24,1200,3,16,1120,340,390,160,11070,20580,11700,101690,2430,1000,1270,15,13,12,3,1,16,11,8,2,10,5,4,6,7,9,14,0,0,0.205,9.3,
20250920,6,8,2,5,24,1200,3,16,390,190,210,230,1130,2100,2410,10940,490,530,490,1,5,0,9,2,4,10,6,3,11,15,8,7,14,13,12,0,0,0.180,3.9,
20250920,6,11,2,999,24,1800,3,15,250,130,160,230,780,940,3400,8690,380,690,860,1,4,2,8,6,11,15,5,3,9,7,12,14,10,13,0,0,0,0.470,2.5,
20250920,9,6,2,5,24,1800,1,16,300,130,130,650,400,820,6700,21520,210,2400,1830,1,2,8,9,13,3,11,6,5,7,12,4,16,15,14,10,0,0,0.219,3.0,
20250920,6,6,2,5,24,2400,3,11,240,120,160,140,450,770,880,3060,240,310,420,1,4,2,3,5,7,8,9,6,10,11,0,0,0,0,0,0,0,0.233,2.4,
20250920,6,7,2,5,17,2000,1,18,1820,350,280,160,7850,20760,8350,76890,1980,860,700,3,4,2,6,10,16,1,11,12,13,5,14,7,18,9,17,8,15,0.248,3.5,
20250920,6,9,0,999,18,1200,1,13,2890,750,340,530,8170,19220,37400,249910,2320,6040,2030,4,9,8,5,2,11,3,6,1,7,12,10,13,0,0,0,0,0,0.332,8.0,
20250920,6,10,2,10,17,2500,1,9,140,110,120,110,410,530,350,1100,170,140,260,1,2,3,9,4,8,5,7,6,0,0,0,0,0,0,0,0,0,0.377,1.4,
20250920,6,12,2,10,24,1200,3,16,2970,500,120,450,2090,10250,12210,124340,1000,4650,760,2,6,14,11,8,3,7,9,1,4,5,13,12,10,16,15,0,0,0.553,1.7,
20250920,9,1,0,703,24,1800,1,10,210,110,530,480,3030,4010,8730,34190,950,690,3020,1,5,6,2,10,3,4,8,9,7,0,0,0,0,0,0,0,0,0.465,2.1,
20250920,9,2,0,703,17,2000,1,7,170,110,210,0,530,790,1280,3060,210,290,680,4,1,2,3,6,7,5,0,0,0,0,0,0,0,0,0,0,0,0.404,2.2,
20250920,9,12,2,10,24,1800,1,16,830,220,140,2280,920,2170,40130,142350,450,14610,8230,9,2,1,10,8,14,4,12,7,6,5,11,15,16,3,13,0,0,0.187,15.3,
20250920,9,10,2,10,17,2000,1,7,140,110,150,0,240,310,1020,2170,150,430,610,1,2,4,6,5,3,7,0,0,0,0,0,0,0,0,0,0,0,0.389,1.4,
20250920,9,9,2,5,24,1400,1,16,170,110,190,210,840,1300,1490,6550,370,330,750,1,4,3,2,14,15,6,9,12,11,5,8,10,13,7,16,0,0,0.224,1.7,
20250920,9,7,2,5,18,1600,1,16,370,150,420,150,6080,9000,5160,36500,1370,350,810,12,3,1,11,10,9,15,2,4,6,8,14,5,7,13,16,0,0,0.247,2.5,
20250920,9,11,2,16,24,1400,1,13,6750,1230,2640,250,168330,345070,490900,5628510,31140,7730,13100,12,3,8,5,7,13,6,4,10,1,11,2,9,0,0,0,0,0,0.215,3.3,
20250920,6,2,0,703,17,2000,1,14,310,170,1250,180,11750,13970,7930,52230,2760,310,2480,13,6,4,3,5,8,10,1,11,2,7,14,12,9,0,0,0,0,0.162,86.7,
20250921,6,9,2,10,18,1600,1,9,140,110,150,560,460,500,4140,8400,230,940,1490,1,6,8,2,7,4,9,5,3,0,0,0,0,0,0,0,0,0,0.618,1.4,
20250921,9,9,2,10,17,1200,1,10,260,140,800,350,7050,12460,16610,77000,1780,540,3600,4,1,10,3,8,7,5,2,9,6,0,0,0,0,0,0,0,0,0.553,2.0,
20250921,6,6,2,5,24,1200,1,16,170,110,230,230,870,1070,2620,6680,380,380,1260,1,11,3,10,8,13,6,2,5,7,4,9,16,14,12,15,0,0,0.251,1.7,
20250921,9,10,2,16,17,2200,1,9,400,130,190,110,1660,3130,1270,9170,520,180,380,1,7,3,8,4,2,5,6,9,0,0,0,0,0,0,0,0,0,0.220,4.0,
20250921,9,2,0,703,18,1600,1,13,1880,330,150,120,3430,8520,2610,31230,990,640,290,2,7,8,3,9,6,5,13,1,11,10,12,4,0,0,0,0,0,0.260,4.1,
20250921,9,12,2,10,24,1400,1,16,320,170,190,480,780,1240,4120,13230,380,1010,1630,1,5,8,11,14,4,2,9,7,3,15,6,0,13,12,10,0,0,0.213,3.2,
20250921,6,10,2,16,24,1800,1,16,400,170,420,260,3180,4820,8700,39380,730,730,1850,1,11,5,3,16,10,12,14,6,2,4,15,8,13,9,7,0,0,0.325,4.0,
20250921,9,7,2,5,17,2000,1,13,600,180,210,150,1920,4290,3210,20880,760,410,780,8,3,9,1,7,12,13,10,2,6,4,5,11,0,0,0,0,0,0.323,2.4,
20250921,6,8,2,5,18,1200,1,16,890,270,380,250,5500,11000,11540,71940,1690,920,1780,1,3,9,10,7,6,12,14,2,4,5,13,11,8,15,16,0,0,0.184,8.9,
20250921,9,11,1,999,18,2400,1,10,270,110,110,130,340,680,440,1690,160,250,230,3,1,2,5,8,4,10,7,6,9,0,0,0,0,0,0,0,0,0.322,4.6,
20250921,6,11,2,999,18,2200,1,11,330,150,130,200,680,1400,1970,7740,340,680,550,2,10,3,1,4,5,8,11,6,9,7,0,0,0,0,0,0,0,0.324,3.5,
20250921,6,3,0,703,17,1800,1,10,110,100,360,110,2160,2690,1160,6450,550,120,1060,3,1,7,5,2,6,8,4,9,10,0,0,0,0,0,0,0,0,0.483,4.7,
20250921,6,1,0,703,18,1600,1,16,220,110,110,190,310,610,640,2290,170,360,340,2,1,5,3,4,6,11,10,12,7,9,8,16,15,14,13,0,0,0.299,2.3,
20250921,6,7,2,5,24,1800,1,16,450,130,110,320,300,1020,1170,5480,190,730,630,2,1,5,7,10,3,15,4,6,11,16,9,13,12,8,14,0,0,0.484,1.5,
20250921,6,12,2,10,24,1800,1,16,2920,530,180,1120,8950,25570,107630,799310,2340,11520,4960,16,7,12,2,11,6,14,5,13,4,9,15,8,3,1,10,0,0,0.162,3.4,
20250921,9,8,2,5,24,1800,1,13,1890,480,660,300,14910,23250,14830,170190,2700,810,1380,7,6,2,10,9,1,3,5,4,12,13,11,8,0,0,0,0,0,0.377,4.6,
20250927,6,2,0,703,18,1600,1,16,230,130,110,330,390,650,2560,6640,210,910,770,2,4,7,5,14,3,6,8,1,13,11,10,15,12,16,9,0,0,0.196,2.9,
20250927,6,3,0,703,24,1200,1,16,290,110,240,110,2180,3320,810,6750,560,140,440,1,3,2,5,6,16,14,10,11,8,4,12,7,13,15,9,0,0,0.273,2.9,
20250927,6,6,2,5,24,1800,1,16,370,180,260,430,2030,3380,7260,26070,720,780,2040,1,5,12,4,13,3,9,6,16,2,15,7,8,10,11,14,0,0,0.296,3.7,
20250927,6,7,2,5,18,2200,1,16,1260,370,740,240,14230,23090,15130,105500,3460,780,1740,9,8,6,3,1,11,2,13,5,4,10,15,14,7,12,16,0,0,0.317,5.2,
20250927,6,8,2,5,24,1200,1,16,830,180,160,140,1580,4370,2020,16700,620,440,360,1,15,3,5,4,7,10,14,8,2,12,6,13,9,16,11,0,0,0.199,8.3,
20250927,6,10,2,10,18,1200,1,16,370,160,140,160,680,1220,1360,5830,320,480,390,15,1,2,3,6,16,4,9,10,12,11,8,5,14,13,7,0,0,0.402,4.3,
20250927,6,12,2,10,24,1200,1,16,310,130,120,990,270,460,10890,17290,250,3860,2000,2,12,1,10,6,8,7,4,2,16,9,5,11,13,15,14,0,0,0.243,2.9,
20250927,9,1,0,703,24,1400,1,15,390,140,200,170,1130,2210,2480,8810,520,450,760,1,3,7,9,4,8,0,13,2,5,14,10,12,11,6,0,0,0,0.301,3.9,
20250927,9,3,0,703,17,1200,1,15,210,120,1320,390,9600,12780,25500,127040,2170,600,10260,7,1,3,5,4,13,6,14,0,2,11,9,10,8,12,0,0,0,0.229,6.5,
20250927,9,7,2,5,17,2200,1,16,490,220,590,240,6380,10630,17300,87740,1680,690,2770,1,4,5,2,6,3,9,8,7,10,12,13,16,15,14,11,0,0,0.206,4.9,
20250927,9,12,2,10,24,1200,1,16,480,240,360,480,3080,4820,21720,77770,950,1790,2760,1,9,2,4,3,13,8,5,7,10,15,12,6,14,11,16,0,0,0.245,4.8,
20250927,9,10,2,16,17,1200,1,16,520,210,400,400,3280,6130,11160,54370,1170,1470,1950,9,4,3,8,7,5,1,6,14,2,12,11,15,10,13,16,0,0,0.214,2.9,
20250927,9,9,0,5,24,1400,1,8,280,140,310,170,2330,3220,2520,11290,600,310,730,2,1,5,3,8,7,6,4,0,0,0,0,0,0,0,0,0,0,0.222,13.5,
20250927,9,8,2,10,18,1600,1,13,450,140,110,110,770,1340,610,3990,310,290,180,2,1,4,3,12,9,7,11,8,5,6,13,10,0,0,0,0,0,0.423,2.7,
20250927,9,6,2,5,24,1800,1,13,590,200,150,170,980,2530,1470,9190,410,470,370,2,4,3,1,9,5,7,10,8,11,12,6,13,0,0,0,0,0,0.216,3.5,
20250927,9,11,2,999,24,2000,1,14,2350,570,680,360,28950,51330,85240,823380,5540,3220,3440,4,11,7,8,3,14,5,1,10,13,2,6,9,12,0,0,0,0,0.229,4.5,
20250927,6,11,2,16,18,1600,1,16,2870,1090,660,880,35060,55110,180400,864780,8430,12160,5830,10,8,6,14,11,7,1,16,3,5,12,13,15,4,2,9,0,0,0.198,3.7,
20250927,6,9,0,999,17,2000,1,9,890,270,330,260,3300,6130,4690,34460,760,620,770,4,6,1,2,3,9,7,5,8,0,0,0,0,0,0,0,0,0,0.285,1.9,
20250928,9,6,2,5,24,1200,1,16,830,240,590,160,10350,14690,11560,105850,2120,620,1620,3,7,9,11,12,14,2,5,1,8,4,6,15,13,16,10,0,0,0.264,3.1,
20250928,6,9,0,5,18,1600,1,8,450,120,140,110,1390,2840,430,5900,300,140,180,3,2,1,5,6,4,8,7,0,0,0,0,0,0,0,0,0,0,0.259,1.7,
20250928,6,11,2,999,18,1200,1,16,5000,1250,540,210,60830,119920,116720,1301150,14410,5850,2030,4,3,12,6,10,11,16,1,13,8,6,2,9,5,15,14,0,0,0.162,2.2,
20250928,6,3,0,703,17,2000,1,16,200,110,130,230,280,500,1510,3390,200,460,740,2,3,1,9,7,6,5,4,13,10,15,12,8,11,14,16,0,0,0.304,3.4,
20250928,6,2,0,703,18,1200,1,16,1120,300,1170,230,34400,56580,19220,243640,6020,710,2070,5,3,10,12,7,1,14,9,4,2,13,15,11,6,8,16,0,0,0.252,2.0,
20250928,6,6,2,5,24,1800,1,16,740,250,250,440,1990,6170,9760,42720,960,1630,1230,13,5,11,7,3,2,12,4,1,9,10,16,14,15,6,8,0,0,0.130,13.6,
20250928,6,7,2,5,18,1600,1,16,160,110,150,150,510,630,910,2500,250,220,460,1,2,4,7,5,3,16,12,10,6,13,9,15,8,14,11,0,0,0.295,1.6,
20250928,6,8,2,10,24,1800,1,16,400,180,720,170,10940,16560,16830,90790,3240,450,2470,4,8,1,13,7,12,2,15,6,9,11,3,10,5,16,14,0,0,0.256,10.6,
20250928,6,10,2,10,17,2000,1,13,300,160,430,530,2370,3370,13010,45970,900,1080,4430,6,9,1,8,4,11,7,12,2,3,5,13,10,0,0,0,0,0,0.322,3.6,
20250928,6,12,2,16,24,1200,1,16,980,350,170,420,3740,5320,18290,69160,1480,2670,1430,1,2,5,10,9,7,16,3,12,4,6,15,13,14,8,11,0,0,0.249,9.8,
20250928,9,2,0,703,17,1400,1,14,760,320,550,390,4270,8190,13660,72530,1360,1280,2240,4,1,14,6,11,9,8,13,10,5,2,7,3,12,0,0,0,0,0.265,1.9,
20250928,9,3,0,703,18,1800,1,10,250,110,120,180,280,600,650,3300,150,340,300,2,1,7,5,8,4,9,10,3,6,0,0,0,0,0,0,0,0,0.198,2.5,
20250928,9,7,2,5,24,1400,1,16,290,170,560,260,3450,4860,10200,41240,1170,720,2380,1,5,6,3,7,12,10,11,4,9,2,8,16,14,15,13,0,0,0.182,2.9,
20250928,9,8,2,5,18,1800,1,18,200,140,230,370,690,920,3430,8300,350,720,1840,1,2,3,7,8,6,4,5,13,9,11,10,12,17,16,18,14,15,0.319,2.0,
20250928,9,10,2,16,24,1800,1,16,360,180,190,180,990,1810,2750,12050,440,650,740,13,7,9,1,6,15,3,2,8,4,5,12,16,11,14,10,0,0,0.153,17.5,
20250928,9,11,2,999,18,1600,1,12,1490,370,210,400,5030,13120,19320,151940,1290,2980,1160,4,8,2,9,12,6,5,1,11,10,3,7,0,0,0,0,0,0,0.210,3.5,
20250928,9,12,2,10,24,2000,1,14,210,120,160,230,600,840,1520,5610,290,390,770,2,1,5,4,3,9,13,11,8,6,12,10,7,14,0,0,0,0,0.241,4.6,
20250928,9,9,2,10,18,2400,1,12,130,110,250,170,930,1110,1860,4430,370,290,1100,1,3,9,2,4,7,5,8,6,11,10,12,0,0,0,0,0,0,0.450,1.3,
20251004,5,10,2,16,11,1400,1,15,1270,360,470,220,11230,21850,21460,190470,3280,1440,1740,3,9,11,15,14,4,6,5,1,12,2,7,10,13,8,0,0,0,0.195,6.1,
20251004,8,8,2,10,17,2000,3,12,1690,380,300,150,6030,12990,6350,61830,1780,960,660,3,8,2,6,12,1,4,9,5,7,10,11,0,0,0,0,0,0,0.312,3.3,
20251004,5,9,2,10,11,1800,1,12,7870,860,250,110,24890,66380,10640,244130,4190,1460,430,3,4,6,7,8,2,10,11,1,5,9,12,0,0,0,0,0,0,0.357,1.7,
20251004,5,7,2,5,11,2000,1,10,1280,270,170,150,2980,5350,3270,25980,890,650,300,2,4,3,6,1,5,8,10,9,7,0,0,0,0,0,0,0,0,0.508,5.4,
20251004,5,6,2,5,23,1400,1,16,2610,330,110,240,2320,7840,5610,72320,700,2660,420,2,5,3,13,15,1,8,4,16,6,11,7,10,14,9,12,0,0,0.313,1.7,
20251004,5,2,0,703,11,2000,1,9,420,160,190,180,1070,2030,2190,8290,410,450,570,4,2,3,9,1,6,5,8,7,0,0,0,0,0,0,0,0,0,0.238,2.1,
20251004,5,1,0,703,23,1600,1,16,630,180,110,480,400,1250,3640,21820,230,2710,910,2,4,14,1,16,6,3,15,5,12,13,9,10,7,11,8,0,0,0.455,1.3,
20251004,8,12,2,10,24,1800,4,13,160,110,190,300,430,580,1320,3710,250,410,1010,1,3,10,6,5,2,4,13,8,12,9,7,11,0,0,0,0,0,0.277,1.6,
20251004,8,11,2,999,17,1200,3,18,570,210,150,220,1470,3110,3280,18350,660,1030,520,11,2,3,5,1,12,4,10,15,7,8,6,13,17,18,9,16,14,0.142,8.3,
20251004,8,10,2,16,24,1200,4,16,900,300,150,230,2290,4370,3690,20610,910,1010,460,12,2,3,13,5,16,15,1,14,9,6,7,10,4,11,8,0,0,0.231,4.0,
20251004,8,9,0,5,18,1400,3,8,1880,420,180,420,4720,10720,11130,79170,1250,2160,950,8,2,3,6,5,4,7,1,0,0,0,0,0,0,0,0,0,0,0.175,4.5,
20251004,8,7,2,5,17,1200,3,18,840,410,480,410,9920,19720,43330,167590,3780,3130,2570,14,4,5,11,2,1,9,3,7,6,18,8,15,12,13,10,17,16,0.212,3.7,
20251004,8,6,2,5,24,1400,4,16,2960,550,270,170,7510,17030,11980,84610,2250,1260,650,8,2,5,3,7,9,10,16,1,15,6,13,11,12,4,14,0,0,0.228,4.5,
20251004,8,4,2,5,24,1800,3,14,130,110,380,2180,950,1040,26290,52010,430,2840,12020,1,13,7,5,9,4,2,3,12,11,6,8,10,14,0,0,0,0,0.438,1.3,
20251004,8,2,0,703,17,2000,2,8,720,120,100,300,220,900,1580,8230,140,770,430,2,5,1,4,7,3,8,6,0,0,0,0,0,0,0,0,0,0,0.413,1.1,
20251004,8,1,0,703,24,1800,3,14,450,190,220,290,2230,4160,5870,33320,850,1020,780,7,6,5,9,12,1,10,3,4,8,2,11,13,14,0,0,0,0,0.278,5.6,
20251004,5,12,2,10,23,1400,1,16,1130,310,230,270,2680,6190,9450,60940,930,1740,1040,2,3,10,9,7,1,15,11,14,11,6,4,8,5,13,16,0,0,0.241,5.7,
20251004,5,11,2,999,23,1600,1,16,840,290,270,1200,2150,5900,29380,176640,920,4820,4760,5,4,11,14,1,7,2,10,15,8,6,16,13,3,9,12,0,0,0.138,2.4,
20251004,5,8,2,5,23,1600,1,16,1480,320,140,200,1550,5260,3870,29780,670,1140,400,2,1,6,4,7,3,12,5,9,13,10,14,8,15,11,16,0,0,0.384,1.9,
20251005,8,10,2,999,24,1200,3,16,1060,210,110,170,1590,4410,2570,22500,640,720,330,11,1,4,12,3,6,2,13,8,9,5,15,16,14,10,7,0,0,0.157,11.9,
20251005,8,11,2,999,18,2400,2,18,1130,330,250,1660,3690,8770,99940,470550,1280,10610,9850,4,5,2,8,16,1,10,15,3,13,9,6,7,14,17,12,18,11,0.193,3.1,
20251005,8,12,2,10,17,1200,2,16,630,220,150,170,1310,2750,2240,11780,500,660,410,3,1,2,8,10,12,6,7,0,4,9,15,5,13,14,11,0,0,0.136,4.8,
20251005,5,10,2,16,23,1600,1,16,1580,510,250,250,6350,11580,12530,75450,2090,1860,770,7,13,8,4,3,5,2,15,10,11,6,12,1,16,9,14,0,0,0.287,16.2,
20251005,5,11,2,999,11,1800,1,11,770,190,140,120,1850,4290,1360,13250,560,450,240,3,2,4,5,7,8,9,11,1,6,10,0,0,0,0,0,0,0,0.397,2.4,
20251005,5,12,2,10,23,1600,1,16,180,110,160,260,520,780,2050,5000,290,570,1180,1,10,15,2,3,7,9,4,6,8,14,12,11,13,5,16,0,0,0.472,1.8,
20251005,5,7,2,5,11,1400,1,18,360,150,200,360,850,1770,4960,16890,390,910,1440,1,8,2,4,5,7,3,9,10,6,12,11,18,15,13,17,13,16,0.192,3.6,
20251005,5,3,0,703,11,1400,1,17,25740,4660,230,190,100020,253220,165200,865790,24340,25280,680,3,8,9,2,14,15,13,11,12,7,4,10,6,17,1,5,16,0,0.286,5.3,
20251005,5,2,0,703,11,1800,1,11,160,110,190,230,830,1080,2590,6610,330,340,1300,1,2,7,4,6,3,5,10,9,11,8,0,0,0,0,0,0,0,0.461,1.6,
20251005,5,9,2,10,11,1400,1,18,24430,5710,680,610,254800,602270,1462800,11483780,56900,56650,6200,17,6,5,4,7,14,2,10,12,15,9,13,3,1,16,11,0,8,0.197,6.7,
20251005,8,2,0,703,17,1600,2,7,510,230,140,0,620,1580,990,5690,240,370,250,2,5,1,4,3,7,6,0,0,0,0,0,0,0,0,0,0,0,0.316,2.2,
20251005,5,8,2,5,11,1800,1,14,200,110,160,180,570,710,1400,3730,270,360,730,1,5,7,6,2,4,10,8,9,3,11,13,12,14,0,0,0,0,0.251,2.0,
20251005,8,6,2,5,24,1800,3,14,4050,870,200,290,10340,30360,23500,212990,2850,3510,850,8,3,10,6,2,14,5,1,7,12,4,9,11,13,0,0,0,0,0.222,2.7,
20251005,8,8,2,10,24,1400,3,16,1460,320,150,350,2030,6020,9200,53670,840,2310,1030,15,9,4,1,2,5,13,3,8,7,6,10,14,16,12,11,0,0,0.207,8.8,
20251005,8,7,2,5,17,2000,2,12,3540,340,110,160,2190,7140,2930,40240,760,1640,240,2,4,11,7,3,9,8,6,12,1,5,10,0,0,0,0,0,0,0.393,1.7,
20251005,8,9,2,16,17,2000,2,9,290,170,270,310,1740,2280,4720,16860,500,590,1110,7,5,3,1,4,2,8,9,6,0,0,0,0,0,0,0,0,0,0.230,6.0,
20251005,8,1,0,703,24,1400,3,16,540,160,110,170,650,1570,1140,6210,270,640,280,6,1,2,11,5,12,15,3,16,10,9,4,7,8,13,14,0,0,0.189,15.5,
20251011,5,3,0,703,11,1800,1,10,390,110,100,130,260,680,460,2090,150,340,200,2,1,3,6,10,4,8,5,7,9,0,0,0,0,0,0,0,0,0.403,1.4,
20251011,5,1,0,703,11,1600,1,10,960,460,230,310,1620,4000,2630,18610,430,620,360,2,5,3,1,4,7,6,9,10,8,0,0,0,0,0,0,0,0,0.293,3.3,
20251011,8,7,2,5,18,1800,1,11,580,150,110,140,690,1470,850,4810,270,420,260,2,9,3,5,6,1,7,11,10,8,4,0,0,0,0,0,0,0,0.283,2.2,
20251011,8,2,0,703,24,1800,1,8,130,100,120,110,320,350,290,630,140,120,220,1,2,3,8,6,4,7,5,0,0,0,0,0,0,0,0,0,0,0.347,1.3,
20251011,8,1,0,703,24,1200,1,16,290,160,490,280,3220,4480,8410,41250,910,700,2760,7,1,8,5,4,9,13,15,3,6,10,12,14,2,11,16,0,0,0.183,4.7,
20251011,5,12,2,5,23,1400,2,16,1580,330,220,170,4020,9710,4710,42080,1270,1070,510,3,6,2,7,4,10,1,16,14,5,15,12,13,9,8,11,0,0,0.255,4.5,
20251011,8,11,2,16,24,1900,1,16,320,170,420,190,2420,3610,6430,25900,890,500,2240,5,3,4,9,1,6,7,13,8,12,11,10,16,2,14,15,0,0,0.188,6.8,
20251011,5,11,0,999,11,1600,1,8,360,130,470,110,8690,13620,3490,32330,1380,170,1000,3,7,8,1,2,5,6,4,0,0,0,0,0,0,0,0,0,0,0.336,1.9,
20251011,5,9,2,10,11,2400,1,10,650,160,140,110,2250,4660,1070,11120,580,270,260,3,2,5,4,6,9,1,7,8,10,0,0,0,0,0,0,0,0,0.337,1.7,
20251011,5,8,2,5,23,1600,2,16,250,120,280,240,1220,1840,3710,12310,520,540,1880,7,1,9,2,6,13,3,11,4,5,16,15,10,8,12,14,0,0,0.248,4.5,
20251011,5,7,2,5,11,2000,1,10,300,140,200,610,890,1470,8280,23130,370,1400,2340,1,7,2,4,8,6,5,3,9,10,0,0,0,0,0,0,0,0,0.408,3.0,
20251011,5,2,0,703,23,1300,1,16,1190,350,110,210,1710,4080,3650,23430,770,1470,360,2,3,6,9,4,12,11,1,16,5,10,13,14,15,7,8,0,0,0.220,1.9,
20251011,5,10,2,10,23,2100,2,16,180,130,300,440,770,980,6390,13360,410,940,3850,1,7,5,8,4,15,2,14,3,11,13,12,9,6,10,16,0,0,0.375,1.8,
20251011,8,8,0,5,17,2000,1,7,170,120,170,0,380,520,730,1860,180,270,370,1,4,2,3,6,5,7,0,0,0,0,0,0,0,0,0,0,0,0.341,1.7,
20251011,8,9,2,5,24,1800,1,12,360,130,140,110,530,960,430,2450,220,240,250,3,4,1,2,9,10,8,11,7,12,5,6,0,0,0,0,0,0,0.276,2.2,
20251011,8,10,2,10,18,1400,1,13,2090,300,110,130,550,2000,830,8280,410,670,170,2,2,7,1,8,12,10,6,11,4,5,9,13,0,0,0,0,0,0.512,1.5,
20251011,8,12,2,5,24,1400,1,16,200,120,220,510,870,1290,5940,17280,390,1130,2380,9,2,1,5,7,12,6,10,3,15,4,14,13,8,11,16,0,0,0.144,7.0,
20251012,5,1,0,703,23,1600,1,16,510,160,140,150,1030,2200,1540,9330,440,490,350,0,2,14,1,5,3,10,6,8,15,7,9,4,13,11,12,0,0,0.207,0.0,
20251012,8,10,2,16,18,1600,1,13,690,180,120,190,950,2300,1860,12600,380,800,360,2,12,1,9,10,13,5,6,8,4,11,3,7,0,0,0,0,0,0.218,2.6,
20251012,5,7,2,5,23,1600,1,16,680,250,1110,230,24650,34840,45420,306400,6180,860,3140,11,3,16,1,9,4,6,2,15,12,5,10,14,7,8,13,0,0,0.268,5.5,
20251012,8,3,0,703,17,2000,1,9,280,110,110,1210,170,440,5920,16290,130,3230,2780,1,2,5,6,7,4,9,8,3,0,0,0,0,0,0,0,0,0,0.270,2.8,
20251012,8,7,2,5,18,2400,1,13,2390,760,290,260,8010,19300,30310,210540,2440,4030,1400,6,8,4,1,3,7,10,9,11,13,5,2,12,0,0,0,0,0,0.197,2.7,
20251012,8,1,0,703,24,1400,1,12,430,140,140,170,780,1660,1500,8950,300,480,460,2,8,12,11,1,4,3,9,6,7,5,10,0,0,0,0,0,0,0.191,4.0,
20251012,5,10,2,16,23,1400,1,16,450,170,160,290,890,1860,3260,12560,380,950,740,2,5,8,1,0,15,12,4,14,11,9,6,3,10,7,13,0,0,0.202,3.7,
20251012,5,9,2,10,11,1600,1,16,470,210,290,310,3120,5600,8900,41360,1260,700,1920,12,1,14,10,8,5,3,2,6,7,11,9,4,13,16,15,0,0,0.190,2.7,
20251012,5,8,2,5,11,2400,1,11,280,140,290,170,1460,2060,2670,9060,550,360,850,1,9,3,11,6,4,5,2,7,8,10,0,0,0,0,0,0,0,0.370,2.8,
20251012,5,2,0,703,11,1600,1,10,180,110,290,350,1310,1790,7940,21870,530,1030,2950,1,4,7,5,10,8,6,3,9,2,0,0,0,0,0,0,0,0,0.312,1.8,
20251012,5,3,0,703,11,2000,1,10,510,220,160,590,1020,1840,5980,26760,430,1820,1370,4,2,5,8,7,6,3,1,9,10,0,0,0,0,0,0,0,0,0.463,3.0,
20251012,5,11,2,999,11,1800,1,16,700,230,400,280,4690,9230,9100,68610,1440,880,1570,9,7,2,10,3,1,12,8,5,13,6,16,4,14,11,15,0,0,0.195,3.9,
20251012,8,11,2,999,24,1800,1,9,910,200,550,110,17870,37400,7490,98250,2820,300,1030,3,0,5,1,4,6,7,2,8,0,0,0,0,0,0,0,0,0,0.517,1.9,
20251012,8,12,2,5,18,1600,1,18,830,250,560,210,9190,16490,16170,126760,2620,890,2080,4,10,7,1,2,9,8,17,3,13,5,11,6,14,16,12,15,18,0.205,4.7,
20251012,5,6,2,5,23,1400,1,15,600,150,130,140,920,2280,1390,8680,330,380,300,6,4,2,1,3,5,15,12,10,14,11,8,9,7,13,0,0,0,0.186,6.9,
20251012,8,9,2,10,24,1200,1,14,220,120,140,150,410,660,790,2630,210,270,410,1,2,9,4,8,3,10,5,7,11,6,13,14,12,0,0,0,0,0.463,2.2,
20251012,8,8,2,10,24,1800,1,14,1090,530,900,550,15890,34860,66650,451470,3610,2730,4300,7,9,1,6,8,11,4,2,14,13,3,12,10,5,0,0,0,0,0.261,2.0,
20251012,8,2,0,703,24,1800,1,7,420,290,330,0,1210,1770,1260,6040,460,370,390,6,5,4,2,3,1,7,0,0,0,0,0,0,0,0,0,0,0,0.249,3.4,
20251012,5,12,2,10,23,1300,1,16,650,220,240,190,1890,3690,5940,29460,670,900,1080,2,4,1,8,3,11,9,10,14,5,5,15,13,7,12,16,0,0,0.284,6.1,
20251013,5,12,2,5,23,1300,1,16,610,180,150,270,1000,1960,2950,16090,420,930,770,9,2,1,6,3,12,11,5,4,7,8,13,10,16,14,15,0,0,0.173,21.3,
20251013,8,1,0,703,24,1400,1,8,870,150,110,120,680,1840,780,6510,260,390,170,3,2,6,5,1,7,8,4,0,0,0,0,0,0,0,0,0,0,0.329,4.8,
20251013,8,2,0,703,17,1600,1,10,420,120,110,110,700,1500,360,3270,210,180,130,2,3,1,5,7,4,10,9,8,6,0,0,0,0,0,0,0,0,0.204,2.6,
20251013,8,3,0,703,17,1400,1,16,4550,1150,190,220,13380,29980,29080,196740,3770,4650,720,2,8,15,3,9,14,4,7,5,12,16,13,6,10,11,1,0,0,0.189,4.7,
20251013,8,4,2,5,24,1800,1,13,490,220,160,360,1150,1560,3880,14010,530,1610,750,2,1,6,4,9,7,3,8,5,10,11,12,13,0,0,0,0,0,0.253,3.8,
20251013,8,7,2,5,24,1400,1,15,730,240,200,170,2490,5260,2970,18720,800,520,510,1,9,3,2,4,6,10,12,15,13,8,11,7,14,5,0,0,0,0.186,7.3,
20251013,8,8,2,5,24,1900,1,13,420,160,200,190,1100,2570,2280,10020,490,490,600,8,2,10,4,1,3,5,12,6,13,7,9,11,0,0,0,0,0,0.207,5.6,
20251013,8,9,2,10,24,1800,1,12,640,130,110,110,610,1750,430,4030,210,280,140,1,4,3,2,7,5,6,10,9,8,12,11,0,0,0,0,0,0,0.337,6.4,
20251013,8,12,2,5,24,1200,1,16,1020,270,230,180,3000,6380,3620,28290,970,650,600,14,4,2,5,8,12,1,11,3,9,16,6,10,7,15,13,0,0,0.207,5.8,
20251013,5,2,0,703,23,1400,1,13,1270,760,370,820,3540,9940,9590,65260,1030,1730,720,4,2,5,11,1,10,3,8,12,9,7,6,13,0,0,0,0,0,0.246,1.8,
20251013,5,3,0,703,11,1400,1,12,150,110,170,220,490,660,1260,3130,240,390,700,1,8,4,2,7,3,6,5,9,12,10,11,0,0,0,0,0,0,0.317,1.5,
20251013,5,7,2,5,23,2100,1,16,720,270,230,430,1600,4020,7460,29460,790,1190,1230,2,5,7,9,10,6,3,1,4,15,12,13,8,14,11,16,0,0,0.390,4.7,
20251013,5,8,0,5,23,1600,1,7,540,580,1780,0,3900,6090,850,13310,660,160,360,3,1,4,6,7,2,5,0,0,0,0,0,0,0,0,0,0,0,0.396,1.3,
20251013,5,9,2,5,11,1600,1,18,150,110,1310,830,6850,7950,44550,120890,3600,1170,23420,1,5,12,13,6,15,9,16,3,10,11,4,2,8,7,14,17,18,0.380,1.5,
20251013,5,11,2,999,11,2000,1,18,4700,1010,280,320,20580,43060,37520,345360,5340,3960,1620,17,11,12,2,3,5,9,14,15,4,18,10,13,7,1,6,16,8,0.213,3.8,
20251013,8,10,2,10,18,1800,1,10,160,110,160,170,430,620,1040,2520,200,280,650,1,5,7,6,2,3,8,4,9,10,0,0,0,0,0,0,0,0,0.285,1.6,
20251013,8,11,2,999,18,1400,1,18,750,230,1010,230,14780,22150,30920,168690,3660,870,5320,3,8,4,10,6,17,15,13,18,10,2,14,9,1,16,12,5,7,0.237,7.0,
20251013,5,10,2,16,11,2400,1,8,280,110,160,110,1430,2140,620,4430,360,140,340,3,1,2,5,4,8,6,7,0,0,0,0,0,0,0,0,0,0,0.389,2.0,
20251018,8,8,0,5,24,1400,2,7,520,250,190,0,1000,2220,720,4880,360,250,220,1,7,3,2,4,6,5,0,0,0,0,0,0,0,0,0,0,0,0.307,5.2,
20251018,8,12,2,5,18,1400,1,15,1590,420,310,910,8970,20750,107570,724470,2490,9750,6560,6,8,5,2,10,3,9,14,13,7,1,4,11,12,15,0,0,0,0.156,3.5,
20251018,5,12,2,10,23,1400,1,14,660,250,220,450,1710,2890,7960,31970,590,1770,1330,6,13,2,4,11,9,7,1,3,14,10,5,12,8,0,0,0,0,0.214,3.1,
20251018,5,10,2,16,23,2100,1,16,230,130,470,200,3030,3860,6080,24810,1080,410,1580,6,12,3,13,1,5,8,0,7,15,4,11,14,2,9,10,0,0,0.194,11.9,
20251018,5,9,0,999,11,1800,1,7,230,130,150,0,320,560,340,1600,140,160,200,5,1,2,3,4,7,6,0,0,0,0,0,0,0,0,0,0,0,0.264,20.5,
20251018,5,8,2,10,11,2000,1,8,820,120,100,100,1360,3190,300,4620,270,150,140,2,3,0,1,5,7,4,6,0,0,0,0,0,0,0,0,0,0,0.315,4.4,
20251018,5,7,2,5,11,1400,1,17,1420,430,240,490,4830,10450,13990,100650,1550,2350,1820,12,2,6,1,4,3,5,13,10,16,8,9,7,11,14,17,15,0,0.243,6.5,
20251018,5,2,0,703,23,1400,1,9,220,110,140,320,560,980,2610,7010,250,710,1040,4,1,2,6,5,9,7,8,3,0,0,0,0,0,0,0,0,0,0.207,3.0,
20251018,5,1,0,703,23,1600,1,11,570,130,110,140,510,1590,880,6600,240,430,220,2,4,3,6,1,11,5,7,8,10,9,0,0,0,0,0,0,0,0.324,1.9,
20251018,4,12,2,5,10,1000,1,18,480,160,230,190,1410,2640,3420,14980,520,510,810,8,3,2,12,15,16,1,14,10,7,11,5,17,18,4,6,13,9,0.343,3.0,
20251018,4,11,2,16,11,1200,1,18,160,110,230,290,1040,1080,3570,8280,460,560,1590,1,2,7,14,17,6,3,9,4,11,16,10,8,15,13,12,5,18,0.168,1.6,
20251018,4,10,2,10,23,1200,1,15,350,180,370,520,3850,5250,17440,69760,1240,1460,3020,11,7,1,8,2,4,3,13,6,15,5,14,10,9,12,0,0,0,0.276,6.5,
20251018,4,9,2,5,11,2200,1,15,910,330,230,530,3950,6570,28980,121160,1490,3370,2230,2,1,4,11,10,7,5,14,8,3,6,13,9,15,12,0,0,0,0.192,8.5,
20251018,4,8,2,5,23,1200,1,15,360,150,170,190,1020,2080,3580,13250,370,730,660,2,5,1,4,9,15,11,6,3,8,10,13,12,7,14,0,0,0,0.131,5.7,
20251018,4,6,2,5,23,1800,1,15,130,110,740,260,3580,4110,6540,23570,1020,380,4550,1,15,5,7,3,13,6,8,12,2,10,9,11,4,14,0,0,0,0.387,1.3,
20251018,4,4,2,5,23,1800,1,14,2750,360,640,190,19870,52830,14150,194630,4350,1240,1020,3,6,14,5,9,8,13,10,1,2,12,4,11,7,0,0,0,0,0.272,2.9,
20251018,4,3,0,703,11,1200,1,18,510,210,150,210,1340,2470,4120,19960,460,1100,890,17,6,4,11,7,1,14,3,2,5,18,13,10,8,16,9,15,12,0.147,9.5,
20251018,4,1,0,703,12,1600,1,13,500,170,140,200,840,1760,2160,10010,380,740,480,2,3,4,5,1,7,8,6,12,9,11,13,10,0,0,0,0,0,0.238,3.9,
20251018,8,3,0,703,17,1600,1,7,240,160,290,0,780,1150,890,4250,300,300,530,1,4,2,3,5,7,6,0,0,0,0,0,0,0,0,0,0,0,0.256,2.4,
20251018,8,7,2,5,17,2000,1,8,330,120,140,110,770,1400,460,2910,230,180,210,3,7,1,2,5,8,4,6,0,0,0,0,0,0,0,0,0,0,0.269,2.6,
20251018,4,7,2,5,12,1800,1,18,800,250,140,210,1160,2820,2950,20110,440,760,410,2,6,9,1,3,13,17,5,14,8,16,11,15,7,12,10,4,18,0.243,2.6,
20251018,5,3,0,703,11,1800,1,8,160,110,200,310,780,980,2590,5430,290,390,1180,1,4,3,5,2,7,8,6,0,0,0,0,0,0,0,0,0,0,0.525,1.6,
20251018,5,6,2,5,23,1600,1,15,150,110,150,190,360,450,770,2220,190,270,560,2,1,4,3,13,7,6,8,5,15,12,9,10,11,14,0,0,0,0.342,5.4,
20251018,5,11,2,999,11,1600,1,14,710,160,110,160,620,1800,1020,7130,270,580,250,2,7,3,1,10,5,8,4,6,11,9,12,13,14,0,0,0,0,0.246,1.9,
20251018,8,9,2,10,24,1400,2,13,260,120,190,130,1510,2170,1040,6030,380,180,440,1,11,3,0,5,12,8,9,2,6,7,4,10,0,0,0,0,0,0.303,2.6,
20251018,8,10,2,10,18,2200,1,10,200,110,120,120,400,740,350,1700,200,160,210,1,3,2,5,6,7,0,4,9,8,0,0,0,0,0,0,0,0,0.251,2.0,
20251018,8,11,2,16,24,1800,2,16,320,150,180,270,890,1360,5420,19060,410,810,1340,9,1,2,3,4,12,16,11,14,15,10,7,8,13,6,5,0,0,0.237,6.2,
20251019,4,7,2,5,12,1600,2,18,960,270,440,260,3580,7360,13860,47500,2480,1130,1450,8,13,1,6,7,5,4,2,9,15,11,2,17,12,18,14,10,16,0.198,3.7,
20251019,5,12,2,16,11,1800,1,18,1270,330,150,670,1920,6020,15110,99090,800,3570,1820,2,5,10,1,6,3,8,14,9,18,13,16,12,15,17,7,4,11,0.244,2.7,
20251019,8,3,2,5,24,1400,2,12,340,160,630,430,6440,10110,27820,144130,1420,1110,5020,1,7,12,3,8,10,2,4,6,5,11,9,0,0,0,0,0,0,0.214,3.4,
20251019,8,6,2,5,24,1800,1,12,17040,2030,160,1010,16040,53020,96710,772710,4200,17850,1900,9,2,4,7,6,12,8,1,5,11,10,3,0,0,0,0,0,0,0.340,2.2,
20251019,8,7,2,5,24,1200,1,12,1750,330,230,130,8780,17520,5450,61610,1990,940,460,3,5,2,7,1,6,4,10,8,12,9,11,0,0,0,0,0,0,0.200,1.9,
20251019,8,9,0,999,18,1400,1,7,270,150,140,0,300,560,980,3180,180,430,420,1,4,3,2,7,6,5,0,0,0,0,0,0,0,0,0,0,0,0.381,2.7,
20251019,8,10,2,16,24,1400,1,16,11650,1480,240,110,64660,144850,26270,508860,14720,3280,380,3,2,12,4,8,13,1,5,11,15,14,6,9,10,16,7,0,0,0.280,1.5,
20251019,8,12,2,10,24,1800,1,14,330,160,290,220,1820,2690,5600,22060,670,670,1510,1,2,11,5,6,12,9,8,13,3,10,4,7,14,0,0,0,0,0.134,3.3,
20251019,8,11,1,999,17,2000,1,18,550,240,560,550,5280,8170,29560,129850,1790,2220,4610,1,16,4,15,14,10,11,2,3,5,9,6,8,17,18,7,12,13,0.239,5.5,
20251019,4,3,2,5,11,1200,2,18,3360,960,8880,230,317570,399490,1075730,8396420,109770,3580,48660,13,6,15,3,12,4,9,1,11,5,18,10,8,14,7,16,2,17,0.198,4.1,
20251019,4,4,2,5,23,1200,3,13,640,290,170,820,1840,3800,20730,83090,760,3610,2890,5,8,6,4,12,2,1,10,9,13,3,7,11,0,0,0,0,0,0.222,2.4,
20251019,4,2,0,703,23,1200,3,15,240,110,130,150,490,880,790,3270,230,290,390,1,2,3,14,5,11,15,9,8,12,13,4,6,7,10,0,0,0,0.196,2.4,
20251019,4,9,2,5,12,2000,2,15,3350,680,350,190,22280,59380,35530,396540,5000,2810,830,7,12,6,2,8,3,5,13,9,11,10,1,14,4,15,0,0,0,0.225,4.5,
20251019,4,10,2,10,10,1000,1,18,710,220,210,360,2200,5240,10380,55760,800,1710,1510,11,1,6,2,12,7,18,13,5,3,10,16,8,14,9,4,17,15,0.197,10.5,
20251019,4,11,2,999,11,2200,1,14,210,130,230,310,1050,1320,2630,6620,460,590,1240,1,5,6,2,11,4,8,12,3,7,13,14,10,9,0,0,0,0,0.213,2.1,
20251019,4,12,2,5,23,1200,2,14,230,120,170,290,1050,1440,5260,13730,400,840,1360,1,4,8,5,6,2,9,12,3,14,10,11,13,7,0,0,0,0,0.197,2.3,
20251019,5,2,0,703,11,1600,1,8,250,150,470,390,790,1330,970,4840,290,240,500,3,4,1,6,8,2,7,5,0,0,0,0,0,0,0,0,0,0,0.301,5.3,
20251019,5,3,0,703,11,1400,1,13,2340,450,110,140,3210,9860,4850,42240,1150,1710,260,2,1,5,4,3,11,9,6,10,12,7,13,8,0,0,0,0,0,0.313,1.9,
20251019,5,6,0,5,11,1400,1,8,160,110,150,360,320,490,3120,6740,190,790,1560,1,4,6,3,2,5,8,7,0,0,0,0,0,0,0,0,0,0,0.277,1.6,
20251019,5,7,2,5,11,1800,1,13,460,160,110,710,360,860,5800,25970,200,3290,1290,2,1,4,9,5,6,8,7,10,12,11,13,3,0,0,0,0,0,0.400,1.5,
20251019,5,8,2,5,23,1400,1,15,510,240,390,260,6210,11280,9460,84090,1710,550,1540,6,1,8,3,15,4,11,14,2,13,9,10,7,12,5,0,0,0,0.284,2.0,
20251019,4,8,2,5,23,2500,3,15,330,150,260,180,2460,3770,3680,18150,680,350,970,9,4,1,3,11,2,8,13,7,12,6,15,5,14,10,0,0,0,0.162,4.8,
20251019,5,1,0,703,23,1400,1,14,220,130,240,280,1110,1390,3030,7670,480,430,1880,1,6,4,13,10,2,3,8,0,11,9,5,12,7,0,0,0,0,0.307,2.2,
20251019,5,10,2,10,23,1600,1,13,5750,840,110,260,5150,18610,12080,191290,1650,5620,410,2,9,7,3,4,13,10,12,8,1,5,6,11,0,0,0,0,0,0.250,1.7,
20251019,4,6,2,5,23,1800,3,15,680,220,300,370,3290,5970,13850,73450,1290,2100,1640,8,2,3,13,9,5,12,11,4,10,1,15,7,6,14,0,0,0,0.178,5.1,
20251019,8,8,2,10,18,1600,1,10,200,120,180,260,590,930,2210,6450,280,710,1000,2,1,5,9,6,3,4,8,7,10,0,0,0,0,0,0,0,0,0.347,4.4,
20251019,4,1,0,703,11,2000,2,12,360,130,130,130,600,1180,620,3640,230,260,280,1,3,6,2,4,10,9,8,5,7,12,11,0,0,0,0,0,0,0.310,3.6,
20251019,5,11,2,999,23,2100,1,12,2890,570,170,210,3550,9750,12440,49420,2090,2250,420,10,8,2,11,2,12,7,5,9,6,1,4,0,0,0,0,0,0,0.300,4.8,
20251025,4,8,2,5,23,1800,1,14,410,140,140,140,880,2100,1170,6050,350,260,350,3,5,2,13,14,1,7,4,11,10,12,6,8,9,0,0,0,0,0.285,4.2,
20251025,4,7,2,5,23,1200,1,14,390,160,180,180,1360,2570,2080,11880,550,460,620,1,3,8,6,7,2,14,10,5,13,9,4,11,12,0,0,0,0,0.178,3.9,
20251025,4,6,2,5,12,1800,1,15,810,270,200,220,2080,4660,7070,40340,780,1790,950,5,8,14,10,4,2,15,12,3,1,13,7,9,11,6,0,0,0,0.343,3.9,
20251025,4,4,2,5,23,1200,1,15,260,160,500,810,4760,6180,44840,146160,1280,2080,10800,4,14,6,1,10,9,7,8,12,3,15,2,5,13,11,0,0,0,0.348,2.6,
20251025,4,1,0,703,11,1200,1,15,340,170,140,1790,800,1460,16690,49300,360,5840,3840,2,1,6,12,10,5,7,4,14,13,8,9,3,11,15,0,0,0,0.179,3.7,
20251025,4,2,0,703,23,1200,1,15,240,140,210,1250,1030,1520,24420,80380,410,2890,5850,1,5,4,10,9,6,14,3,13,8,2,7,11,15,12,0,0,0,0.213,2.4,
20251025,5,3,0,703,11,1800,1,9,2950,610,340,320,9620,23490,11490,143990,1870,1230,670,4,6,3,8,7,2,5,1,9,0,0,0,0,0,0,0,0,0,0.429,2.1,
20251025,5,2,0,703,11,1600,1,10,540,540,1400,600,6330,11150,8310,48270,980,390,1040,6,1,3,8,10,2,5,4,9,7,0,0,0,0,0,0,0,0,0.447,1.1,
20251025,5,1,0,703,23,1600,2,15,360,130,110,480,300,670,2310,7210,180,1340,900,2,4,5,7,1,15,6,12,10,9,8,14,3,11,13,0,0,0,0.297,1.7,
20251025,4,12,2,5,11,1400,1,17,1660,400,220,450,2920,7750,17910,110950,1040,2890,1800,4,9,5,1,15,11,13,2,12,3,8,7,6,17,14,10,16,0,0.239,4.9,
20251025,4,10,2,10,23,1800,1,15,450,240,270,200,4380,4870,8440,38850,1660,900,980,5,9,3,2,8,1,4,7,15,10,14,6,11,13,12,0,0,0,0.207,7.2,
20251025,4,9,2,5,10,1000,1,18,3120,800,1500,190,58970,105030,122790,1156120,14600,2970,4200,15,10,4,3,5,9,1,12,18,11,8,2,7,6,13,14,17,16,0.168,11.4,
20251025,5,8,2,5,11,2000,2,8,300,120,110,170,300,570,770,2610,160,420,300,2,1,4,6,5,3,7,8,0,0,0,0,0,0,0,0,0,0,0.434,2.0,
20251025,5,9,2,10,11,1400,2,12,630,210,360,130,6550,11130,3760,38300,2130,390,790,3,12,4,7,8,1,5,6,2,10,11,9,0,0,0,0,0,0,0.176,2.3,
20251025,5,10,2,16,23,1600,2,16,1070,260,160,150,2660,5840,2860,25860,650,600,420,4,2,1,3,5,7,13,9,6,8,14,15,10,11,12,16,0,0,0.345,2.1,
20251025,5,11,0,999,11,1600,2,10,390,170,870,180,9170,12830,11190,70480,2630,500,2940,4,5,10,3,1,2,7,8,9,6,0,0,0,0,0,0,0,0,0.252,8.7,
20251025,5,12,2,10,23,1400,2,13,270,130,160,280,550,1040,2300,6630,290,710,1040,4,1,5,2,10,8,3,6,12,11,7,9,13,0,0,0,0,0,0.398,4.0,
20251025,8,1,0,703,24,1400,1,14,450,200,390,240,3370,4480,9190,38180,1130,600,1790,6,10,4,5,13,14,1,12,11,9,2,7,3,8,0,0,0,0,0.246,2.5,
20251025,8,2,0,703,24,1800,1,11,330,130,270,110,3440,5250,2060,14450,910,200,450,3,5,4,1,9,0,10,8,2,6,7,0,0,0,0,0,0,0,0.264,2.0,
20251025,8,7,2,5,24,1800,1,11,2810,460,280,160,10460,24020,10350,121620,2550,1020,680,2,3,4,5,10,7,9,6,1,8,11,0,0,0,0,0,0,0,0.305,11.1,
20251025,8,8,2,10,18,1800,1,12,190,120,200,220,800,1050,2410,6160,390,400,1090,1,9,4,3,8,5,10,7,12,2,6,11,0,0,0,0,0,0,0.387,1.9,
20251025,8,12,2,5,18,1800,1,10,580,160,150,140,1420,3080,1360,9620,380,360,300,1,6,7,3,5,4,2,8,9,10,0,0,0,0,0,0,0,0,0.291,5.8,
20251025,8,11,2,999,18,1800,1,10,390,150,200,1410,1240,2700,24710,110530,470,5400,6390,6,10,7,2,1,4,9,8,5,3,0,0,0,0,0,0,0,0,0.260,3.8,
20251025,4,3,0,703,12,1800,1,13,250,130,140,230,490,830,1100,3150,250,350,630,2,1,4,3,8,11,6,9,10,12,7,5,13,0,0,0,0,0,0.308,3.6,
20251025,4,5,2,5,23,1800,1,14,480,160,150,220,990,2220,2920,13730,420,490,680,2,1,4,6,7,8,14,3,12,5,10,11,13,9,0,0,0,0,0.170,3.5,
20251025,4,11,2,16,12,2000,1,18,560,210,250,180,2380,4570,4720,24970,1050,880,650,13,12,5,1,3,8,2,9,18,4,7,14,11,16,15,17,10,6,0.209,9.8,
20251025,5,7,2,5,23,1400,2,16,280,150,260,180,1730,2220,2120,9560,630,370,720,3,4,7,6,1,16,2,12,5,13,8,11,9,15,14,10,0,0,0.261,4.4,
20251025,8,3,0,703,17,1400,1,12,460,220,400,540,2590,4480,12320,53560,760,1240,1990,11,4,1,2,5,10,6,3,7,9,8,12,0,0,0,0,0,0,0.182,1.5,
20251025,8,9,2,10,24,1900,1,16,190,110,230,150,770,1170,1810,6160,350,210,960,3,9,16,2,1,12,15,4,14,5,6,7,10,8,13,11,0,0,0.301,4.5,
20251025,8,10,2,16,18,1400,1,13,550,220,180,250,1110,2330,3790,18830,490,880,810,3,2,6,1,7,4,9,5,13,11,12,8,10,0,0,0,0,0,0.190,9.4,
20251026,4,1,0,703,23,1800,1,13,630,220,250,500,2440,4400,15240,80050,820,1710,2130,5,1,7,10,2,4,9,11,8,6,13,12,3,0,0,0,0,0,0.238,3.3,
20251026,4,9,2,5,12,1600,2,14,630,200,160,150,1960,4610,3120,24220,710,590,470,2,12,3,10,14,4,8,1,7,5,13,6,9,11,0,0,0,0,0.137,4.8,
20251026,4,2,0,703,11,1400,1,13,400,180,1330,180,12110,19910,11260,83690,3300,400,2900,9,3,10,1,4,6,5,8,12,2,7,13,11,0,0,0,0,0,0.206,2.4,
20251026,4,8,2,5,23,1800,2,12,160,110,920,220,2720,3920,5440,17110,1280,350,4770,1,10,4,3,6,9,8,12,2,7,5,11,0,0,0,0,0,0,0.362,1.6,
20251026,5,10,2,10,11,1800,2,11,290,150,230,220,1410,2690,3650,15100,510,480,1110,1,7,4,8,9,3,2,6,5,11,10,0,0,0,0,0,0,0,0.293,2.9,
20251026,5,12,2,5,23,1600,4,16,340,180,180,490,950,1700,8050,28800,430,1140,2350,1,2,7,11,14,4,6,10,9,16,15,3,8,13,5,12,0,0,0.203,3.4,
20251026,8,10,2,999,24,1800,3,14,730,270,170,330,1460,3520,3850,21460,540,910,730,1,2,14,12,3,7,6,8,10,13,4,11,5,9,0,0,0,0,0.236,7.3,
20251026,5,2,0,703,11,2000,2,10,180,110,190,300,700,1050,2660,8280,310,500,1370,5,1,10,2,9,3,8,6,4,7,0,0,0,0,0,0,0,0,0.333,4.9,
20251026,4,3,0,703,23,1800,2,10,270,120,140,130,710,1230,860,3740,240,240,260,1,4,3,2,7,5,8,6,10,9,0,0,0,0,0,0,0,0,0.363,2.7,
20251026,4,4,2,5,12,1800,2,16,630,230,310,350,4390,7410,11420,55510,1270,1240,1440,14,6,5,10,15,1,3,4,2,16,8,11,13,7,9,12,0,0,0.199,2.5,
20251026,4,6,2,5,23,1200,2,13,360,160,130,310,510,1220,1640,6580,280,700,680,1,2,9,3,5,6,7,4,13,10,8,11,12,0,0,0,0,0,0.278,3.6,
20251026,4,7,2,5,12,2000,2,15,450,190,230,290,1460,3160,6710,28120,640,1070,1370,2,1,3,4,9,5,6,12,10,7,15,14,11,8,13,0,0,0,0.216,5.7,
20251026,4,11,2,999,10,1000,2,17,340,140,140,190,560,1200,1750,6630,280,620,490,1,7,12,3,4,6,2,5,10,11,16,15,9,14,13,8,17,0,0.199,3.4,
20251026,4,12,2,5,23,1200,3,12,620,190,140,210,1670,3580,2140,11350,430,570,1690,5,11,1,3,8,2,12,6,10,3,9,7,0,0,0,0,0,0,0.197,4.4,
20251026,5,1,0,703,23,1400,4,14,850,200,110,280,620,2340,2000,18270,340,1150,480,2,8,6,11,13,1,4,7,3,9,12,5,10,14,0,0,0,0,0.412,1.7,
20251026,5,3,0,703,11,1600,2,11,170,110,110,190,190,320,940,2480,140,430,460,2,1,4,5,8,11,3,9,7,6,10,0,0,0,0,0,0,0,0.362,2.8,
20251026,5,7,2,5,23,1600,4,13,920,230,230,570,2680,5640,20080,105780,740,4040,1750,4,2,10,9,13,5,6,1,3,11,8,12,7,0,0,0,0,0,0.223,2.9,
20251026,5,8,2,5,11,1600,2,15,2050,640,310,440,8930,20740,29150,253320,2380,3240,1280,4,3,2,1,8,7,5,10,6,9,14,11,15,13,12,0,0,0,0.433,1.6,
20251026,5,9,2,10,23,1600,4,13,600,200,280,150,4610,7980,4170,28610,1480,520,730,5,1,2,7,3,11,10,13,8,6,9,12,4,0,0,0,0,0,0.173,5.9,
20251026,5,11,2,999,23,1400,4,16,280,130,160,1140,650,1160,9380,26340,310,2890,3180,2,1,5,6,7,14,4,10,8,12,15,9,3,11,16,13,0,0,0.239,4.2,
20251026,4,10,2,10,12,2000,2,16,1000,270,220,230,2860,5970,5130,37250,940,910,810,8,9,12,6,7,2,4,14,1,3,15,11,5,13,10,16,0,0,0.267,3.8,
20251026,8,2,0,703,17,1600,2,10,280,120,120,160,400,770,1150,4180,230,370,420,1,8,2,4,7,6,5,10,9,3,0,0,0,0,0,0,0,0,0.305,2.8,
20251026,8,3,0,703,17,2000,2,10,670,200,170,160,1420,2690,1240,9050,440,400,380,5,2,1,6,3,8,4,7,10,9,0,0,0,0,0,0,0,0,0.286,2.3,
20251026,8,6,2,5,24,1400,3,11,9190,1050,130,290,8130,27420,22020,330820,2360,8340,480,5,2,1,6,4,3,8,9,10,7,11,0,0,0,0,0,0,0,0.287,8.3,
20251026,8,7,2,5,24,1800,3,12,360,170,260,200,3250,4770,6740,23730,970,530,1370,5,10,1,2,6,3,7,12,4,11,9,8,0,0,0,0,0,0,0.202,2.0,
20251026,8,8,2,10,17,1200,2,14,370,160,350,240,2490,5060,5660,36000,950,720,1290,4,14,1,3,10,12,11,5,9,2,7,13,8,6,0,0,0,0,0.333,3.8,
20251026,8,9,0,999,18,1800,2,8,400,140,110,240,410,1010,2590,9760,200,900,690,2,1,5,7,6,4,3,8,0,0,0,0,0,0,0,0,0,0,0.272,1.9,
20251026,8,11,1,999,18,3000,2,18,380,180,190,1180,1110,2100,45690,140270,540,5480,8370,1,4,5,9,2,6,8,13,14,12,11,7,16,18,3,17,15,10,0.272,3.8,
20251026,8,12,2,10,24,1400,3,16,250,130,200,460,700,1200,6820,18820,360,1160,2540,1,4,2,6,7,15,14,11,3,12,9,5,8,10,13,16,0,0,0.241,2.5,
20251101,5,1,0,703,23,1600,4,16,130,110,180,340,540,580,3110,5720,310,650,2110,1,5,2,3,4,16,6,7,13,12,11,9,15,8,10,14,0,0,0.295,1.3,
20251101,8,10,2,16,24,1800,3,14,530,240,200,670,1710,3230,15080,46530,680,2060,2650,7,4,2,1,0,5,13,6,3,11,8,9,10,12,0,0,0,0,0.155,3.8,
20251101,8,12,2,5,18,1600,1,15,2100,530,300,610,6380,15090,48440,288230,1940,4630,2880,9,5,2,1,7,13,6,10,14,8,3,12,11,4,15,0,0,0,0.436,2.0,
20251101,8,11,0,999,18,1400,1,12,280,140,750,180,5200,6760,6870,33280,1710,370,2250,5,4,1,6,10,7,9,3,2,12,8,11,0,0,0,0,0,0,0.203,7.3,
20251101,8,9,2,10,17,2000,1,12,250,120,170,150,770,1220,1350,5010,330,310,450,2,0,1,11,6,3,10,7,9,8,4,5,0,0,0,0,0,0,0.240,6.2,
20251101,8,8,2,10,24,1800,3,15,690,270,870,310,9290,18030,31800,125620,3010,1660,3280,4,5,13,11,1,15,2,12,14,3,6,9,10,7,8,0,0,0,0.150,6.5,
20251101,8,7,2,5,24,1400,3,16,720,200,130,760,790,1830,14180,56040,360,3980,2070,2,6,15,1,11,5,13,10,8,12,7,4,9,3,14,16,0,0,0.183,2.5,
20251101,8,3,0,703,18,1800,2,8,190,110,140,320,350,600,1080,3010,180,390,680,4,1,2,5,6,3,7,8,0,0,0,0,0,0,0,0,0,0,0.438,2.8,
20251101,8,2,0,703,17,1200,2,12,2120,360,150,160,3670,10420,4580,46540,1190,860,450,4,11,7,10,2,8,1,3,5,6,9,0,0,0,0,0,0,0,0.183,7.5,
20251101,5,7,2,5,23,2100,3,16,1610,510,210,150,7500,13970,9220,70850,2660,1160,610,3,2,15,6,9,16,7,13,1,4,10,11,5,12,8,14,0,0,0.240,3.3,
20251101,5,12,2,5,11,1800,1,15,220,110,110,200,240,470,820,2660,150,420,510,1,2,6,15,14,9,3,4,5,10,12,7,13,8,11,0,0,0,0.466,2.2,
20251101,5,11,2,999,23,1600,3,16,1540,520,450,320,17640,27190,74350,396080,4660,3660,3800,14,10,16,15,1,12,6,13,4,7,2,11,8,3,9,5,0,0,0.146,9.3,
20251101,5,10,2,16,11,1600,1,12,420,150,330,120,4420,7020,2650,22310,1200,220,680,3,1,5,8,2,4,11,7,6,12,9,10,0,0,0,0,0,0,0.306,2.1,
20251101,5,9,2,10,11,2400,1,8,180,110,160,170,660,900,1080,3150,240,260,480,1,3,5,2,6,4,8,7,0,0,0,0,0,0,0,0,0,0,0.266,1.8,
20251101,5,8,2,10,23,1400,3,14,2130,540,220,960,5790,15560,51320,401370,1620,7940,2650,7,6,5,2,3,11,1,12,13,4,8,9,14,10,0,0,0,0,0.246,3.4,
20251101,5,6,2,5,23,1400,3,15,230,110,190,330,680,980,4470,11170,350,670,910,4,1,5,8,2,6,7,15,9,13,12,11,14,3,10,0,0,0,0.236,8.2,
20251101,5,3,0,703,11,2000,2,11,180,110,110,110,690,940,470,1630,150,120,110,1,3,2,3,6,5,7,9,10,8,11,0,0,0,0,0,0,0,0.221,1.8,
20251101,5,2,0,703,11,1400,2,12,170,110,520,200,3270,4270,5310,20590,800,340,2870,1,3,5,4,7,6,9,8,2,12,11,10,0,0,0,0,0,0,0.307,1.7,
20251101,8,1,0,703,24,1200,4,13,2050,210,110,110,1610,5090,550,11450,410,420,130,2,3,1,4,9,13,12,11,8,7,5,6,10,0,0,0,0,0,0.231,1.9,
20251102,8,9,0,5,24,1800,2,16,300,130,140,140,700,1290,980,4820,290,320,340,1,5,3,14,2,6,9,8,13,11,12,16,4,10,7,15,0,0,0.146,3.0,
20251102,8,10,2,16,18,3000,1,13,940,300,190,340,2110,4880,9020,59440,940,1260,1220,2,9,1,5,3,6,4,7,11,8,13,10,12,0,0,0,0,0,0.291,4.4,
20251102,8,8,2,10,24,1200,2,16,510,140,460,2640,14560,21650,482010,1451280,1560,11980,210,9,3,1,6,8,10,15,14,5,0,2,13,11,3,7,12,0,0,0.329,3.6,
20251102,5,3,0,703,11,1800,1,10,140,110,180,110,1270,1390,920,3820,320,140,510,1,3,4,8,2,6,5,7,9,10,0,0,0,0,0,0,0,0,0.306,1.4,
20251102,5,7,2,5,23,1600,3,16,200,120,200,250,680,1130,2650,8610,340,450,1070,1,5,4,2,7,3,0,11,8,6,13,12,15,14,10,9,0,0,0.235,2.0,
20251102,5,2,0,703,23,1400,3,14,140,110,380,130,1950,2260,1460,6780,600,150,1130,1,3,6,2,12,8,11,5,14,9,7,4,10,13,0,0,0,0,0.446,1.4,
20251102,5,9,2,10,11,1600,1,10,550,180,110,310,680,1650,3990,22160,320,1320,700,2,10,4,5,1,7,3,6,8,9,0,0,0,0,0,0,0,0,0.348,2.0,
20251102,5,10,2,16,23,1300,3,12,330,170,150,350,410,810,2840,8990,280,1080,890,5,2,3,1,12,4,8,9,6,7,11,10,0,0,0,0,0,0,0.243,3.8,
20251102,5,12,2,10,23,1600,3,13,190,110,120,170,260,370,700,1790,160,290,440,2,1,11,3,12,5,13,10,8,6,7,9,4,0,0,0,0,0,0.313,3.3,
20251102,8,1,0,703,24,1800,2,15,370,130,170,150,890,1610,1260,6030,360,430,440,1,3,2,7,4,14,13,11,5,8,6,15,9,10,12,0,0,0,0.255,3.7,
20251102,8,6,2,5,24,1800,2,15,300,120,190,140,1010,1570,1270,5880,340,260,590,1,2,3,5,4,9,12,7,0,10,8,13,6,14,11,0,0,0,0.225,3.0,
20251102,5,1,0,703,11,1600,1,12,270,120,130,130,540,910,390,2390,220,220,280,1,6,2,9,8,11,10,3,7,5,4,12,0,0,0,0,0,0,0.230,2.7,
20251102,8,12,2,10,18,1400,1,12,2780,760,210,410,8070,15650,61250,289980,2560,11120,1460,9,2,11,7,8,4,5,6,3,10,1,12,0,0,0,0,0,0,0.249,7.2,
20251102,5,11,2,999,11,2000,1,14,270,140,240,360,910,1390,5020,15860,430,820,1890,1,4,2,7,10,11,6,8,13,9,14,3,12,5,0,0,0,0,0.269,2.7,
20251102,8,11,2,999,18,1600,1,15,2620,500,190,230,10420,26700,21110,173350,2560,2190,1000,7,5,4,9,8,3,15,14,12,2,6,11,13,1,10,0,0,0,0.194,7.6,
20251102,8,7,2,5,18,2200,1,16,1050,270,320,180,4860,9900,9330,76820,1720,920,1350,10,13,6,3,2,8,1,4,9,5,12,11,15,7,14,16,0,0,0.191,6.1,
20251102,8,2,0,703,17,2000,1,7,150,110,320,0,910,1070,440,2130,240,150,330,3,7,1,4,2,5,6,0,0,0,0,0,0,0,0,0,0,0,0.373,4.3,
20251102,5,6,2,5,23,1400,3,16,270,130,140,170,670,1110,1740,7210,310,550,540,1,2,11,4,12,3,13,5,6,8,9,14,10,7,15,16,0,0,0.312,2.7,
20251108,8,7,2,5,24,1400,1,16,520,170,120,1210,530,1340,14730,57210,270,6010,2290,2,4,9,1,11,6,14,5,13,3,12,7,16,10,8,15,0,0,0.398,2.1,
20251108,3,2,0,703,17,1800,1,16,440,180,200,160,2790,4190,3700,20520,950,500,690,4,6,1,5,2,3,11,15,16,10,12,9,8,7,14,13,0,0,0.313,11.0,
20251108,3,6,2,5,17,1800,1,16,7230,1680,330,230,18480,46230,37300,436920,5100,5400,1230,5,6,4,3,9,2,12,13,8,11,10,15,1,7,14,16,0,0,0.303,1.8,
20251108,3,12,2,5,24,1700,1,15,1510,530,250,290,4820,10360,27390,172930,1690,3250,1420,5,2,7,12,4,3,1,9,11,8,14,15,10,6,13,0,0,0,0.205,4.6,
20251108,5,11,0,999,11,1400,1,16,180,130,380,760,1510,1940,14310,37670,640,1880,6640,1,13,10,5,12,8,2,4,3,15,6,11,8,16,14,7,0,0,0.288,1.8,
20251108,8,9,2,10,24,1400,1,16,8850,850,190,410,12050,34880,38860,444540,3470,7760,1180,2,9,4,7,6,12,11,3,14,1,16,13,5,8,10,15,0,0,0.297,3.0,
20251108,8,10,2,16,18,1600,1,12,7020,1310,190,600,17830,47000,105760,944430,5090,11650,2410,2,12,10,4,5,9,8,3,7,6,1,11,0,0,0,0,0,0,0.291,3.4,
20251108,8,11,2,999,24,1200,1,16,9460,840,180,120,30250,98570,8610,170610,3840,1910,3190,7,3,14,15,2,13,6,16,5,11,12,10,8,1,9,3,0,0,0.193,20.5,
20251108,8,12,2,5,17,2000,1,14,1290,290,640,140,22500,40440,16920,178810,4670,620,1720,3,6,2,4,1,7,10,5,8,9,12,12,11,14,0,0,0,0,0.226,2.4,
20251108,3,3,0,703,24,1700,1,15,510,230,170,410,650,1240,3210,10620,340,1550,740,8,5,2,3,13,11,14,7,12,1,10,9,6,4,15,0,0,0,0.166,7.4,
20251108,3,4,2,5,24,1150,1,16,290,140,150,210,720,1130,3800,11010,300,620,1080,10,2,1,6,3,9,14,7,4,15,11,8,5,12,13,16,0,0,0.127,82.0,
20251108,3,7,2,5,17,1200,1,16,1710,310,1180,110,55710,107780,38050,479880,12540,570,3180,3,8,7,9,6,10,5,1,12,11,16,4,2,13,14,15,0,0,0.197,1.8,
20251108,3,8,2,5,24,1150,1,16,480,190,350,300,4640,7940,16030,60310,1200,1010,2290,5,14,1,13,2,12,6,8,4,15,3,7,11,10,9,16,0,0,0.385,2.1,
20251108,3,9,2,5,17,2000,1,16,1480,410,280,310,3900,10920,6600,64450,940,970,520,7,6,5,2,3,14,13,9,1,15,8,10,4,12,11,16,0,0,0.448,1.5,
20251108,3,10,2,10,17,1200,1,16,3540,810,190,210,10190,23630,16550,117680,2800,2470,640,13,11,9,9,6,3,16,1,2,15,5,8,7,12,4,14,0,0,0.159,5.0,
20251108,3,11,2,16,17,1200,1,16,410,170,280,750,1540,2420,29560,127360,560,3510,4160,1,2,10,6,16,5,15,9,4,11,7,3,8,12,14,13,0,0,0.161,4.1,
20251108,5,1,0,703,23,1300,1,16,400,180,160,170,650,1190,970,5030,270,440,290,1,4,2,12,6,3,14,15,5,13,0,9,11,8,7,10,0,0,0.299,4.0,
20251108,5,2,0,703,23,1600,1,15,200,100,100,170,130,250,310,930,110,280,280,2,1,8,14,13,6,7,12,9,15,4,5,3,11,10,0,0,0,0.287,1.6,
20251108,5,3,0,703,11,2000,1,12,210,110,130,320,380,660,2040,5100,200,660,890,5,1,7,2,4,3,10,6,9,8,12,11,0,0,0,0,0,0,0.181,3.3,
20251108,5,7,2,5,23,1300,1,16,290,160,280,290,2370,2840,12620,40380,830,1170,1850,12,6,14,9,3,1,16,2,13,15,8,7,11,4,10,5,0,0,0.241,3.7,
20251108,5,8,2,10,11,2000,1,8,150,110,110,110,360,460,260,1040,140,120,190,1,3,2,4,5,7,8,6,0,0,0,0,0,0,0,0,0,0,0.484,1.5,
20251108,5,9,2,10,23,2100,1,13,170,110,130,150,330,420,690,1660,170,240,410,1,7,4,2,3,5,13,12,8,11,10,6,9,0,0,0,0,0,0.432,1.7,
20251108,5,10,2,16,23,1600,1,11,1660,220,130,110,2340,6880,940,16450,540,380,170,3,2,8,11,1,7,4,6,5,10,9,0,0,0,0,0,0,0,0.407,2.2,
20251108,5,12,2,5,11,1600,1,14,240,140,190,190,600,870,1670,5020,300,450,690,1,7,2,6,3,5,9,11,8,14,10,12,13,4,0,0,0,0,0.339,2.4,
20251108,8,1,0,703,24,1800,1,12,230,120,160,160,700,1130,1080,3930,250,240,470,1,3,2,8,7,5,6,12,9,4,11,10,0,0,0,0,0,0,0.294,2.3,
20251108,8,2,0,703,17,1400,1,15,990,280,7040,250,151990,330350,350900,3059450,32600,820,47960,3,4,7,5,10,1,6,2,15,13,9,11,12,14,8,0,0,0,0.173,5.0,
20251108,8,3,0,703,18,1800,1,10,350,120,120,120,600,1320,650,3910,210,260,230,2,1,5,6,3,4,7,0,8,9,0,0,0,0,0,0,0,0,0.292,2.6,
20251109,8,10,2,16,24,1200,4,12,3500,910,390,340,16970,38900,55770,500010,3620,3180,1960,5,9,11,3,7,6,1,12,8,2,10,4,0,0,0,0,0,0,0.421,2.1,
20251109,5,12,2,10,11,1400,1,18,470,170,210,460,1510,2870,10680,46050,500,1200,2380,4,15,2,7,1,16,3,10,13,5,6,8,11,14,17,9,18,12,0.190,2.8,
20251109,8,2,0,703,17,1600,2,8,220,110,110,150,320,560,520,1770,150,250,310,2,1,4,3,7,8,5,6,0,0,0,0,0,0,0,0,0,0,0.354,3.1,
20251109,8,6,2,5,24,1800,3,16,1990,300,470,110,14100,34380,5460,129680,2940,490,890,3,5,16,4,2,9,1,6,10,12,8,7,15,11,13,14,0,0,0.211,1.6,
20251109,8,7,2,10,18,2400,3,7,450,170,110,0,360,990,850,4330,160,430,280,2,1,6,3,4,7,5,0,0,0,0,0,0,0,0,0,0,0,0.500,1.7,
20251109,8,9,2,10,18,1600,3,8,190,110,130,160,360,580,1020,2950,180,360,590,1,2,6,3,4,5,7,8,0,0,0,0,0,0,0,0,0,0,0.514,1.9,
20251109,8,11,2,999,24,1800,4,15,600,220,380,200,5270,8490,8450,49680,1720,780,1300,9,2,10,1,3,11,7,14,12,13,5,4,6,0,8,0,0,0,0.128,11.6,
20251109,8,12,2,5,18,1400,3,17,1160,370,350,280,4300,8420,11590,72310,1540,1320,1480,7,2,14,4,11,6,3,1,10,8,16,13,5,15,12,17,9,0,0.178,10.2,
20251109,5,11,2,999,11,2500,1,18,2770,550,180,200,7050,16850,11560,101470,2260,2440,680,2,3,1,11,6,7,12,10,4,15,9,8,5,13,17,18,16,14,0.205,3.4,
20251109,3,1,0,703,24,1150,1,16,260,120,150,1530,560,1000,11540,40210,280,2970,6680,2,1,9,13,12,15,5,6,4,8,7,14,16,3,11,10,0,0,0.187,4.1,
20251109,5,4,0,703,11,1800,1,14,400,130,120,120,490,1140,500,3100,220,210,220,1,3,2,10,14,5,12,11,4,13,9,7,6,8,0,0,0,0,0.254,4.0,
20251109,5,3,0,703,11,1400,1,18,750,210,280,120,8900,13710,3300,40680,1780,310,680,3,6,11,1,4,17,0,2,12,13,7,16,15,14,8,5,9,10,0.277,1.9,
20251109,5,2,0,703,23,1600,2,16,140,110,140,150,420,520,760,1820,200,260,510,9,3,2,1,8,16,4,15,7,5,6,12,13,10,14,11,0,0,0.242,9.1,
20251109,5,1,0,703,11,1600,1,16,230,130,310,140,2300,3520,2960,15840,850,320,910,1,3,12,6,2,4,11,10,5,7,13,9,8,16,15,14,0,0,0.344,2.3,
20251109,3,12,2,5,17,1200,1,16,860,300,150,840,1270,3480,20270,93150,580,7800,1830,2,8,10,15,1,5,9,13,6,14,12,11,4,7,16,3,0,0,0.311,2.7,
20251109,3,11,2,999,17,1200,1,16,400,170,200,470,1250,2190,11740,43050,520,1780,2000,1,6,4,9,8,16,13,5,7,3,2,11,10,15,12,14,0,0,0.156,4.0,
20251109,3,2,0,703,17,1200,1,16,350,150,140,240,530,980,1580,5440,290,560,540,1,14,2,8,3,12,6,10,4,9,7,11,16,15,5,13,0,0,0.150,3.5,
20251109,3,8,2,5,17,2600,1,16,5710,1130,270,160,34830,75500,45250,481640,7090,4110,610,3,12,10,2,6,13,15,9,5,14,8,11,16,4,1,7,0,0,0.204,2.7,
20251109,3,7,2,5,17,1200,1,16,3070,740,250,220,9710,24860,23680,183540,2620,3160,1020,4,3,7,2,15,12,1,6,9,8,14,16,5,10,11,13,0,0,0.281,1.9,
20251109,3,3,2,5,24,1700,1,15,350,170,150,660,720,1520,7860,26510,380,2520,1930,2,10,1,3,7,5,9,6,14,12,8,4,15,11,13,0,0,0,0.280,3.6,
20251109,3,9,2,5,17,1800,1,16,1670,540,1430,290,47460,93510,83920,666110,12200,2090,6030,16,3,8,6,14,5,7,1,9,15,13,2,4,10,11,12,0,0,0.244,4.3,
20251109,5,10,2,16,11,2000,1,12,140,110,190,240,530,600,2160,4320,250,400,1140,1,2,4,5,10,6,3,9,8,12,7,11,0,0,0,0,0,0,0.612,1.4,
20251109,5,9,0,5,23,1400,2,16,170,110,440,590,1790,2150,13920,34970,760,1090,6020,4,5,2,1,7,3,14,9,8,6,12,15,11,10,13,0,0,0,0.138,5.6,
20251109,5,8,2,10,23,1300,2,16,390,160,280,270,1310,2350,5180,16740,550,790,1570,6,1,5,15,2,13,4,8,3,7,11,10,9,12,16,14,0,0,0.546,3.1,
20251109,8,8,2,10,24,1800,3,16,2180,380,150,180,4190,10030,4200,43170,1280,1720,300,9,1,2,5,3,12,10,16,7,4,14,11,15,8,6,13,0,0,0.196,5.5,
20251109,5,7,2,5,23,1600,2,16,440,190,1020,600,8670,10950,42460,163610,2540,1650,9750,1,6,13,10,15,5,3,9,8,4,14,2,12,7,16,11,0,0,0.349,4.4,
20251109,8,3,0,703,17,2000,2,8,180,110,140,200,570,740,1380,3300,230,340,670,1,5,4,2,6,3,7,8,0,0,0,0,0,0,0,0,0,0,0.488,1.8,
20251109,3,10,2,10,24,1700,1,15,6560,1490,270,340,35660,60660,71200,663800,7750,9810,870,8,4,15,9,3,5,14,12,2,7,6,13,10,1,11,0,0,0,0.211,12.7,
20251115,5,1,0,703,23,1400,1,13,120,100,330,330,840,960,2740,6190,410,410,2260,1,7,6,5,13,4,11,2,9,3,10,8,12,0,0,0,0,0,0.403,1.2,
20251115,5,2,0,703,11,1600,1,17,150,110,140,140,510,740,1030,2850,250,220,650,1,8,3,6,11,12,17,2,14,9,5,4,13,10,7,16,15,0,0.275,1.5,
20251115,3,7,2,5,17,1200,1,16,1720,410,400,220,7550,12710,21090,165480,2200,1980,1420,3,10,5,4,7,2,6,8,9,1,13,11,12,15,16,14,0,0,0.181,6.1,
20251115,5,3,0,703,23,1600,1,15,790,170,840,110,25090,47210,8560,137370,3870,260,1750,3,1,0,5,9,7,2,10,11,4,8,13,6,12,14,0,0,0,0.356,1.7,
20251115,3,1,0,703,24,1700,1,15,550,200,130,530,900,1710,4500,21240,400,1650,720,2,10,8,4,7,15,13,1,12,14,5,6,3,9,11,0,0,0,0.252,3.3,
20251115,5,7,2,5,23,1400,1,16,220,120,180,140,1020,1380,1290,5240,350,290,350,1,2,3,5,6,4,12,7,8,10,13,16,9,11,14,15,0,0,0.242,2.2,
20251115,3,2,2,5,24,1150,1,16,450,190,700,360,6860,10300,23320,117760,2390,1030,5540,1,15,5,10,4,3,7,11,12,14,13,16,6,8,9,2,0,0,0.229,4.5,
20251115,3,4,0,703,17,1200,1,16,510,170,230,150,1990,3490,2430,13940,730,340,610,3,9,6,1,7,13,8,11,4,2,12,14,10,5,16,15,0,0,0.167,4.2,
20251115,5,4,0,703,11,2000,1,13,270,130,550,3400,3390,5020,137050,338720,1240,6960,41900,5,4,6,1,10,2,8,12,7,13,11,3,9,0,0,0,0,0,0.343,3.6,
20251115,3,8,2,5,17,2600,1,16,1950,570,950,270,31720,51990,83540,556830,6950,3180,2930,11,0,8,9,3,2,5,12,1,6,4,0,14,10,7,13,0,0,0.357,2.4,
20251115,3,10,2,10,24,1700,1,15,610,240,170,430,1350,3120,13090,55000,560,2850,1660,15,2,1,5,4,11,3,9,14,12,13,8,6,7,10,0,0,0,0.177,6.0,
20251115,3,11,2,16,24,1150,1,16,8360,1620,130,190,8050,26160,12170,117610,2840,4920,370,2,11,13,16,4,3,15,12,9,1,5,10,14,7,8,6,0,0,0.235,2.3,
20251115,3,12,2,5,17,1200,1,16,980,400,710,410,11010,18600,36690,196670,3630,1880,3120,16,5,10,1,8,7,15,3,2,13,12,6,11,4,9,14,0,0,0.147,19.6,
20251115,5,10,2,16,11,1400,1,18,250,130,200,200,620,980,1730,5740,320,420,1060,9,2,1,10,3,5,8,17,4,12,16,15,11,6,13,14,18,7,0.241,3.8,
20251115,5,11,2,999,23,1600,1,16,450,160,140,290,830,1620,3290,13220,370,1180,700,2,3,7,1,10,12,9,5,13,4,8,14,15,6,11,16,0,0,0.287,2.8,
20251115,5,12,2,10,11,1600,1,13,210,110,140,560,380,580,3190,10090,210,950,1350,2,1,4,8,6,12,11,10,3,5,7,9,13,0,0,0,0,0,0.265,3.6,
20251115,8,3,0,703,24,1800,1,10,240,130,180,650,730,1100,4880,14100,310,1330,2070,6,1,4,2,9,10,8,3,5,7,0,0,0,0,0,0,0,0,0.251,3.7,
20251115,8,4,0,703,17,2000,1,12,720,150,110,110,1010,2290,490,5200,310,250,150,6,1,3,2,4,5,9,12,7,11,8,10,0,0,0,0,0,0,0.180,5.9,
20251115,8,12,2,5,18,1600,1,18,470,190,300,510,3470,5510,15080,67590,970,1430,3340,15,4,1,12,9,13,18,10,8,3,2,7,16,5,14,11,6,17,0.172,3.3,
20251115,8,8,2,10,17,2000,1,7,370,150,130,0,320,680,710,3660,170,440,310,1,4,5,6,2,7,3,0,0,0,0,0,0,0,0,0,0,0,0.195,3.7,
20251115,8,9,2,10,24,1200,1,15,780,250,110,640,820,2120,13160,49490,430,3750,1680,2,6,5,7,15,1,4,8,11,14,3,13,9,12,10,0,0,0,0.338,1.9,
20251115,8,10,2,999,17,2000,1,16,1240,480,170,570,3720,7310,19460,110460,1350,3710,1500,8,6,2,7,4,15,3,11,13,10,14,9,16,5,12,1,0,0,0.179,6.8,
20251115,8,11,0,999,18,1600,1,8,260,120,120,350,360,660,3230,11210,190,1190,1030,8,2,7,6,1,4,3,5,0,0,0,0,0,0,0,0,0,0,0.250,3.8,
20251115,3,3,0,703,17,2000,1,16,190,120,220,1190,1040,1450,22160,57420,400,2500,6200,1,2,4,15,11,5,16,10,8,7,9,6,13,12,14,3,0,0,0.173,1.9,
20251115,3,6,2,5,24,2400,1,16,560,160,180,180,1830,3850,2790,14860,570,370,690,2,5,1,4,7,3,8,15,9,14,11,13,10,12,16,6,0,0,0.135,6.6,
20251115,3,9,2,5,17,1800,1,16,1610,260,110,170,830,3670,2200,19390,330,1590,340,2,1,3,5,9,7,4,15,8,10,6,12,13,16,11,14,0,0,0.388,1.6,
20251115,5,9,2,10,23,1600,1,16,830,210,370,110,8980,18380,3930,46330,2390,320,570,3,6,12,2,1,4,7,8,16,9,14,5,10,11,15,13,0,0,0.187,1.8,
20251115,8,2,0,703,24,1400,1,11,120,100,150,170,570,680,870,2130,240,230,620,1,2,10,11,5,9,4,8,7,3,6,0,0,0,0,0,0,0,0.381,1.2,
20251115,8,7,2,5,24,1800,1,16,420,130,120,180,430,1050,1080,4620,170,450,360,2,3,1,8,6,7,15,10,4,11,13,12,14,5,16,9,0,0,0.234,2.7,
20251116,3,11,2,999,24,1700,1,15,960,220,140,170,1790,4360,3470,25110,700,1310,400,3,9,2,12,10,13,1,15,7,8,6,14,5,4,11,0,0,0,0.174,5.7,
20251116,3,9,0,999,17,1200,1,16,270,150,610,1040,3680,5100,28330,109830,1280,2100,6460,1,12,11,13,5,8,6,4,15,16,10,3,9,2,14,7,0,0,0.127,2.7,
20251116,5,10,2,16,11,1800,1,11,560,180,320,190,3230,5060,4110,25700,960,550,870,2,6,9,1,4,3,5,10,8,7,11,0,0,0,0,0,0,0,0.194,11.1,
20251116,3,1,0,703,24,1150,1,16,220,110,110,220,350,570,1050,3490,180,470,590,2,1,4,13,9,3,14,8,11,5,7,15,16,10,6,12,0,0,0.253,3.5,
20251116,8,11,2,999,18,2200,1,16,230,130,280,460,1280,1720,8920,24680,610,950,3430,15,4,9,5,2,1,13,10,12,3,8,14,11,6,7,16,0,0,0.179,26.5,
20251116,8,8,2,10,18,1400,1,15,2440,650,1840,250,73040,134280,141780,1627580,15260,2350,5980,4,3,9,12,7,5,13,11,6,1,2,8,10,15,14,0,0,0,0.199,10.5,
20251116,5,12,2,5,11,2000,1,13,620,200,280,150,4250,6940,3620,28940,1060,410,730,7,3,2,1,5,4,9,6,11,8,12,10,13,0,0,0,0,0,0.267,2.3,
20251116,8,7,2,10,24,1800,1,16,180,110,210,590,650,970,8100,17080,370,1400,3270,1,8,4,2,5,11,15,13,12,6,10,14,3,9,16,7,0,0,0.261,1.8,
20251116,3,3,2,5,24,1700,1,15,1680,520,410,580,9850,19730,53290,294830,2690,3570,4560,8,10,1,4,13,15,11,7,6,5,14,2,3,9,12,0,0,0,0.141,2.2,
20251116,3,7,2,5,17,1200,1,16,2730,630,370,190,11550,26000,16090,158940,3520,1790,830,12,3,4,6,11,7,15,2,9,1,8,14,13,10,5,16,0,0,0.180,28.8,
20251116,3,8,2,5,24,1150,1,16,730,230,660,290,17200,26800,40970,153810,5150,1060,5420,12,4,3,5,16,1,7,14,15,6,2,8,9,11,13,10,0,0,0.202,2.2,
20251116,3,10,2,10,17,2600,1,16,450,160,240,240,2050,3570,5590,26370,720,930,1260,2,5,1,7,4,3,10,8,6,12,16,9,13,14,15,11,0,0,0.190,7.5,
20251116,3,2,2,5,24,1700,1,15,730,210,160,200,1600,3400,2860,16320,620,760,420,9,10,3,2,1,8,5,4,7,11,12,15,6,13,14,0,0,0,0.235,3.6,
20251116,5,1,0,703,23,1400,1,16,330,130,150,150,420,880,1510,5950,220,350,530,3,1,2,6,8,7,4,0,15,11,5,10,14,9,13,12,0,0,0.241,6.0,
20251116,5,2,0,703,11,1800,1,18,340,150,120,150,570,1130,1160,5720,270,530,320,9,3,4,10,11,2,1,6,12,7,13,16,5,8,14,15,17,18,0.327,4.2,
20251116,5,3,0,703,11,1400,1,18,260,130,150,120,870,1360,640,3550,280,190,230,1,2,7,18,3,16,4,9,11,14,17,12,10,13,8,15,5,6,0.323,2.6,
20251116,5,6,2,5,23,1600,1,16,2360,310,120,120,3270,8490,1270,15420,550,700,2370,3,2,6,13,14,3,11,8,9,1,12,7,5,10,15,16,0,0,0.261,3.8,
20251116,5,7,2,10,23,1400,1,16,470,180,150,250,840,1740,2670,12840,420,940,650,2,7,8,6,1,16,3,9,12,10,11,4,13,5,14,15,0,0,0.306,3.2,
20251116,5,8,2,10,11,1800,1,13,200,240,330,870,2040,1670,10650,17320,670,1260,2500,13,6,1,8,5,9,3,1,7,11,12,4,10,0,0,0,0,0,0.204,1.7,
20251116,5,9,2,16,23,1400,1,14,290,140,910,140,9470,12560,6190,54110,1800,210,2500,3,1,6,7,8,14,10,12,11,9,2,4,13,5,0,0,0,0,0.349,2.7,
20251116,5,11,2,999,11,1400,1,18,380,210,230,580,1940,3520,11760,44500,870,1520,3560,10,12,1,2,14,5,18,6,9,7,3,17,4,8,11,13,16,15,0.166,13.7,
20251116,8,2,0,703,24,1200,1,15,1060,240,130,180,1620,3960,2200,25040,460,840,380,4,2,9,10,6,12,15,11,3,13,1,5,8,7,14,0,0,0,0.210,5.5,
20251116,3,12,2,5,17,2000,1,16,1350,460,260,330,5960,11900,18740,120600,1650,2270,1590,4,3,13,6,2,7,1,11,12,10,16,14,8,15,5,9,0,0,0.180,4.0,
20251116,8,6,2,5,24,1200,1,16,220,110,230,120,1650,2320,750,5600,500,160,450,3,9,1,4,2,10,6,12,11,13,7,5,15,16,8,14,0,0,0.363,2.4,
20251116,8,9,0,5,17,2000,1,8,1530,590,320,430,3080,7320,6860,60550,770,1340,730,1,4,5,2,8,7,3,6,0,0,0,0,0,0,0,0,0,0,0.207,15.3,
20251116,8,10,2,16,24,1800,1,14,380,160,190,200,1030,1800,1850,8060,430,490,640,12,1,13,14,3,5,4,2,9,11,6,7,8,10,0,0,0,0,0.214,8.0,
20251116,8,12,2,16,18,1800,1,12,270,140,240,160,1370,2090,1830,8490,480,270,740,3,1,6,10,9,8,5,2,7,4,12,11,0,0,0,0,0,0,0.225,4.0,
20251116,8,3,0,703,17,1600,1,15,580,150,110,260,300,1020,1130,7370,170,890,360,2,12,1,10,3,7,8,6,11,15,14,5,4,9,13,0,0,0,0.368,1.4,
20251122,8,11,2,999,24,1900,1,16,170,110,630,350,3300,4080,9810,29300,1110,710,4460,1,9,8,14,5,2,13,3,15,12,6,16,11,10,4,7,0,0,0.359,1.7,
20251122,3,1,0,703,24,1700,1,14,260,120,740,280,7200,10360,22290,108260,1910,710,5680,13,8,1,3,7,5,14,10,11,2,6,12,9,4,0,0,0,0,0.182,14.1,
20251122,3,2,2,5,24,1150,1,16,6350,2620,410,930,35360,81590,171190,896700,7840,15400,3160,10,6,4,13,14,3,5,2,7,9,1,16,12,8,15,11,0,0,0.149,10.3,
20251122,3,3,0,703,24,1700,1,15,300,140,160,840,460,1010,5010,17850,260,1810,2080,1,2,5,11,4,14,7,15,12,3,13,9,8,6,10,0,0,0,0.245,3.0,
20251122,3,6,2,5,24,1700,1,15,240,130,200,120,1710,2330,940,5290,500,200,520,3,1,2,5,14,4,12,13,11,8,10,6,15,7,9,0,0,0,0.248,3.0,
20251122,3,7,0,703,17,1800,1,16,730,240,400,440,3340,6410,11190,50330,1210,1580,2050,1,2,5,10,8,4,3,7,6,12,13,11,9,16,15,14,0,0,0.224,7.3,
20251122,3,8,2,5,17,2000,1,16,450,140,150,130,800,1700,920,5790,420,280,310,3,14,6,1,2,11,8,10,13,4,12,15,5,7,16,9,0,0,0.249,2.5,
20251122,3,10,2,10,24,1150,1,16,570,140,400,110,7300,12990,2830,31670,1440,200,750,3,5,1,12,9,4,2,11,13,15,16,6,7,8,14,10,0,0,0.673,1.5,
20251122,3,11,2,999,17,2000,1,16,390,160,160,330,840,1850,3840,14530,410,950,1060,1,2,6,15,9,4,3,5,12,7,11,13,16,10,8,14,0,0,0.240,3.9,
20251122,3,12,2,5,17,1200,1,16,1960,600,1510,340,56780,108700,168950,1355180,11700,3050,8500,14,5,7,3,11,10,6,8,4,12,1,2,9,16,15,13,0,0,0.172,8.0,
20251122,8,1,0,703,24,1200,1,14,270,110,120,120,490,920,400,2290,220,170,260,1,2,3,11,14,9,10,8,7,4,12,5,13,6,0,0,0,0,0.187,2.7,
20251122,8,2,0,703,24,1800,1,15,110,100,130,510,240,300,3730,6770,150,1060,1870,1,7,2,9,5,6,10,4,12,13,3,14,8,15,11,0,0,0,0.576,1.1,
20251122,8,4,0,703,18,1800,1,11,1170,290,310,110,5220,9440,2760,30960,1190,530,450,1,5,4,3,7,2,9,11,8,6,10,0,0,0,0,0,0,0,0.328,11.7,
20251122,8,7,2,5,24,1800,1,16,150,110,370,630,1280,1480,12770,28780,600,1050,5300,1,4,10,14,15,3,13,7,6,2,12,5,9,11,16,8,0,0,0.412,1.5,
20251122,3,9,2,5,17,1800,1,16,2920,680,240,160,9200,19370,8500,81210,2470,1770,530,7,3,4,5,2,8,12,15,11,6,1,13,10,16,9,14,0,0,0.271,3.2,
20251122,8,3,0,703,17,1200,1,18,430,180,260,760,1800,3090,10250,40890,670,1510,3340,5,1,4,8,3,2,9,11,10,7,0,14,12,13,15,0,6,0,0.237,2.1,
20251122,8,8,2,10,24,1400,1,16,1040,260,240,190,1900,4110,4550,20580,1100,610,810,4,14,2,5,7,1,8,12,16,11,2,10,6,13,9,15,0,0,0.189,3.0,
20251122,8,9,0,5,18,1400,1,9,390,120,140,110,690,1320,510,3950,270,160,250,3,6,1,2,4,9,7,5,8,0,0,0,0,0,0,0,0,0,0.363,2.2,
20251122,8,10,2,16,18,2400,1,16,210,120,140,260,570,770,2010,5360,250,520,1040,1,6,13,2,10,5,3,9,7,14,11,4,8,12,16,15,0,0,0.399,2.1,
20251122,8,12,2,10,17,2000,1,15,280,120,110,190,270,590,1120,3810,170,620,420,1,2,11,5,15,6,4,9,8,13,3,12,10,14,7,0,0,0,0.454,2.8,
20251123,5,8,2,10,23,1600,1,16,770,220,600,160,11140,17590,6690,53540,2850,500,1180,3,4,7,16,1,9,2,5,8,14,12,10,11,15,13,6,0,0,0.228,2.9,
20251123,8,12,2,16,17,1200,1,16,990,340,200,1420,2210,5680,37450,191110,860,7360,4860,2,12,10,1,13,11,7,9,3,15,4,5,6,8,16,14,0,0,0.314,4.1,
20251123,5,12,2,10,11,1400,1,18,1530,480,360,220,7100,15130,11110,84490,2170,1350,940,6,14,4,3,2,1,8,5,10,16,15,18,11,7,9,13,17,12,0.173,4.3,
20251123,5,3,0,703,11,1600,1,18,310,120,150,120,720,1160,930,4420,270,200,420,1,0,3,9,5,2,7,16,12,6,10,8,4,17,13,14,11,15,0.184,3.1,
20251123,8,7,2,5,18,2400,1,18,1270,320,340,130,13530,24490,6190,87010,3170,560,560,3,13,9,1,6,8,2,5,4,12,18,7,17,10,14,16,11,15,0.300,2.0,
20251123,8,10,2,16,24,1400,1,16,1590,410,420,240,8940,17390,13970,129380,2370,1370,1250,10,7,1,3,2,5,11,12,6,4,9,8,15,14,13,16,0,0,0.139,6.7,
20251123,8,11,2,999,18,1600,1,18,180,110,230,1370,640,870,23090,52470,340,3930,9530,6,7,1,16,2,12,11,9,18,14,5,4,17,8,10,15,3,13,0.162,5.2,
20251123,8,3,0,703,17,2000,1,16,340,220,350,280,1490,2310,3520,13810,490,470,770,1,4,3,2,6,14,11,5,10,7,9,13,8,12,16,15,0,0,0.293,3.4,
20251123,8,2,0,703,24,1800,1,13,410,200,230,240,1920,3070,5700,21520,800,950,1090,8,3,5,1,9,10,4,7,2,11,6,12,13,0,0,0,0,0,0.333,2.7,
20251123,8,1,0,703,24,1400,1,14,260,120,150,1180,520,980,9360,28910,260,3090,4000,2,7,1,12,4,8,11,5,10,3,6,13,14,9,0,0,0,0,0.294,3.9,
20251123,5,11,2,999,23,1400,1,16,210,110,290,400,1220,1590,8130,23050,540,1100,2940,14,1,2,3,4,11,13,10,9,15,6,8,16,5,7,12,0,0,0.222,4.3,
20251123,5,10,2,16,11,1600,1,17,330,160,170,510,800,1480,6770,19490,400,1600,1700,1,8,9,2,7,6,5,11,15,16,14,3,4,13,10,12,17,0,0.198,3.3,
20251123,5,2,0,703,11,1800,1,18,140,110,490,200,2100,2510,4020,13240,790,280,2410,1,16,9,11,3,2,4,7,15,6,13,12,5,18,8,10,14,17,0.337,1.4,
20251123,5,7,2,5,23,2100,1,16,860,270,180,610,2370,5360,17240,111230,870,4180,1700,2,4,5,16,6,1,10,14,12,13,8,15,3,9,7,11,0,0,0.180,4.3,
20251123,5,6,2,5,23,1600,1,16,370,200,2240,390,20970,30720,42850,187970,5140,770,10840,4,5,6,1,9,8,3,14,7,2,16,11,10,13,15,12,0,0,0.229,8.5,
20251123,5,9,0,5,11,1600,1,8,880,220,130,160,1480,3190,1690,13270,470,490,350,3,2,4,6,5,8,7,1,0,0,0,0,0,0,0,0,0,0,0.305,4.5,
20251123,8,9,2,10,18,1600,1,13,410,150,110,430,330,790,3680,13670,180,1680,1000,2,1,5,3,6,7,12,10,8,4,13,9,11,0,0,0,0,0,0.413,1.7,
20251123,8,8,2,10,24,1800,1,14,430,130,110,150,360,930,540,3760,200,380,240,3,2,1,4,5,14,6,8,7,9,11,12,13,10,0,0,0,0,0.371,5.6,
20251123,8,6,2,5,24,1400,1,16,900,260,480,650,6310,11130,50220,234200,1850,2970,6010,5,4,9,1,13,3,7,15,11,8,10,6,12,2,16,14,0,0,0.182,2.8,
20251124,3,8,2,5,17,1200,1,16,600,220,360,150,3640,7140,5480,39440,1260,530,1010,10,3,1,14,13,4,15,6,2,9,7,5,11,16,12,8,0,0,0.186,13.0,
20251124,3,2,2,5,24,1700,1,15,11170,2110,210,640,24200,69480,129550,1803620,7440,21820,2140,14,2,5,13,6,7,1,10,11,9,3,4,8,15,12,0,0,0,0.257,3.4,
20251124,3,3,2,5,24,1700,1,15,610,190,140,450,770,1960,5510,27750,410,1950,1090,2,1,6,4,9,7,8,14,15,12,10,3,11,13,5,0,0,0,0.224,2.7,
20251124,3,6,0,703,17,1200,1,16,650,250,230,400,2360,4370,8100,38180,940,1180,1670,3,1,5,4,16,9,2,8,6,13,14,7,11,12,10,15,0,0,0.148,9.8,
20251124,3,7,2,5,24,1150,1,16,4130,670,150,860,5540,14810,54820,384250,1540,11950,2740,13,2,6,4,10,8,11,1,5,9,3,14,12,16,15,7,0,0,0.162,6.3,
20251124,5,12,2,5,11,1600,1,18,240,140,160,180,740,1030,1420,4660,310,320,500,1,4,3,2,12,14,6,9,5,16,11,13,10,8,7,18,15,17,0.360,2.4,
20251124,5,10,2,16,23,2100,1,16,480,140,110,340,260,1070,1510,10540,170,1160,510,2,1,4,10,6,5,12,11,13,7,3,8,16,14,9,15,0,0,0.377,1.3,
20251124,5,8,2,10,23,1400,1,16,210,120,130,170,480,650,1370,3260,220,370,660,1,3,5,2,9,0,8,4,10,11,0,13,7,6,14,12,0,0,0.232,2.1,
20251124,5,5,2,5,23,1400,1,16,860,230,130,180,1160,3430,2140,19490,530,800,390,2,7,3,6,1,5,13,9,12,10,16,4,11,14,8,15,0,0,0.275,2.5,
20251124,5,4,0,703,23,1600,1,14,280,100,100,170,150,400,460,1660,110,380,310,2,1,6,5,3,11,4,7,9,13,10,8,12,14,0,0,0,0,0.367,1.5,
20251124,5,3,0,703,11,2000,1,16,130,110,130,190,260,310,610,1430,150,250,560,1,3,2,9,7,6,16,4,14,8,12,10,5,11,13,15,0,0,0.217,1.3,
20251124,5,2,0,703,11,1400,1,18,190,110,230,130,2430,2780,1970,9010,680,190,790,6,11,1,3,8,13,4,2,14,9,5,7,10,18,16,12,15,17,0.278,15.9,
20251124,3,1,0,703,24,1150,1,16,210,120,160,140,470,730,1050,3670,230,250,640,5,3,2,11,6,1,10,14,16,9,12,15,7,13,8,4,0,0,0.193,16.4,
20251124,5,1,0,703,23,1600,1,15,610,110,100,140,220,750,340,1990,140,230,200,2,1,4,3,7,14,8,15,6,11,10,5,13,9,12,0,0,0,0.487,1.1,
20251124,3,12,2,5,17,2000,1,16,400,150,190,150,1410,2350,1890,10140,500,330,460,5,1,3,14,2,13,4,6,7,16,11,12,15,9,8,10,0,0,0.209,5.9,
20251124,3,11,2,16,24,1700,1,15,5070,1530,580,450,33310,89320,113720,871610,9740,7240,2790,3,8,6,14,1,7,4,5,2,9,11,0,13,12,10,0,0,0,0.152,13.7,
20251124,3,10,2,10,17,1800,1,16,1380,340,290,620,1850,4450,25690,72820,1380,3610,2550,16,6,2,4,1,15,5,14,12,9,2,13,11,8,10,7,0,0,0.303,2.8,
20251124,5,11,0,999,11,1800,1,12,730,190,230,170,2960,5690,4610,33610,830,640,740,8,3,5,10,7,1,4,2,6,9,12,11,0,0,0,0,0,0,0.198,9.0,
20251124,3,9,2,5,17,2600,1,16,300,150,280,710,1750,2600,15470,63710,700,2290,4730,5,1,13,10,8,2,7,4,3,6,15,16,11,9,12,14,0,0,0.125,19.0,
20251124,5,9,2,10,11,2400,1,12,1510,200,110,130,1470,4770,1100,16220,390,480,170,2,8,5,3,1,11,4,9,10,7,6,12,0,0,0,0,0,0,0.276,1.9,
20251129,5,1,0,703,23,1600,1,13,1070,380,230,600,3460,7840,20300,110550,1280,2600,1440,6,7,4,9,10,2,11,3,1,13,8,5,12,0,0,0,0,0,0.271,4.1,
20251129,8,10,2,16,18,1400,1,12,560,190,150,910,740,1990,6810,30860,390,2690,1930,2,8,5,1,10,12,4,7,3,6,9,11,0,0,0,0,0,0,0.259,2.9,
20251129,8,12,2,10,17,1200,1,16,170,110,200,330,650,810,4850,10630,320,660,2330,1,7,8,2,10,13,6,16,15,4,9,14,12,3,11,5,0,0,0.303,1.7,
20251129,5,6,2,5,23,1600,1,16,690,190,490,110,11680,20690,7160,88320,2660,290,1280,8,3,1,6,5,15,10,4,11,9,2,7,13,16,12,14,0,0,0.219,4.0,
20251129,8,8,2,10,24,1200,1,16,1410,390,160,690,2970,9120,18660,140350,990,6250,1550,7,2,4,14,13,3,5,10,1,11,9,8,15,16,6,12,0,0,0.354,4.0,
20251129,8,3,0,703,17,1600,1,14,220,120,340,180,1880,2480,3430,13430,650,320,1360,4,1,3,9,13,14,2,6,8,11,7,5,12,10,0,0,0,0,0.198,18.8,
20251129,8,1,0,703,24,1400,1,14,290,120,150,350,730,1250,4550,16050,300,1000,1390,1,5,2,14,8,10,3,7,13,6,4,11,9,12,0,0,0,0,0.188,2.9,
20251129,5,12,2,10,11,1600,1,9,150,110,130,500,380,520,4120,8500,200,990,1910,1,7,2,6,3,4,5,8,9,0,0,0,0,0,0,0,0,0,0.320,1.5,
20251129,5,11,2,999,11,1600,1,18,650,280,220,240,1790,3760,6470,31250,780,1170,1070,2,18,3,7,1,9,13,8,6,5,4,14,12,15,11,16,10,17,0.287,5.1,
20251129,5,8,2,10,23,2100,1,16,370,130,320,140,2730,4180,2070,15300,790,220,660,1,3,9,15,16,2,7,6,8,14,4,13,12,10,5,11,0,0,0.215,3.7,
20251129,5,7,2,5,11,2400,1,16,160,110,140,130,470,600,600,1780,230,200,400,1,3,12,6,2,4,5,10,11,7,9,8,13,16,14,15,0,0,0.393,1.6,
20251129,5,3,0,703,11,1800,1,12,9790,1460,280,210,27850,63500,37420,382200,5230,4970,840,6,4,8,3,5,10,9,2,7,1,12,11,0,0,0,0,0,0,0.283,9.6,
20251129,8,7,2,5,18,1800,1,18,1350,380,140,240,2210,5610,4980,33380,980,1500,530,16,2,3,13,1,6,9,4,17,4,7,8,11,18,15,10,12,14,0.138,113.3,
20251129,5,9,0,999,23,1600,1,12,170,110,600,200,4490,5860,11830,53650,1150,310,5670,7,9,1,6,4,10,3,5,8,2,11,12,0,0,0,0,0,0,0.166,95.5,
20251129,5,2,0,703,11,1400,1,18,1730,370,150,180,2450,6850,2820,31650,740,950,370,7,2,3,1,5,8,10,4,15,16,6,14,9,17,13,11,12,18,0.176,6.0,
20251129,8,11,0,999,17,2000,1,11,2500,710,870,250,32490,53360,80990,674750,7860,2310,3940,9,7,10,8,6,5,3,4,1,2,11,0,0,0,0,0,0,0,0.251,11.8,
20251129,8,9,2,10,24,1800,1,13,510,150,820,120,19800,29100,7960,71970,3970,250,1900,3,1,8,6,13,7,4,9,12,2,11,5,10,0,0,0,0,0,0.366,1.9,
20251129,5,10,2,16,23,1400,1,16,2890,500,820,180,33360,59420,28240,347230,6250,1160,1790,3,5,6,8,15,11,7,1,2,12,16,13,4,9,10,14,0,0,0.255,4.5,
20251130,5,12,2,999,11,2400,1,18,620,210,120,180,1180,2370,1930,11070,520,740,320,4,0,2,5,3,12,1,0,14,8,15,11,6,7,16,9,10,13,0.191,4.6,
20251130,5,8,0,5,11,1600,1,8,210,110,280,290,2040,2910,5950,24210,710,600,1850,5,7,6,1,4,3,0,2,0,0,0,0,0,0,0,0,0,0,0.225,4.8,
20251130,8,10,2,16,24,1800,1,16,800,300,180,1210,2580,5880,56470,218250,910,7250,4720,9,11,15,13,2,14,8,4,1,16,7,6,12,3,5,10,0,0,0.192,4.5,
20251130,8,2,0,703,18,1800,1,13,250,110,110,1290,190,470,6870,18170,140,5610,3850,2,1,7,13,11,10,4,6,3,12,9,8,5,0,0,0,0,0,0.394,1.8,
20251130,8,1,0,703,24,1200,1,16,530,170,140,200,760,1780,2900,16280,350,710,570,5,2,1,12,9,14,3,4,11,6,15,8,16,7,10,13,0,0,0.309,2.5,
20251130,8,4,2,5,24,1400,1,16,500,150,110,190,490,1130,1190,6270,230,590,360,1,2,8,3,13,6,12,9,10,7,16,14,11,4,5,15,0,0,0.249,5.0,
20251130,8,7,2,5,24,1800,1,16,630,210,290,560,2940,4890,31450,150470,820,2130,3140,4,1,5,2,11,6,7,10,15,9,14,16,3,8,13,12,0,0,0.219,2.1,
20251130,8,8,2,10,18,2200,1,8,1890,310,160,280,2370,7650,5410,50300,530,1320,550,6,4,1,2,3,5,7,8,0,0,0,0,0,0,0,0,0,0,0.246,2.6,
20251130,8,9,0,5,17,1600,1,11,380,180,190,340,1140,1920,6280,19150,470,1190,1290,1,2,9,5,6,3,10,11,7,4,8,0,0,0,0,0,0,0,0.224,3.8,
20251130,8,11,2,999,24,1400,1,16,3590,520,110,300,2410,7620,6890,63810,870,3220,510,5,2,11,3,4,14,9,6,1,13,8,10,12,15,16,7,0,0,0.344,4.3,
20251130,8,12,2,999,17,1200,1,18,1170,300,220,260,4470,10490,10360,72100,1400,1590,760,3,2,13,16,10,4,12,15,1,17,11,5,7,8,6,0,14,9,0.154,8.2,
20251130,5,1,0,703,23,1400,1,16,1020,320,160,130,2680,6140,2510,21390,1140,870,340,3,5,13,9,10,15,1,6,2,7,14,8,4,12,11,16,0,0,0.258,2.5,
20251130,5,2,0,703,11,1600,1,13,740,120,100,120,310,1140,280,3520,150,270,160,2,1,3,4,9,5,6,7,8,10,12,13,11,0,0,0,0,0,0.275,1.1,
20251130,5,3,0,703,23,1600,1,16,160,110,300,240,1520,2150,4360,12850,550,350,2500,1,4,3,8,5,15,10,14,16,2,6,7,13,11,9,12,0,0,0.333,1.6,
20251130,5,4,0,703,11,2000,1,13,800,140,110,130,540,1800,770,6440,220,420,160,2,1,4,7,3,11,13,5,6,8,10,9,12,0,0,0,0,0,0.299,1.5,
20251130,5,7,2,5,23,1400,1,16,400,180,360,260,2680,3560,5220,20860,750,470,1890,7,6,3,1,11,14,12,10,2,9,5,13,16,8,4,15,0,0,0.302,2.5,
20251130,5,9,2,10,11,2000,1,9,330,130,110,210,310,700,1020,3910,170,460,450,2,1,6,4,3,8,5,9,7,0,0,0,0,0,0,0,0,0,0.282,2.0,
20251130,5,10,2,10,23,1400,1,16,2700,570,340,1090,8090,24110,168130,853310,2670,13150,6670,10,4,13,14,5,7,1,2,6,11,3,8,12,16,9,15,0,0,0.186,2.0,
20251130,5,11,2,16,11,2000,1,16,320,160,200,300,940,1610,2700,10400,390,620,950,12,3,5,2,1,6,9,4,8,0,13,10,7,14,11,15,0,0,0.212,26.8,
20251206,9,2,0,703,24,1800,1,16,220,140,250,1820,1310,1990,24810,70980,620,2440,11310,1,4,9,11,10,13,3,2,7,14,16,6,12,5,8,15,0,0,0.299,2.2,
20251206,6,11,2,999,21,3600,1,14,440,160,290,160,2200,4150,3030,17550,730,360,980,3,1,8,14,6,2,7,4,11,9,5,12,10,13,0,0,0,0,0.188,3.5,
20251206,6,12,2,10,18,1200,1,16,740,230,160,200,1350,2980,2350,14850,550,630,420,2,0,11,6,10,3,5,0,1,7,0,9,12,4,8,13,0,0,0.159,4.2,
20251206,7,1,0,703,23,1400,1,16,290,180,180,670,1120,1540,8290,23020,490,1350,1920,2,7,1,8,9,16,10,12,5,14,15,3,13,4,6,11,0,0,0.189,7.2,
20251206,7,2,2,5,23,1200,1,13,1260,320,150,130,2280,5910,2710,20420,720,970,270,1,2,3,4,6,10,7,9,8,13,11,5,12,0,0,0,0,0,0.172,12.6,
20251206,7,4,0,703,11,1200,1,18,380,140,140,190,550,1300,1000,4900,240,410,350,2,9,1,13,5,3,6,11,8,12,4,17,7,16,15,14,18,10,0.177,2.7,
20251206,7,5,0,703,11,2000,1,14,650,190,110,130,630,1570,620,4660,290,440,190,2,3,6,11,8,10,1,4,7,13,5,9,14,12,0,0,0,0,0.233,1.9,
20251206,7,6,2,5,23,1900,1,16,2380,530,140,130,6000,10690,6350,51610,1540,1350,280,3,4,5,6,9,2,8,15,1,7,11,13,14,10,12,16,0,0,0.215,3.1,
20251206,7,8,2,5,11,2000,1,18,420,200,240,260,2010,3660,6660,33620,800,1240,1180,11,4,8,15,5,1,2,3,7,10,17,6,12,13,9,14,18,16,0.118,14.0,
20251206,7,9,0,5,11,1600,1,8,550,140,140,110,1540,3010,900,8800,410,260,220,6,3,2,4,1,7,8,5,0,0,0,0,0,0,0,0,0,0,0.257,6.2,
20251206,7,10,2,10,23,1200,1,13,130,110,180,120,860,940,1040,3960,270,160,490,1,3,5,2,10,6,4,8,12,7,9,11,13,0,0,0,0,0,0.325,1.3,
20251206,7,11,2,16,11,1400,1,12,360,140,350,150,3450,5500,2920,19350,1060,280,710,1,3,6,12,10,11,7,5,4,2,8,9,0,0,0,0,0,0,0.229,3.6,
20251206,7,12,2,5,11,1600,1,16,1410,400,1430,760,30310,50100,129810,938650,7290,4050,10390,5,6,7,1,15,10,13,2,9,12,8,4,3,14,11,16,0,0,0.223,2.5,
20251206,9,4,0,703,18,1800,1,9,140,100,130,120,280,400,510,1210,150,160,450,1,4,7,3,2,5,6,9,8,0,0,0,0,0,0,0,0,0,0.333,1.4,
20251206,9,7,2,5,24,1800,1,14,7650,1590,530,320,43660,98020,70000,623790,12090,7020,1750,8,14,4,5,7,6,10,9,3,2,11,12,1,13,0,0,0,0,0.262,2.2,
20251206,9,8,2,10,24,1400,1,16,3640,960,400,270,30250,85270,70180,856350,10960,4720,2090,4,3,13,6,5,16,7,10,1,14,2,8,11,12,9,15,0,0,0.160,15.7,
20251206,9,10,2,16,24,1200,1,16,880,260,180,270,1870,4020,4170,26190,700,1590,530,2,8,1,3,7,16,5,9,4,6,10,15,13,12,14,11,0,0,0.294,4.0,
20251206,9,11,2,999,18,1800,1,14,430,200,400,260,3540,5960,9440,48840,1230,670,1490,4,10,2,8,13,5,9,1,6,14,3,7,12,11,0,0,0,0,0.228,2.6,
20251206,9,12,2,5,18,1600,1,15,280,120,130,180,560,1000,1200,4490,240,380,420,1,3,5,6,2,13,11,9,7,8,4,14,10,15,12,0,0,0,0.233,2.8,
20251206,6,10,2,10,24,1800,1,12,280,140,170,400,520,850,2420,7040,260,990,1100,1,4,6,2,7,9,10,3,5,11,8,12,0,0,0,0,0,0,0.380,2.8,
20251206,7,3,2,5,23,1800,1,15,3150,640,440,210,16350,30750,36020,280200,4830,2960,1890,7,13,11,9,5,3,8,1,2,14,12,10,15,6,4,0,0,0,0.208,2.4,
20251206,7,7,2,5,23,1800,1,16,200,110,290,180,1550,2190,2400,9070,660,290,1060,1,8,2,15,3,7,5,13,4,12,9,10,11,16,6,14,0,0,0.359,2.0,
20251206,9,1,0,703,24,1200,1,16,2380,1270,510,400,7460,19750,10140,103900,1820,1120,820,4,3,1,2,6,13,7,14,15,16,10,5,8,12,11,9,0,0,0.348,1.6,
20251206,9,3,0,703,18,1600,1,17,890,180,140,110,1780,3850,1020,10160,500,340,190,9,3,13,8,2,1,7,16,4,6,5,15,12,14,17,11,10,0,0.153,9.8,
20251206,9,9,0,5,17,1200,1,8,210,110,110,110,290,570,330,1240,130,170,200,3,4,2,1,6,7,5,8,0,0,0,0,0,0,0,0,0,0,0.273,3.8,
20251206,6,7,2,5,24,1200,1,16,1520,200,110,220,870,3710,1970,20710,330,980,320,2,15,16,13,1,3,5,4,6,7,14,9,11,8,10,12,0,0,0.344,1.5,
20251206,6,3,0,703,18,1600,1,15,590,340,330,810,1490,3080,6190,28780,540,1290,1330,2,6,4,5,1,8,9,3,7,11,15,10,13,14,12,0,0,0,0.252,6.0,
20251206,6,2,0,703,24,1800,1,13,810,230,310,440,3280,7370,12250,68050,1050,1510,1620,6,5,1,3,9,7,2,4,11,8,13,12,10,0,0,0,0,0,0.203,9.6,
20251206,6,1,0,703,24,1200,1,15,170,110,240,690,720,1010,6870,21570,290,1530,3500,1,9,5,8,14,4,10,12,2,3,6,7,11,13,0,0,0,0,0.262,1.7,
20251206,6,9,0,5,17,2000,1,11,690,240,190,380,1730,3780,10340,45130,680,1590,1170,8,0,4,7,2,1,3,5,9,6,10,0,0,0,0,0,0,0,0.177,2.5,
20251207,9,2,0,703,24,1400,1,16,250,120,210,180,1200,2060,2060,8000,500,350,630,3,1,7,5,2,9,8,13,11,4,6,16,15,12,14,10,0,0,0.218,9.1,
20251207,6,8,2,10,24,1200,1,16,270,150,180,220,710,1160,2360,8110,320,540,890,1,3,6,15,8,2,12,5,14,4,11,13,10,16,9,7,0,0,0.313,2.7,
20251207,6,7,2,10,17,2500,1,11,290,160,130,490,450,880,4880,15600,280,2230,1300,1,2,6,11,3,5,8,10,9,4,7,0,0,0,0,0,0,0,0.345,2.9,
20251207,7,3,2,5,23,1800,1,14,360,160,300,150,3310,4730,3090,16890,1070,360,620,1,3,8,4,2,12,6,5,7,9,14,10,11,13,0,0,0,0,0.284,3.6,
20251207,7,2,2,5,23,1400,1,16,1550,430,260,370,3420,7960,13000,95690,1040,2360,980,4,2,6,8,7,11,9,5,1,3,15,12,16,10,13,14,0,0,0.241,2.0,
20251207,6,2,0,703,17,1800,1,16,520,160,190,220,1300,2150,3410,17580,510,590,950,4,1,3,8,9,2,14,6,5,11,16,7,13,15,10,12,0,0,0.247,5.1,
20251207,7,6,2,5,23,1400,1,16,550,210,200,930,1750,3420,31610,127310,640,5260,3690,2,5,1,9,6,3,4,8,13,14,10,11,12,15,7,16,0,0,0.191,5.0,
20251207,7,7,2,5,23,1200,1,14,740,290,540,590,4080,9890,21180,103400,1760,2040,3770,8,6,5,4,3,1,2,11,9,14,13,10,12,7,0,0,0,0,0.228,5.0,
20251207,7,8,2,5,11,1400,1,18,2260,650,320,570,14330,28470,78470,442000,4240,6140,3300,9,6,5,4,3,18,2,14,15,8,12,1,13,7,11,10,16,17,0.189,3.0,
20251207,7,9,2,10,23,1800,1,16,2550,560,280,240,8520,22020,13210,110090,2400,1990,840,11,2,6,3,14,13,1,8,16,7,4,5,10,12,9,15,0,0,0.250,4.6,
20251207,7,12,2,5,11,2200,1,10,660,240,550,250,7860,12750,12780,94060,2090,740,2090,4,3,5,8,1,6,2,7,10,9,0,0,0,0,0,0,0,0,0.224,4.5,
20251207,9,1,0,703,24,1800,1,10,590,150,110,240,410,1070,1450,8100,220,600,390,6,2,4,8,10,9,7,1,3,5,0,0,0,0,0,0,0,0,0.274,4.0,
20251207,6,9,2,16,18,1200,1,12,1070,260,140,210,1470,4190,3840,23320,630,1440,440,3,8,2,4,7,11,9,1,5,6,12,10,0,0,0,0,0,0,0.188,10.6,
20251207,9,3,0,703,17,1400,1,18,620,240,160,440,890,1890,5090,24570,530,2010,1420,13,5,2,7,3,18,8,11,1,12,10,9,6,4,17,15,16,14,0.156,3.7,
20251207,9,4,0,703,17,2000,1,8,770,190,260,120,4030,6540,3260,22890,970,400,520,4,3,5,6,1,2,7,8,0,0,0,0,0,0,0,0,0,0,0.232,2.6,
20251207,7,4,0,703,11,1600,1,14,250,140,180,390,720,1210,3280,9550,310,800,1070,1,7,2,6,5,8,13,9,3,4,10,12,11,14,0,0,0,0,0.311,2.5,
20251207,9,9,2,10,24,1800,1,13,460,230,380,810,2760,5200,20050,79180,890,2150,4450,1,5,12,10,6,3,2,4,13,11,7,9,8,0,0,0,0,0,0.217,4.6,
20251207,9,10,2,16,18,1800,1,18,800,330,300,470,4750,8020,30250,125540,2080,2990,2380,16,3,2,7,13,10,12,1,9,4,5,6,14,11,8,15,17,18,0.152,15.8,
20251207,9,11,2,999,24,1200,1,16,340,160,290,290,1700,2930,6620,23870,720,720,2320,1,3,12,8,7,13,16,6,10,4,9,11,14,15,5,2,0,0,0.221,3.4,
20251207,9,12,2,10,17,1400,1,17,400,200,1370,350,18220,27590,46540,276440,6410,1190,5920,15,1,16,6,3,14,9,7,10,13,17,11,2,8,4,12,5,0,0.174,10.8,
20251207,9,8,2,10,18,1800,1,8,800,200,160,360,1340,3500,4420,30180,410,1440,560,2,6,1,4,3,7,5,8,0,0,0,0,0,0,0,0,0,0,0.261,2.9,
20251207,6,12,2,5,24,1800,1,16,160,110,170,250,440,580,1430,4030,240,390,770,1,16,5,2,6,4,12,7,3,8,9,11,15,14,10,13,0,0,0.435,1.6,
20251207,6,11,2,999,18,1200,1,16,420,180,270,140,2460,4150,3080,19770,720,420,890,5,2,3,1,4,8,10,13,7,11,6,9,16,15,14,12,0,0,0.174,4.0,
20251207,6,10,2,16,24,1800,1,16,250,120,290,340,1510,2860,5180,25000,660,660,1930,8,1,2,4,9,13,10,12,3,15,7,14,6,5,11,16,0,0,0.338,4.6,
20251207,7,10,2,10,11,1600,1,13,450,190,280,160,2190,3790,4260,21870,900,550,780,2,7,1,12,4,3,5,6,8,11,9,13,10,0,0,0,0,0,0.168,9.3,
20251207,7,11,2,999,23,1800,1,16,730,250,230,320,2300,4160,8700,36790,910,1680,1010,13,2,1,8,7,11,15,6,4,3,5,12,9,10,16,14,0,0,0.239,2.2,
20251207,9,7,2,5,24,1200,1,11,290,130,150,190,590,930,1410,6260,260,350,540,11,1,8,10,6,2,9,7,4,3,5,0,0,0,0,0,0,0,0.197,19.5,
20251213,6,11,2,16,17,1800,1,16,2900,660,320,180,12520,30120,14210,158580,3110,2040,820,3,7,2,5,11,13,15,16,8,4,1,12,10,6,14,9,0,0,0.169,3.2,
20251213,7,11,2,999,11,2000,1,18,540,180,380,320,3040,5970,11540,55460,850,830,2560,4,7,6,1,8,2,3,5,14,16,13,17,10,9,11,12,0,15,0.194,5.0,
20251213,7,6,2,5,23,1800,1,16,3290,760,160,150,4310,9610,8030,58640,1900,2100,340,13,2,3,10,6,8,5,9,7,15,16,4,1,11,14,12,0,0,0.142,7.6,
20251213,7,2,2,5,23,1200,1,16,2050,450,160,480,2860,7470,13270,90910,980,2760,1210,2,1,11,7,8,10,6,12,14,9,13,3,4,16,15,5,0,0,0.177,3.2,
20251213,6,9,0,5,18,1200,1,13,1050,290,200,180,3620,8360,5700,44120,1200,970,630,4,1,8,5,3,10,2,9,11,13,7,6,12,0,0,0,0,0,0.212,17.0,
20251213,6,8,2,10,24,1800,1,15,330,150,340,130,3150,4370,2250,15320,780,230,870,1,3,2,11,9,5,10,13,0,14,7,6,4,12,8,0,0,0,0.206,3.3,
20251213,9,12,2,10,18,1800,1,10,740,450,360,670,1670,4170,4910,25350,470,900,790,4,2,5,3,7,1,10,8,9,6,0,0,0,0,0,0,0,0,0.339,1.7,
20251213,9,11,2,999,18,1600,1,13,230,120,140,370,460,820,2480,7460,210,890,970,4,2,1,8,12,11,13,9,6,3,7,5,10,0,0,0,0,0,0.243,5.7,
20251213,9,10,2,10,24,2000,1,14,4010,680,140,160,4760,14730,4690,62020,1540,1470,300,7,2,3,4,6,9,8,13,1,5,11,14,10,12,0,0,0,0,0.284,4.2,
20251213,9,9,0,5,17,2000,1,9,750,160,110,110,630,1760,630,5110,250,360,170,1,4,5,2,3,8,9,6,7,0,0,0,0,0,0,0,0,0,0.323,7.5,
20251213,9,8,2,5,24,1400,1,16,270,120,130,150,480,990,760,3470,170,270,290,2,3,0,1,4,9,8,15,6,14,5,13,7,10,11,12,0,0,0.249,3.1,
20251213,9,3,0,703,17,1200,1,14,370,160,230,1040,1370,2690,17860,69580,620,2820,3530,10,9,8,1,11,12,14,3,7,5,2,13,6,4,0,0,0,0,0.192,7.6,
20251213,9,1,0,703,24,1400,1,15,370,190,190,1170,1170,2240,16070,53560,550,3170,3510,1,13,7,4,12,6,8,15,11,2,3,14,9,10,5,0,0,0,0.302,3.7,
20251213,6,3,0,703,18,1600,1,16,280,140,220,460,1540,2280,7140,22350,470,950,1970,4,1,3,6,11,15,2,7,5,16,12,10,9,8,14,13,0,0,0.226,2.2,
20251213,7,10,2,10,23,1800,1,16,460,190,290,550,2600,4660,11160,61190,810,1250,2850,4,1,2,14,6,3,7,12,10,9,11,15,5,13,16,8,0,0,0.189,2.1,
20251213,7,9,0,5,11,1400,1,11,5150,790,250,150,12290,38310,12500,204380,2610,2330,550,9,3,8,7,6,5,2,4,11,1,10,0,0,0,0,0,0,0,0.247,2.8,
20251213,7,8,2,5,23,1400,1,16,570,250,280,160,5140,6890,7220,39080,1600,830,830,3,4,2,13,14,8,1,10,11,6,9,5,7,16,12,15,0,0,0.246,4.3,
20251213,7,7,2,5,11,2200,1,18,290,130,160,470,850,1520,6930,22810,370,1180,1860,5,1,13,12,2,7,11,14,6,4,3,16,10,9,18,8,17,15,0.177,13.3,
20251213,7,4,0,703,11,1600,1,13,210,130,220,410,1050,1440,5260,16590,330,570,1880,4,1,3,5,12,2,7,11,6,9,13,10,8,0,0,0,0,0,0.233,3.4,
20251213,7,3,2,5,23,1900,1,12,160,110,180,240,510,660,1520,4250,250,400,1010,1,5,2,3,4,8,6,9,10,7,11,12,0,0,0,0,0,0,0.404,1.6,
20251213,7,1,0,703,23,1800,1,14,200,110,150,160,550,760,960,2800,250,290,460,4,3,1,2,5,11,6,7,9,8,12,10,13,14,0,0,0,0,0.372,3.7,
20251213,6,12,2,10,24,1200,1,13,170,110,210,1110,500,740,9340,22000,290,1820,6090,1,12,6,2,4,11,13,9,7,5,8,3,10,0,0,0,0,0,0.469,1.7,
20251213,7,12,2,5,11,1200,1,18,1400,470,4170,430,83760,143220,297370,2118230,21940,2110,22610,7,6,17,10,13,11,5,1,3,9,4,14,15,8,12,18,2,16,0.153,6.9,
20251213,9,7,0,703,17,2000,1,8,820,180,520,110,9010,19980,3140,49700,2060,270,690,3,7,5,4,1,6,2,8,0,0,0,0,0,0,0,0,0,0,0.276,1.5,
20251213,6,2,0,703,24,1800,1,16,280,130,240,150,1650,2440,1810,9000,620,290,790,1,3,5,9,4,11,13,12,2,10,16,6,15,7,8,14,0,0,0.223,2.8,
20251213,6,4,0,703,24,1800,1,16,370,170,280,260,2370,3590,6640,28240,850,770,1310,3,6,10,2,4,1,15,7,5,9,12,8,11,14,16,13,0,0,0.219,11.0,
20251213,6,7,2,5,24,1200,1,16,1370,380,280,230,5240,12260,10700,88800,2080,1650,810,2,3,8,5,16,1,9,4,6,7,13,11,10,12,14,15,0,0,0.200,11.2,
20251213,6,10,2,16,24,1200,1,15,2030,470,530,400,19570,35010,57600,475770,4510,2570,3960,8,13,5,4,3,15,10,1,6,9,7,14,11,2,12,0,0,0,0.231,2.3,
20251214,7,8,2,5,23,1400,2,16,500,210,160,800,690,1680,8370,39310,380,2510,1810,2,8,4,1,6,11,12,9,7,5,10,14,3,15,16,13,0,0,0.294,2.8,
20251214,7,10,2,10,11,2200,2,10,470,140,110,170,490,1560,1110,6920,190,530,310,2,9,8,3,4,5,1,6,7,10,0,0,0,0,0,0,0,0,0.330,1.7,
20251214,7,11,2,16,11,1200,2,10,1460,380,310,480,3870,9270,14370,101350,1180,1860,1430,6,8,2,4,9,1,5,3,7,10,0,0,0,0,0,0,0,0,0.240,1.9,
20251214,7,12,2,5,11,1600,2,16,660,230,170,610,1740,3410,13920,69480,650,2900,1880,5,2,1,9,13,4,12,6,3,14,7,11,8,10,15,16,0,0,0.219,5.7,
20251214,9,1,0,703,24,1800,2,11,360,120,120,380,350,820,3590,13090,180,1240,1270,1,2,5,9,3,11,7,4,8,6,10,0,0,0,0,0,0,0,0.265,3.6,
20251214,9,2,0,703,24,1400,2,16,540,170,110,1000,570,1720,8430,45280,240,4030,2580,2,1,9,10,16,5,6,8,11,4,12,15,7,3,14,13,0,0,0.164,1.7,
20251214,9,3,0,703,18,1800,2,11,150,110,170,200,480,650,1040,3110,210,280,660,1,4,2,6,9,8,10,3,5,7,11,0,0,0,0,0,0,0,0.269,1.5,
20251214,9,6,0,5,24,1200,1,7,220,120,130,0,230,480,560,1930,150,310,400,1,2,3,4,7,6,5,0,0,0,0,0,0,0,0,0,0,0,0.294,2.2,
20251214,9,8,2,10,24,1200,1,11,1690,380,290,890,10950,22160,88170,387530,2910,6760,3870,8,6,11,4,10,2,1,7,3,5,9,0,0,0,0,0,0,0,0.274,3.3,
20251214,9,9,2,16,17,2200,1,15,330,160,190,160,1940,3130,3370,15530,610,450,610,5,1,4,3,2,11,8,7,9,6,14,12,10,15,13,0,0,0,0.392,2.8,
20251214,9,11,0,999,18,1600,1,18,500,200,230,260,2020,3710,6470,30180,710,830,780,5,2,8,1,12,15,6,3,4,16,11,14,7,10,17,9,13,18,0.192,2.6,
20251214,9,12,2,10,18,1600,1,10,550,150,160,130,1370,3240,1210,9710,440,280,310,3,5,1,4,2,6,10,9,7,8,0,0,0,0,0,0,0,0,0.257,3.0,
20251214,6,11,2,999,24,1200,2,16,320,160,210,390,840,1390,3560,12330,410,860,1060,7,1,11,3,15,16,4,14,2,10,9,6,8,5,13,12,0,0,0.242,8.6,
20251214,6,2,0,703,18,1200,1,16,470,180,330,270,5070,8290,16800,78610,1320,1190,2240,4,2,1,8,14,5,13,3,6,11,9,7,12,10,16,15,0,0,0.234,1.9,
20251214,6,10,2,999,24,1800,2,16,450,200,290,380,1870,3650,12190,41980,710,1420,2400,6,1,7,8,11,9,16,10,2,3,13,12,5,4,14,15,0,0,0.171,2.7,
20251214,7,4,0,703,11,2000,2,13,390,150,260,130,3520,4930,1720,15470,780,220,530,1,4,3,10,8,6,2,5,13,12,11,9,7,0,0,0,0,0,0.279,3.9,
20251214,7,9,2,5,23,1800,2,12,350,160,180,1100,690,1490,11010,32570,320,2670,3320,6,9,1,2,7,4,5,10,11,3,8,12,0,0,0,0,0,0,0.223,6.2,
20251214,9,7,2,5,24,1800,1,12,270,130,240,740,1420,2160,20130,73720,470,1670,6110,1,10,6,2,4,12,3,5,8,9,7,11,0,0,0,0,0,0,0.331,2.7,
20251214,9,10,2,16,24,2000,1,16,3010,790,540,710,30290,58990,149420,952200,6380,6980,3780,16,8,4,6,11,2,9,1,5,3,10,13,7,15,12,14,0,0,0.160,2.1,
20251214,7,7,2,5,23,1800,2,15,1940,430,170,190,3520,8330,7860,55050,1090,2270,590,2,3,15,5,6,9,8,1,4,12,11,10,7,14,13,0,0,0,0.231,3.7,
20251214,7,6,2,5,11,2000,2,18,330,180,350,300,2310,3440,8950,33930,980,1130,2000,1,11,8,12,3,14,5,6,2,13,7,17,9,10,15,4,16,18,0.222,3.3,
20251214,6,9,2,10,17,1800,2,12,700,260,410,230,5590,9120,13130,78710,1990,1350,1690,12,9,5,3,4,1,2,7,8,6,10,11,0,0,0,0,0,0,0.207,17.1,
20251214,7,3,2,5,23,1200,2,16,260,170,170,400,750,1340,4380,13300,340,1310,1240,6,2,4,1,5,13,16,10,3,15,9,8,11,7,14,12,0,0,0.149,14.9,
20251214,6,3,0,703,17,2000,2,18,510,230,3280,420,24410,34610,65120,293480,6240,880,15860,15,6,14,5,1,7,4,10,11,3,8,18,2,12,16,17,13,9,0.193,5.7,
20251214,6,7,0,5,24,1800,2,16,4080,740,1770,200,98420,267050,93770,1419800,19640,1950,4010,6,4,8,3,11,9,16,15,7,1,12,10,5,13,14,2,0,0,0.185,37.6,
20251214,6,8,2,5,24,2500,2,14,1200,270,210,1520,3400,7920,50590,275200,1000,6770,3340,5,2,6,11,9,1,4,8,10,7,3,14,13,12,0,0,0,0,0.265,3.0,
20251214,6,12,2,5,17,1800,2,16,3050,880,320,350,16490,38950,57540,355540,5560,6360,2110,8,7,13,12,3,9,2,6,15,1,11,14,9,4,16,5,0,0,0.279,3.5,
20251214,7,2,0,703,23,1400,2,13,1740,580,240,280,5720,11930,18690,129780,1770,2750,1370,4,3,10,7,1,2,12,5,9,8,6,13,11,0,0,0,0,0,0.173,4.0,
20251220,9,8,2,5,24,1200,1,13,610,180,130,530,740,1850,4590,25800,330,2010,790,2,6,1,10,8,5,4,3,9,11,13,7,12,0,0,0,0,0,0.435,2.4,
20251220,6,1,0,703,24,1200,1,16,330,150,320,180,2670,3810,3710,20240,900,350,1460,4,1,3,14,6,5,2,15,13,16,9,12,11,8,10,7,0,0,0.388,2.5,
20251220,6,2,0,703,24,1800,1,16,800,270,1510,210,27810,51960,31430,233030,6800,730,4980,6,10,4,9,11,12,3,1,5,16,8,13,7,2,14,15,0,0,0.175,5.2,
20251220,6,8,2,5,24,1200,1,16,420,160,110,240,380,820,1250,5430,240,780,370,2,1,9,5,6,7,8,13,15,16,3,4,14,12,10,11,0,0,0.442,1.7,
20251220,6,10,2,10,24,2400,1,16,260,160,330,470,2080,3010,9550,33440,940,1000,2720,6,1,4,2,3,12,8,14,11,9,7,5,16,10,15,13,0,0,0.298,3.9,
20251220,6,11,2,999,18,1600,1,16,1050,350,380,540,5840,10840,25530,143360,1930,2950,2570,12,10,2,8,4,14,9,3,13,11,6,5,7,1,15,16,0,0,0.189,3.6,
20251220,6,12,2,10,24,1200,1,16,1220,280,200,280,3490,10610,8940,66060,1090,1280,1070,5,2,4,6,10,12,9,1,8,3,16,11,7,14,15,13,0,0,0.282,2.7,
20251220,7,1,0,703,23,1200,2,16,260,150,280,1960,1470,2210,28320,98530,600,5730,8420,9,4,1,8,12,2,6,7,5,13,10,11,16,14,3,15,0,0,0.201,5.5,
20251220,7,3,2,5,23,1900,2,16,680,190,150,310,1110,2630,5140,24820,430,1380,980,2,6,4,1,7,10,3,8,9,11,14,16,5,13,15,12,0,0,0.280,3.8,
20251220,7,4,0,703,11,1600,2,16,290,150,150,1180,570,1110,17350,54560,300,4400,4840,1,15,2,7,12,4,8,14,6,16,3,10,5,9,13,11,0,0,0.187,2.9,
20251220,7,5,0,703,11,2000,2,18,570,200,240,660,2510,5490,24660,90030,870,1910,3710,9,1,4,10,2,5,7,13,14,8,11,12,3,15,6,16,17,18,0.211,2.0,
20251220,7,7,2,5,23,1400,2,16,1860,440,190,140,3660,10800,3800,37120,1110,970,350,3,4,8,6,1,5,2,9,13,12,10,7,0,11,14,15,0,0,0.215,2.6,
20251220,7,8,2,5,11,2000,2,16,910,340,280,2140,4130,10080,114130,389710,1190,9280,9950,16,2,5,13,8,10,4,11,7,15,3,1,6,12,14,9,0,0,0.318,114.8,
20251220,7,9,0,999,11,1200,2,9,920,210,140,520,930,2510,4780,27550,370,1860,940,6,2,8,1,9,3,4,5,7,0,0,0,0,0,0,0,0,0,0.365,3.6,
20251220,7,12,2,5,11,1400,2,18,500,220,290,200,3220,5790,7300,50510,1180,780,1000,1,16,12,3,9,4,10,17,14,11,6,2,5,7,13,18,15,8,0.179,5.0,
20251220,9,1,0,703,24,1400,1,16,1380,330,190,140,6750,12570,4860,46780,1710,740,420,3,7,11,2,5,14,10,9,6,4,15,1,8,16,12,13,0,0,0.373,2.4,
20251220,9,2,0,703,17,2000,1,16,150,110,140,110,710,920,450,1990,220,130,310,3,1,2,6,14,5,8,13,4,10,9,11,12,7,16,15,0,0,0.272,3.3,
20251220,9,3,0,703,18,1600,1,18,350,150,200,150,700,1290,1980,6570,530,350,530,2,17,16,2,4,9,7,6,5,13,1,11,18,8,10,15,12,14,0.154,8.0,
20251220,9,7,2,5,24,1800,1,16,150,110,320,140,1510,1870,1350,7370,510,220,860,1,4,7,2,3,5,13,11,6,14,15,12,10,9,16,8,0,0,0.250,1.5,
20251220,9,10,2,10,18,2400,1,8,330,110,110,110,460,970,180,1530,150,140,120,2,3,1,5,4,8,7,6,0,0,0,0,0,0,0,0,0,0,0.293,2.7,
20251220,9,11,2,999,17,1200,1,16,1060,330,830,230,21490,37780,43590,283330,4630,1300,2860,0,4,13,14,1,5,6,15,9,12,10,8,3,2,10,7,0,0,0.260,0.0,
20251220,9,12,2,10,17,1200,1,16,360,160,2670,200,32580,43610,35060,270250,7450,350,11900,16,1,3,10,11,15,13,8,7,5,14,6,2,9,4,12,0,0,0.272,7.2,
20251220,6,3,0,703,17,1800,1,16,260,120,110,540,250,510,2640,8590,160,1390,1050,2,1,10,4,11,14,9,6,12,13,3,8,5,15,7,16,0,0,0.239,2.0,
20251220,6,9,0,5,18,1600,1,12,180,120,240,210,860,1100,1790,5010,350,420,910,1,8,5,2,7,3,9,11,10,6,4,12,0,0,0,0,0,0,0.230,1.8,
20251220,7,2,2,5,23,1400,2,16,710,230,360,610,3490,6450,18410,89700,1280,1900,3000,2,8,10,5,6,15,3,11,1,14,13,12,9,7,4,16,0,0,0.216,11.5,
20251220,7,6,2,5,23,1800,2,16,430,190,250,500,2320,3570,14430,52660,1000,1730,2510,1,9,10,4,5,3,13,15,11,2,7,8,12,14,16,6,0,0,0.358,4.3,
20251220,7,10,2,10,23,1400,2,16,3390,620,580,150,27050,48620,32260,251550,5240,1550,1710,1,4,13,3,15,5,10,8,16,2,12,11,6,14,7,9,0,0,0.287,33.9,
20251220,7,11,2,16,23,1800,2,11,230,130,370,120,4160,5850,2150,16450,1050,190,990,2,1,3,11,5,9,4,8,7,6,10,0,0,0,0,0,0,0,0.250,26.4,
20251220,9,9,0,999,24,1800,1,10,1500,320,140,160,2680,5860,4700,34150,870,1280,370,3,7,8,2,10,1,9,5,6,4,0,0,0,0,0,0,0,0,0.216,6.1,
20251221,6,3,0,703,17,1800,3,15,550,200,140,330,1070,2520,5030,24990,420,1630,1210,2,7,12,4,1,5,3,13,6,9,8,10,14,11,15,0,0,0,0.312,3.5,
20251221,7,3,2,5,23,1800,2,16,240,130,210,200,740,1190,1090,4450,350,330,650,1,7,6,14,16,5,4,3,8,2,11,15,9,12,13,10,0,0,0.266,2.4,
20251221,7,10,2,10,11,2000,2,10,550,180,140,300,810,2030,3970,22360,340,1070,860,2,4,1,6,10,3,7,8,9,5,0,0,0,0,0,0,0,0,0.212,3.1,
20251221,9,9,2,16,24,1400,3,16,3210,470,290,110,22420,57970,9910,167060,4050,990,580,3,2,11,6,12,13,7,10,5,4,1,16,14,15,8,9,0,0,0.195,1.7,
20251221,7,6,2,5,11,1600,2,16,310,170,320,790,1970,2990,19410,67800,900,2170,4260,1,14,5,7,11,15,4,6,2,9,3,16,10,8,12,13,0,0,0.268,3.1,
20251221,7,7,2,5,23,1200,2,16,530,200,370,170,5870,11330,4920,35290,1670,510,870,12,1,16,9,4,3,5,7,6,11,8,15,2,14,13,10,0,0,0.136,8.9,
20251221,7,8,2,5,11,1600,2,16,1280,300,160,210,2310,6000,4370,37710,740,850,600,5,1,3,10,6,2,8,15,11,9,16,4,13,7,12,14,0,0,0.206,2.8,
20251221,7,11,2,999,23,1400,2,16,320,170,180,860,1000,1730,23300,54890,520,3220,3750,1,6,16,7,10,8,15,4,2,3,5,9,13,11,12,14,0,0,0.177,3.2,
20251221,7,12,2,10,11,1400,2,18,830,320,360,820,4810,8870,51890,251570,1770,5990,4170,14,9,1,2,15,4,7,6,5,11,17,12,18,13,3,8,10,16,0.149,14.8,
20251221,6,7,0,703,18,1600,3,16,370,170,160,600,650,1100,3340,10970,320,1210,1170,6,1,2,9,8,4,3,10,15,7,5,11,14,13,16,12,0,0,0.200,3.6,
20251221,6,11,2,999,17,1800,3,16,730,260,220,210,2850,5090,6230,34590,1020,1050,810,5,3,2,6,10,11,13,14,4,1,9,16,7,15,8,12,0,0,0.247,2.7,
20251221,6,12,2,10,18,1600,3,16,460,190,180,590,1470,3050,13420,56320,580,3110,2410,4,16,6,2,8,9,1,7,3,10,5,11,13,15,14,12,0,0,0.176,9.4,
20251221,6,2,0,703,24,1800,4,16,7190,910,470,150,40560,118180,27340,496480,8940,2280,1080,8,7,3,4,12,9,15,13,16,10,5,11,2,14,1,6,0,0,0.163,4.7,
20251221,9,1,0,703,24,1800,2,12,530,120,110,1020,260,1030,5030,30870,150,2690,1400,2,4,1,6,7,12,5,8,9,3,10,11,0,0,0,0,0,0,0.340,1.2,
20251221,9,2,0,703,24,1200,2,16,240,130,200,170,1040,1490,2370,8780,410,310,850,16,13,1,2,3,7,9,8,5,15,6,12,14,4,11,10,0,0,0.194,4.6,
20251221,9,3,0,703,18,1800,2,18,1790,470,340,170,6900,17470,8230,79130,2000,1020,740,5,2,13,3,7,1,10,11,4,8,9,17,12,15,6,18,14,16,0.212,3.0,
20251221,9,4,0,703,24,1800,2,12,11920,1910,270,290,15850,52160,13760,294060,2570,3450,360,8,4,2,3,12,10,7,11,9,1,5,6,0,0,0,0,0,0,0.206,6.2,
20251221,7,4,0,703,11,1400,2,18,1770,430,400,200,14710,27310,20490,198970,3380,1730,1370,12,3,4,0,10,2,9,5,7,6,11,13,1,16,8,14,17,15,0.151,29.0,
20251221,9,8,2,10,24,1800,3,15,350,200,2450,3180,26840,36930,744050,3008180,7340,12170,77510,9,4,6,1,14,8,10,7,5,11,2,15,13,12,3,0,0,0,0.365,5.7,
20251221,9,10,2,999,24,1800,3,16,1990,620,310,370,7640,14270,22560,136410,2350,3070,1490,9,4,3,7,5,1,12,6,15,16,10,2,14,13,8,11,0,0,0.217,4.2,
20251221,9,11,0,999,18,1600,3,14,360,140,210,130,1390,2280,1290,7510,490,230,560,1,5,3,2,11,4,14,10,12,8,7,6,13,9,0,0,0,0,0.177,3.6,
20251221,9,12,2,16,17,1400,3,14,250,150,190,350,630,990,2870,9260,330,740,1140,1,5,14,12,2,11,4,3,13,9,10,8,6,7,0,0,0,0,0.438,2.5,
20251221,7,9,0,5,23,1400,2,16,240,140,730,190,5690,7560,11180,49500,1730,440,3920,7,1,3,6,2,11,9,12,8,5,14,13,4,10,15,16,0,0,0.147,94.9,
20251221,7,1,0,703,23,1800,2,16,240,110,1070,260,8230,12720,16700,98890,2170,470,8480,3,5,1,6,15,2,8,10,7,12,9,4,16,14,13,11,0,0,0.242,13.1,
20251221,6,9,2,10,17,2000,3,11,320,150,370,180,2250,3600,4630,24530,860,450,1290,3,1,4,7,10,2,8,6,9,11,5,0,0,0,0,0,0,0,0.266,6.0,
20251221,6,10,2,16,24,1800,3,15,210,150,230,340,750,970,2870,7620,370,600,1280,1,2,9,15,6,8,3,12,5,14,6,4,11,13,10,0,0,0,0.256,2.1,
20251221,7,2,2,5,23,1200,2,16,340,150,210,1440,910,1660,12080,44620,400,2860,4950,8,1,2,6,4,11,16,5,3,7,14,10,9,13,12,15,0,0,0.233,6.0,
20251221,9,7,2,5,17,2200,3,18,540,230,370,470,4420,7340,15970,72610,1560,1750,2630,1,9,15,13,5,11,10,16,8,14,2,3,7,6,18,4,17,12,0.159,5.4,
20251227,9,7,2,5,18,1800,1,15,240,130,610,280,4820,5940,11970,48840,1470,610,4490,1,4,3,7,8,5,6,14,11,2,13,10,15,9,12,0,0,0,0.464,2.4,
20251227,6,1,0,703,24,1200,2,15,270,130,150,170,780,1620,1750,5960,380,390,630,1,12,7,3,4,15,11,5,2,10,6,13,14,9,8,0,0,0,0.352,2.7,
20251227,6,7,2,5,18,2200,1,18,260,150,170,760,670,1070,9480,26960,350,1840,3670,1,8,12,4,2,10,5,3,14,11,17,18,6,9,16,13,15,7,0.316,2.6,
20251227,6,2,0,703,24,1800,2,16,1160,300,120,140,1770,4680,2270,19550,650,1020,220,2,11,9,3,6,7,1,16,4,5,10,12,15,14,8,13,0,0,0.194,2.5,
20251227,6,9,2,10,18,1200,1,16,1800,520,4350,280,159030,307420,377220,3187510,30440,2040,20240,12,3,4,5,1,8,14,6,13,11,7,2,9,10,15,16,0,0,0.333,2.6,
20251227,9,4,0,703,18,1600,1,15,5180,720,140,170,5620,17730,6970,95750,1530,1820,350,5,2,8,10,13,9,11,4,3,7,1,6,15,14,12,0,0,0,0.260,4.0,
20251227,9,10,2,16,24,1800,2,16,420,170,540,240,10100,16650,12420,96810,2430,860,1890,1,6,4,11,7,9,13,5,3,10,2,15,14,8,16,12,0,0,0.167,4.2,
20251227,9,12,2,10,17,2000,1,9,180,110,110,510,230,380,3020,8140,160,1430,1290,1,2,9,8,4,5,3,7,6,0,0,0,0,0,0,0,0,0,0.426,1.8,
20251227,9,11,2,999,17,1400,1,16,710,200,110,210,670,1650,1840,9540,330,1000,360,11,2,1,3,6,7,9,12,5,4,13,16,10,8,15,14,0,0,0.283,6.4,
20251227,6,8,2,5,24,1800,2,16,360,140,140,470,570,1050,4630,14430,260,1170,1200,4,2,10,1,6,3,15,11,7,5,13,16,9,8,12,14,0,0,0.183,4.2,
20251227,9,9,0,5,17,1400,1,10,730,180,140,230,940,2450,2210,15850,350,720,500,6,2,8,1,3,5,10,9,7,4,0,0,0,0,0,0,0,0,0.136,4.9,
20251227,9,8,2,10,24,1400,2,16,370,180,340,500,2550,4040,12220,47140,920,1440,2380,8,9,13,2,1,4,3,6,15,10,11,16,5,12,14,7,0,0,0.185,12.3,
20251227,9,2,0,703,24,1800,2,11,380,400,600,490,2230,2940,8270,34900,730,710,1360,4,6,2,7,1,11,8,3,5,10,9,0,0,0,0,0,0,0,0.293,1.8,
20251227,6,12,2,16,17,2500,1,14,240,130,170,180,820,1150,1720,4950,390,370,620,1,6,4,2,8,3,5,9,10,13,7,12,11,14,0,0,0,0,0.345,2.4,
20251227,6,11,0,999,17,2000,1,16,1980,660,250,590,8310,19100,55140,368180,2380,6380,2790,2,5,7,14,10,1,4,9,8,12,13,3,6,11,16,15,0,0,0.203,6.4,
20251227,6,4,0,703,17,2000,1,18,700,270,780,2140,13190,21310,236370,1330400,2640,8750,20580,4,12,11,16,17,10,2,1,7,18,15,14,5,9,3,6,8,13,0.175,7.4,
20251227,6,3,0,703,24,1200,2,16,300,120,110,140,400,820,620,3060,200,290,310,1,2,9,6,12,3,5,7,4,8,16,10,14,13,11,15,0,0,0.263,3.0,
20251228,6,4,0,5,24,1200,1,11,2450,280,110,130,2140,6140,900,19370,510,460,180,2,10,9,3,6,5,1,7,8,4,11,0,0,0,0,0,0,0,0.305,2.2,
20251228,6,9,2,10,17,2500,1,14,360,160,110,210,510,1050,950,4730,250,440,410,1,2,3,4,13,10,12,6,8,5,7,11,9,14,0,0,0,0,0.324,3.6,
20251228,6,12,2,16,18,1600,1,16,260,120,150,180,260,410,1220,1830,250,350,470,1,2,2,6,9,8,14,11,4,10,7,5,12,13,15,16,0,0,0.329,2.6,
20251228,9,2,0,703,17,1400,1,17,150,110,180,1090,580,680,14730,27080,280,1630,8640,1,17,2,9,5,13,8,4,12,6,10,16,11,14,3,7,15,0,0.245,1.5,
20251228,9,3,0,703,18,1800,1,18,250,140,570,340,2860,4040,8540,34630,1010,650,3730,4,1,6,7,18,3,9,5,17,2,16,8,14,12,13,15,10,11,0.176,7.6,
20251228,6,1,0,703,24,1200,1,16,9670,1480,170,230,11200,38290,19250,245800,3160,7190,410,2,13,8,12,14,1,10,4,9,5,3,7,16,6,11,15,0,0,0.316,3.2,
20251228,6,2,0,703,24,1800,1,16,670,120,150,100,3110,6950,680,12400,460,160,220,3,6,1,2,4,7,13,8,12,16,11,10,14,9,5,15,0,0,0.241,1.3,
20251228,6,3,0,703,18,1200,1,16,1070,230,150,160,1820,4130,2730,19730,580,710,440,2,1,4,6,3,11,5,13,10,7,9,16,15,12,8,14,0,0,0.253,3.7,
20251228,6,7,2,5,24,1200,1,16,850,250,250,200,3110,6550,5010,32960,1020,690,830,4,7,3,9,11,5,2,1,12,10,14,15,13,6,8,16,0,0,0.332,4.1,
20251228,9,8,2,10,24,1800,1,13,460,150,160,130,990,1940,1420,7780,430,330,370,8,3,4,1,2,6,5,9,10,12,11,7,13,0,0,0,0,0,0.213,8.2,
20251228,9,9,2,10,18,1600,1,12,270,140,220,1060,1050,1710,14030,48030,460,2230,3950,1,5,2,4,10,9,8,7,12,11,6,3,0,0,0,0,0,0,0.222,2.7,
20251228,9,10,2,16,17,2000,1,11,140,110,250,250,1030,1290,4100,11250,420,460,2100,1,5,6,3,2,4,10,8,9,11,7,0,0,0,0,0,0,0,0.402,1.4,
20251228,6,8,2,10,24,1800,1,13,300,130,160,120,820,1270,650,3870,280,230,370,3,5,1,12,2,4,11,10,6,7,13,9,8,0,0,0,0,0,0.387,2.5,
20251228,9,11,2,999,24,1400,1,16,530,220,220,1060,1610,2980,17700,68220,570,3860,3190,1,12,5,4,3,8,14,6,11,2,15,10,7,13,16,9,0,0,0.177,5.3,
20251228,9,12,2,16,17,1200,1,10,400,130,150,120,1860,3410,1190,6680,330,230,440,1,6,10,3,2,7,3,5,8,9,0,0,0,0,0,0,0,0,0.223,4.0,
20251228,6,10,2,16,24,1200,1,16,2150,390,510,170,13050,28390,7700,107060,3180,790,860,3,4,12,7,10,15,13,5,6,2,14,16,1,8,9,11,0,0,0.155,3.1,
20251228,6,11,2,999,17,2500,1,16,380,170,1070,150,22520,29210,16580,131710,4150,310,3240,11,4,1,3,13,16,12,9,7,8,14,2,5,6,15,10,0,0,0.237,50.3,
20251228,9,7,2,5,24,1400,1,16,590,230,110,210,680,1390,3240,14000,350,1340,410,2,14,1,6,4,9,3,10,15,16,8,12,13,7,5,11,0,0,0.220,2.0,
